Date,Symbol,Extreme_Return
2000-01-04,DRREDDY,0.0800265208022543
2000-01-04,RELIANCE,0.0800556217719508
2000-01-04,SHREECEM,-0.0756756756756756
2000-01-05,ONGC,0.0801258775114983
2000-01-06,BRITANNIA,0.0684754521963824
2000-01-06,GRASIM,0.0800727934485896
2000-01-06,ITC,0.0800055081244834
2000-01-07,BRITANNIA,0.079997454337173
2000-01-07,CIPLA,-0.079876092488107
2000-01-07,DRREDDY,-0.0797147242033041
2000-01-07,GRASIM,0.0800336983993259
2000-01-07,ITC,0.0800076501338773
2000-01-10,ASIANPAINT,0.075965776510241
2000-01-10,BRITANNIA,0.0750736593989394
2000-01-10,ITC,0.080042500442713
2000-01-11,BRITANNIA,-0.0640758605568955
2000-01-11,CIPLA,-0.0760013268098516
2000-01-11,SBIN,-0.0799628942486085
2000-01-12,CIPLA,0.0800089746466232
2000-01-12,IOC,0.0800834202294056
2000-01-13,CIPLA,0.0778211733421969
2000-01-17,HDFCBANK,0.0800846177092777
2000-01-17,HEROMOTOCO,0.0800218432327983
2000-01-17,ITC,-0.0790941355416595
2000-01-18,HDFCBANK,-0.0727476217123671
2000-01-19,DRREDDY,0.0800151687523702
2000-01-19,HDFCBANK,0.0802655401327701
2000-01-24,ASIANPAINT,0.0764353645649875
2000-01-25,ASIANPAINT,0.0791884816753927
2000-01-25,HDFCBANK,0.0800299177262526
2000-01-25,ITC,-0.0793740930027132
2000-01-27,INFY,-0.47618254497002
2000-01-27,ONGC,0.0800316957210776
2000-01-28,ITC,-0.0765872761122167
2000-02-02,SHREECEM,0.0806794055201698
2000-02-03,HDFCBANK,-0.0739754098360656
2000-02-07,DRREDDY,-0.0789953413003848
2000-02-07,HDFCBANK,0.0775278445075344
2000-02-07,ITC,0.0744787922358014
2000-02-08,GRASIM,0.0767479239217787
2000-02-09,ITC,0.0800524074680641
2000-02-10,ITC,0.0800024261539393
2000-02-11,HDFCBANK,-0.0780536246276067
2000-02-11,ITC,0.0800292036392227
2000-02-14,SHREECEM,-0.0798922800718133
2000-02-15,ITC,0.0792986971207978
2000-02-15,SHREECEM,-0.0741463414634145
2000-02-16,HDFCBANK,0.0801845342706502
2000-02-17,CIPLA,0.0799313157329897
2000-02-17,DRREDDY,0.0800101508120649
2000-02-17,GAIL,0.0799656061908855
2000-02-18,DRREDDY,0.0800241683729985
2000-02-18,GAIL,0.0804140127388535
2000-02-18,HINDUNILVR,0.0799080380739563
2000-02-21,GAIL,0.0803242446573324
2000-02-21,GRASIM,-0.0799826439109053
2000-02-21,HINDUNILVR,0.0800039793076006
2000-02-22,GAIL,0.0804911323328787
2000-02-22,GRASIM,-0.0795472409998427
2000-02-22,HDFCBANK,-0.0787634977768367
2000-02-22,HINDUNILVR,0.0800095797792965
2000-02-22,SHREECEM,-0.0722610722610722
2000-02-23,DRREDDY,0.0800067888662592
2000-02-23,HDFC,0.0800784441902271
2000-02-23,ITC,-0.0799426325294805
2000-02-24,GAIL,-0.0800477897252091
2000-02-24,HINDUNILVR,0.073316179283007
2000-02-25,GAIL,-0.0798701298701299
2000-02-25,HDFC,0.0800398066533978
2000-02-28,DRREDDY,0.0734608583828966
2000-02-28,GRASIM,0.0800065713816329
2000-02-28,ONGC,0.0801958983777164
2000-02-29,DRREDDY,-0.0715483677747829
2000-03-01,BRITANNIA,-0.0799672935404741
2000-03-01,CIPLA,-0.0799913005654633
2000-03-01,HDFC,0.0800348518795122
2000-03-01,HDFCBANK,0.0800276752767528
2000-03-02,BRITANNIA,-0.0799857803057234
2000-03-02,CIPLA,-0.0799962176729232
2000-03-02,DRREDDY,-0.0793713163064833
2000-03-02,GRASIM,0.0800933125972005
2000-03-02,HDFC,0.0800968076524144
2000-03-02,HDFCBANK,0.0800768737988468
2000-03-02,IOC,-0.07999098693105
2000-03-02,RELIANCE,-0.0790719696969697
2000-03-03,CIPLA,-0.0799629991263682
2000-03-03,DRREDDY,-0.0799900412576469
2000-03-03,HDFCBANK,0.080071174377224
2000-03-03,HINDUNILVR,-0.0795656185676769
2000-03-03,RELIANCE,-0.0798628963153385
2000-03-03,SHREECEM,-0.0776470588235292
2000-03-06,ITC,0.0800325757014881
2000-03-06,SHREECEM,0.079081632653061
2000-03-07,DRREDDY,0.0787530450669915
2000-03-07,GRASIM,-0.0790929950060737
2000-03-07,SHREECEM,-0.0791962174940896
2000-03-08,DRREDDY,-0.0720158074873857
2000-03-09,DRREDDY,-0.08
2000-03-09,HEROMOTOCO,0.0800521674326169
2000-03-09,SUNPHARMA,-0.6771196283391405
2000-03-10,CIPLA,0.0800421566452185
2000-03-10,DRREDDY,0.0798479087452472
2000-03-10,HEROMOTOCO,0.0763038353171181
2000-03-13,CIPLA,0.0800164346977556
2000-03-13,DRREDDY,0.0800290875688916
2000-03-13,SHREECEM,-0.0727532097004278
2000-03-14,CIPLA,0.0800323362974937
2000-03-14,DRREDDY,0.0800170098160812
2000-03-14,RELIANCE,0.078740157480315
2000-03-15,HINDUNILVR,0.0799992504169555
2000-03-15,RELIANCE,0.0800638686131387
2000-03-15,SHREECEM,0.0792682926829269
2000-03-16,CIPLA,-0.0757562586926287
2000-03-16,DRREDDY,-0.079345368866813
2000-03-16,ITC,-0.0775507807913585
2000-03-21,DRREDDY,0.079716410167733
2000-03-21,GRASIM,-0.07950974230044
2000-03-21,ITC,-0.0770063005154967
2000-03-22,DRREDDY,0.0800128122998078
2000-03-22,HEROMOTOCO,0.0800155262282356
2000-03-22,IOC,0.0800839832033595
2000-03-23,HDFCBANK,0.0737124258089221
2000-03-23,HEROMOTOCO,0.0800431277917543
2000-03-27,HEROMOTOCO,-0.0799669102440369
2000-03-27,RELIANCE,0.0800083125519535
2000-03-28,DRREDDY,-0.0799965155782688
2000-03-28,RELIANCE,0.0800461804887433
2000-03-29,DRREDDY,-0.0799772755965155
2000-03-29,HDFC,-0.0785073903561909
2000-03-30,RELIANCE,0.0799852561739771
2000-03-31,CIPLA,0.0785591929958127
2000-03-31,DRREDDY,0.0788473612901092
2000-03-31,GRASIM,0.076128806440322
2000-03-31,HDFC,0.0801154321835919
2000-03-31,RELIANCE,0.0800341296928326
2000-04-03,HDFC,0.0800254452926207
2000-04-03,HINDUNILVR,0.0800033161996351
2000-04-03,ITC,0.074920763369074
2000-04-04,DRREDDY,-0.0800012908639106
2000-04-04,HDFC,0.080103663564613
2000-04-04,HDFCBANK,-0.0799109852316407
2000-04-04,HINDUNILVR,-0.0796806632378904
2000-04-04,ITC,-0.0799874529485571
2000-04-04,RELIANCE,-0.0798843578819232
2000-04-05,HDFCBANK,-0.0798153034300791
2000-04-06,HDFCBANK,-0.0798088410991636
2000-04-06,RELIANCE,0.0790736145574855
2000-04-07,CIPLA,0.0793312143510254
2000-04-07,DRREDDY,0.0792618629173989
2000-04-07,GRASIM,0.077691619445273
2000-04-07,HDFCBANK,0.0799792261750194
2000-04-07,HEROMOTOCO,0.080012870703062
2000-04-07,HINDUNILVR,0.073710025505199
2000-04-07,RELIANCE,0.0800245285911391
2000-04-10,GRASIM,0.0801162308011622
2000-04-10,HDFCBANK,0.0800673238759317
2000-04-13,RELIANCE,-0.0798934753661784
2000-04-17,BRITANNIA,-0.0800034974206522
2000-04-17,DRREDDY,-0.0800012846452773
2000-04-17,HDFCBANK,-0.0799308705984014
2000-04-17,ITC,-0.0799970830598701
2000-04-17,ONGC,-0.07981220657277
2000-04-18,ITC,-0.0794229549778058
2000-04-19,ONGC,-0.0795974382433669
2000-04-24,CIPLA,-0.0775587126703392
2000-04-24,ITC,-0.0777314573562619
2000-04-26,DRREDDY,0.076064987562189
2000-04-26,HDFCBANK,0.0792379302879411
2000-04-26,HEROMOTOCO,0.0800122812404051
2000-04-26,ITC,0.0800233644859813
2000-04-26,RELIANCE,0.0780003011594638
2000-04-28,CIPLA,-0.0799814116796613
2000-05-02,BPCL,-0.1185860889395667
2000-05-02,CIPLA,-0.1199910203165338
2000-05-02,DRREDDY,-0.1199179121815224
2000-05-02,GRASIM,-0.0758280479210711
2000-05-02,HCLTECH,-0.1199935815147625
2000-05-02,HINDUNILVR,-0.0880733944954127
2000-05-02,SUNPHARMA,-0.1199891657638136
2000-05-02,WIPRO,-0.1199988171629653
2000-05-02,ZEEL,-0.1199638788552374
2000-05-03,HEROMOTOCO,-0.0840661641541039
2000-05-03,SUNPHARMA,0.10803324099723
2000-05-03,WIPRO,-0.1129238213649652
2000-05-04,BRITANNIA,0.0755268730462839
2000-05-04,CIPLA,0.0839507763675022
2000-05-04,HINDUNILVR,0.1024726091630641
2000-05-04,SUNPHARMA,0.1199999999999998
2000-05-04,WIPRO,0.1149497130518779
2000-05-04,ZEEL,0.1121128641789799
2000-05-05,BRITANNIA,0.0849428089255579
2000-05-05,GRASIM,-0.1192999357739241
2000-05-05,HCLTECH,0.111789879455098
2000-05-05,HINDALCO,0.0993377483443709
2000-05-05,MM,0.1064814814814814
2000-05-05,SUNPHARMA,0.1200396825396825
2000-05-05,WIPRO,0.1104372642951787
2000-05-08,GRASIM,-0.1199635369188696
2000-05-08,INFY,-0.1130282512257763
2000-05-08,ITC,-0.0780474840538624
2000-05-08,WIPRO,-0.1194027567426989
2000-05-10,ZEEL,-0.1193017174358612
2000-05-11,HCLTECH,-0.1199891473919825
2000-05-11,INFY,-0.0901951436357662
2000-05-11,MM,-0.1199388846447669
2000-05-11,WIPRO,-0.110161476759256
2000-05-11,ZEEL,-0.1199743198780194
2000-05-12,HCLTECH,-0.1086788962540465
2000-05-12,MM,-0.1124131944444444
2000-05-12,SUNPHARMA,-0.1037901606425701
2000-05-12,ZEEL,-0.1200072952763084
2000-05-15,HCLTECH,0.1018246281563473
2000-05-16,DRREDDY,0.103045155069902
2000-05-16,ITC,0.0781290378154877
2000-05-16,SUNPHARMA,0.0893562958780351
2000-05-17,GRASIM,0.0758261656858307
2000-05-18,BPCL,0.1202217683104756
2000-05-18,WIPRO,-0.1199948938343049
2000-05-19,SUNPHARMA,0.1093063019052271
2000-05-22,WIPRO,-0.1062936013802415
2000-05-23,ASIANPAINT,0.1075463802482912
2000-05-23,CIPLA,-0.1130689206762028
2000-05-24,ASIANPAINT,0.0787153652392946
2000-05-24,BPCL,0.120010573618821
2000-05-25,GRASIM,0.1155844155844154
2000-05-25,MM,0.1201224177505737
2000-05-26,BRITANNIA,0.0777603451657187
2000-05-26,GRASIM,0.1201008925106712
2000-05-26,HINDUNILVR,0.1192845164896589
2000-05-26,WIPRO,-0.11138695796094
2000-05-29,HDFC,0.1200082764328573
2000-05-30,HCLTECH,0.114529393847091
2000-05-30,ITC,0.1023862788963458
2000-05-30,ZEEL,0.1086439333862014
2000-05-31,BPCL,-0.1054006968641114
2000-05-31,HCLTECH,0.1200236858886762
2000-05-31,HDFC,-0.1199301020877402
2000-05-31,INFY,0.1167713161904915
2000-05-31,MM,0.0854775403401657
2000-06-01,BPCL,-0.1185491723466406
2000-06-01,MM,-0.1199276817999196
2000-06-02,HCLTECH,0.1200374281513165
2000-06-02,TATASTEEL,0.1203354297693919
2000-06-05,HCLTECH,0.1074511676015437
2000-06-05,ICICIBANK,0.1190821256038647
2000-06-06,WIPRO,0.113660062565172
2000-06-08,SUNPHARMA,0.1173814898419864
2000-06-14,ZEEL,-0.103578154425612
2000-06-16,CIPLA,0.0770057533034076
2000-06-20,DRREDDY,0.1194071366128903
2000-06-20,SUNPHARMA,0.1144932867390104
2000-06-21,CIPLA,-0.0832621234778894
2000-06-22,ONGC,0.0800751879699248
2000-07-04,CIPLA,0.1035938391329149
2000-07-04,HDFC,-0.1252050300710772
2000-07-04,SUNPHARMA,0.1038010406561422
2000-07-06,HINDUNILVR,-0.8990511238590035
2000-07-11,BPCL,0.1303095752339813
2000-07-12,CIPLA,-0.0800066075656626
2000-07-20,GRASIM,-0.0929940870811683
2000-07-24,DRREDDY,-0.0830802139037432
2000-07-24,GRASIM,-0.0845238095238095
2000-07-24,MM,-0.1544353842352359
2000-07-24,SBIN,-0.0823394495412843
2000-07-24,TATAMOTORS,-0.0930034129692832
2000-07-24,WIPRO,-0.1046307207851168
2000-07-26,HEROMOTOCO,-0.1204855974240709
2000-07-27,MM,0.1166711993472942
2000-07-31,TATAMOTORS,-0.110523786641038
2000-08-01,HEROMOTOCO,-0.0784208992910556
2000-08-01,MM,-0.0913731495661052
2000-08-02,ASIANPAINT,-0.4135775862068965
2000-08-02,GRASIM,0.075423893977782
2000-08-03,HDFCBANK,0.1270089285714284
2000-08-04,HINDUNILVR,0.0738874895046179
2000-08-08,HDFCBANK,0.0758928571428572
2000-08-08,INFY,0.1584845002174317
2000-08-17,GRASIM,-0.097404970760234
2000-08-17,MM,0.1072607260726072
2000-08-24,WIPRO,0.1017937139053308
2000-08-28,TATAMOTORS,0.0957112970711298
2000-09-12,ITC,0.0907239521744842
2000-09-13,HINDALCO,0.1201064458900058
2000-09-18,HDFCBANK,-0.0803865583132001
2000-09-19,HDFCBANK,0.1003104848340099
2000-09-19,ICICIBANK,0.1589403973509935
2000-09-20,ZEEL,0.1008689525598871
2000-09-25,WIPRO,0.1436817821500438
2000-09-29,BPCL,-0.091288616754801
2000-10-05,ICICIBANK,-0.1257570359814748
2000-10-06,ICICIBANK,-0.0912795436022819
2000-10-09,GRASIM,-0.1085858585858585
2000-10-10,HINDUNILVR,-0.0713592233009707
2000-10-11,HCLTECH,-0.0981147374822624
2000-10-18,WIPRO,-0.0922300180146014
2000-10-18,ZEEL,-0.1077080890973036
2000-10-19,WIPRO,0.1460427709742278
2000-10-23,ICICIBANK,-0.1215360253365003
2000-10-27,HCLTECH,0.1061001042752869
2000-10-30,HEROMOTOCO,-0.073289206789794
2000-11-01,BPCL,0.0968958514650422
2000-11-03,GRASIM,0.0754897276636406
2000-11-03,TATAMOTORS,0.1182934712346477
2000-11-15,ICICIBANK,0.1602119853240931
2000-11-27,TITAN,0.1
2000-11-28,ASIANPAINT,0.097375840381696
2000-11-28,TITAN,0.106951871657754
2000-11-30,HCLTECH,-0.5318538358523053
2000-12-01,WIPRO,0.0940797641216635
2000-12-08,ICICIBANK,0.1046093494606079
2000-12-11,HCLTECH,0.1129843012914701
2000-12-14,HCLTECH,-0.1036625677641147
2000-12-20,BPCL,-0.4971876255524307
2000-12-26,BPCL,-0.1077359254759011
2000-12-28,CIPLA,0.0895325872284398
2001-01-04,HCLTECH,0.139697322467986
2001-01-04,WIPRO,0.1057492303852232
2001-01-15,BPCL,0.1059822747415066
2001-01-19,HCLTECH,0.115185241652691
2001-01-19,WIPRO,0.1029189066404179
2001-01-19,ZEEL,0.1322658477736347
2001-02-02,BPCL,0.1295011562603236
2001-02-05,BPCL,0.114653407429073
2001-02-07,ITC,-0.101578077821455
2001-02-16,ICICIBANK,-0.1310759148006554
2001-02-23,TITAN,-0.1123448726322664
2001-02-26,ZEEL,-0.1016117729502452
2001-02-27,ZEEL,-0.1495059802392095
2001-02-28,GRASIM,0.0850594227504244
2001-02-28,HEROMOTOCO,0.1163959251101323
2001-02-28,HINDUNILVR,0.1142372059180207
2001-02-28,ICICIBANK,0.1449463763405916
2001-02-28,INFY,0.1077066418208438
2001-02-28,SBIN,0.0994178235557545
2001-03-01,HEROMOTOCO,0.1062950860102347
2001-03-01,ICICIBANK,0.1598069826852115
2001-03-01,INFY,-0.0927399005070773
2001-03-02,BPCL,0.1196185286103541
2001-03-02,HCLTECH,-0.1479071403447063
2001-03-02,INFY,-0.1240552376916013
2001-03-02,TATAMOTORS,-0.0979284369114877
2001-03-02,TITAN,-0.1269841269841269
2001-03-02,WIPRO,-0.1270296679764652
2001-03-02,ZEEL,-0.1599378881987577
2001-03-05,ZEEL,-0.1597042513863216
2001-03-07,HCLTECH,0.1513004980630881
2001-03-07,ZEEL,0.159700835899692
2001-03-09,TATAMOTORS,-0.1495124593716142
2001-03-09,WIPRO,-0.1138103981012941
2001-03-12,HCLTECH,-0.1350357065570223
2001-03-12,INFY,-0.0935355098881851
2001-03-12,WIPRO,-0.159983829808737
2001-03-13,HDFCBANK,-0.1161071143085531
2001-03-13,ICICIBANK,-0.1439610761305093
2001-03-13,ITC,-0.0805702700935189
2001-03-13,MM,-0.128810975609756
2001-03-13,ONGC,-0.07984246330111
2001-03-13,TATAMOTORS,-0.0940228341168569
2001-03-13,TATASTEEL,-0.1583933308071238
2001-03-13,TITAN,-0.0941054808686661
2001-03-13,WIPRO,-0.1591421782416459
2001-03-14,BPCL,-0.131441168365941
2001-03-14,GRASIM,0.1291229385307346
2001-03-14,HCLTECH,0.159599074787972
2001-03-14,HDFC,0.0879120879120878
2001-03-14,HDFCBANK,0.1028713542844224
2001-03-14,ICICIBANK,0.1143430290872618
2001-03-14,INFY,0.1262836492014838
2001-03-14,TATAMOTORS,0.1052631578947367
2001-03-14,TATASTEEL,0.1206663665015759
2001-03-14,WIPRO,0.1374302475318358
2001-03-14,ZEEL,0.1519450800915331
2001-03-15,HEROMOTOCO,-0.8006836544437539
2001-03-15,ICICIBANK,0.1209120912091208
2001-03-15,SUNPHARMA,0.0896797922977066
2001-03-15,ZEEL,0.1247516885180772
2001-03-16,ICICIBANK,-0.1081370449678801
2001-03-21,RELIANCE,0.0748627293424399
2001-03-29,BPCL,0.092775259930685
2001-03-30,HCLTECH,-0.1008147877903441
2001-03-30,ZEEL,-0.104776008885598
2001-04-02,DRREDDY,-0.0694639630596265
2001-04-02,SUNPHARMA,-0.0913607507590394
2001-04-06,DRREDDY,-0.1036271767571956
2001-04-10,HCLTECH,-0.1034250269687163
2001-04-10,RELIANCE,-0.0801959412176346
2001-04-10,ZEEL,-0.1598028863076382
2001-04-11,CIPLA,-0.0775076752730383
2001-04-11,HCLTECH,-0.1598736652128138
2001-04-11,INFY,-0.159990073274905
2001-04-11,WIPRO,-0.1599665380861643
2001-04-11,ZEEL,-0.1600335148722245
2001-04-12,HCLTECH,-0.1598639455782313
2001-04-12,INFY,-0.1101505162333622
2001-04-12,RELIANCE,-0.0829606784888202
2001-04-12,ZEEL,-0.1596009975062344
2001-04-16,WIPRO,0.160040351293615
2001-04-17,WIPRO,0.1043020103330094
2001-04-18,BPCL,0.1234842860678049
2001-04-18,DRREDDY,0.1027907693889087
2001-04-18,HCLTECH,0.1600764087870103
2001-04-18,INFY,0.1599986909495525
2001-04-18,WIPRO,0.1574022605151008
2001-04-18,ZEEL,0.1603773584905661
2001-04-19,BPCL,-0.0942731277533039
2001-04-19,HCLTECH,0.1600526922443603
2001-04-19,RELIANCE,0.1300427872860636
2001-04-19,ZEEL,0.1555555555555554
2001-04-20,CIPLA,0.0896057347670249
2001-04-25,HEROMOTOCO,0.1603086155165023
2001-04-26,HEROMOTOCO,0.1603250831178426
2001-04-26,MM,0.0873786407766989
2001-04-27,GRASIM,-0.1291572489505973
2001-04-27,HCLTECH,-0.1561038961038962
2001-04-27,INFY,-0.1159597773877074
2001-04-27,WIPRO,-0.1365982059363419
2001-04-27,ZEEL,-0.1580739299610895
2001-04-30,HCLTECH,0.1535857186826716
2001-04-30,HEROMOTOCO,-0.0796052631578947
2001-04-30,INFY,0.1417753082239221
2001-04-30,WIPRO,0.1368687071282441
2001-04-30,ZEEL,0.1380704794916234
2001-05-04,SUNPHARMA,0.1034639512682971
2001-05-11,ZEEL,0.1081344374086701
2001-05-17,HDFC,0.102273660018058
2001-05-21,SUNPHARMA,-0.0915363016446048
2001-05-21,TITAN,0.1064278187565859
2001-05-22,DRREDDY,0.0716532955796758
2001-05-22,SUNPHARMA,0.08866125044154
2001-05-30,ZEEL,-0.1122067324039441
2001-06-06,HEROMOTOCO,0.098798915149167
2001-06-15,INFY,-0.1042044886468281
2001-06-18,HDFCBANK,-0.0735294117647058
2001-06-22,HCLTECH,-0.1137142857142857
2001-06-25,HCLTECH,-0.1598968407479044
2001-06-25,WIPRO,-0.1349126003914423
2001-06-26,DRREDDY,0.1043095004897158
2001-06-26,ZEEL,0.1489361702127658
2001-07-03,AXISBANK,-0.0990990990990989
2001-07-03,INDUSINDBK,-0.5279279279279279
2001-07-03,INFY,-0.1179345715548294
2001-07-03,KOTAKBANK,-0.6116504854368932
2001-07-03,RELIANCE,-0.081555834378921
2001-07-03,SHREECEM,-0.0743550834597875
2001-07-09,SUNPHARMA,0.0897487437185928
2001-07-12,ICICIBANK,0.1095712429623212
2001-07-12,ZEEL,0.1166495375128469
2001-07-13,ONGC,0.093469910371319
2001-07-23,SHREECEM,-0.0934844192634559
2001-07-24,SHREECEM,0.125
2001-07-24,TATAMOTORS,0.108011444921316
2001-07-25,ZEEL,-0.1570652173913044
2001-07-26,BAJAUTOFIN,-0.0999999999999999
2001-07-26,BAJFINANCE,-0.0999999999999999
2001-07-31,ZEEL,0.2029808374733852
2001-08-01,DRREDDY,0.0846971086975822
2001-08-01,ZEEL,0.1687315634218289
2001-08-03,INDUSINDBK,-0.0946969696969697
2001-08-07,HCLTECH,-0.1246998284734133
2001-08-09,HCLTECH,-0.0995289780872414
2001-08-14,ZEEL,0.1487236403995562
2001-09-06,ITC,-0.0988089693259698
2001-09-07,HCLTECH,0.1544794188861986
2001-09-12,BPCL,-0.0992438563327032
2001-09-12,KOTAKBANK,-0.1220930232558139
2001-09-14,CIPLA,-0.0906556234367952
2001-09-14,HCLTECH,-0.1368421052631578
2001-09-14,HDFC,-0.0853838220126713
2001-09-14,HDFCBANK,-0.071509906627192
2001-09-14,ICICIBANK,-0.1044477761119441
2001-09-14,KOTAKBANK,-0.1496688741721854
2001-09-14,RELIANCE,-0.0998966586290044
2001-09-14,SHREECEM,-0.1045241809672385
2001-09-14,WIPRO,-0.1214528150040239
2001-09-17,AXISBANK,-0.108651911468813
2001-09-17,HCLTECH,-0.1704545454545454
2001-09-17,ICICIBANK,-0.1612723214285712
2001-09-17,INDUSINDBK,-0.1159420289855072
2001-09-17,INFY,-0.0999948403075177
2001-09-17,IOC,-0.105664925672961
2001-09-17,KOTAKBANK,-0.1495327102803738
2001-09-17,MM,-0.0978354978354978
2001-09-17,SBIN,-0.0996830884471334
2001-09-17,SHREECEM,-0.1602787456445992
2001-09-17,VEDL,-0.1110019646365422
2001-09-17,WIPRO,-0.1346184483033295
2001-09-18,HCLTECH,0.154026060808553
2001-09-18,HINDUNILVR,0.0834662413609783
2001-09-18,ICICIBANK,0.1117764471057882
2001-09-18,KOTAKBANK,0.1776556776556774
2001-09-19,KOTAKBANK,0.1119751166407465
2001-09-19,ZEEL,0.100058858151854
2001-09-21,HCLTECH,-0.1517094017094018
2001-09-21,HINDUNILVR,-0.0765755053507728
2001-09-21,INFY,-0.0999858262295746
2001-09-21,RELIANCE,-0.0969153814089204
2001-09-21,SBIN,-0.08
2001-09-24,HCLTECH,0.1241453760345447
2001-09-24,HEROMOTOCO,0.0761540723316671
2001-09-24,WIPRO,0.193752133834073
2001-09-25,BPCL,0.0894423009470362
2001-09-25,HCLTECH,-0.1901408450704225
2001-09-25,HDFC,0.0916815018611425
2001-09-26,HCLTECH,-0.1367588932806324
2001-09-26,RELIANCE,0.0994675701839302
2001-09-27,HCLTECH,0.1291208791208791
2001-09-27,WIPRO,-0.1142233856893543
2001-09-28,RELIANCE,0.0947455523376088
2001-10-03,WIPRO,-0.107710901619531
2001-10-10,HINDUNILVR,0.088089036230168
2001-10-11,INFY,0.1000019936601608
2001-10-11,ZEEL,0.1001977587343441
2001-10-15,DRREDDY,-0.4997841804251646
2001-10-16,HEROMOTOCO,0.0862611431567907
2001-10-22,CIPLA,-0.0774517007390758
2001-10-22,TATAMOTORS,0.1003257328990228
2001-10-24,DRREDDY,0.0789394697348675
2001-10-24,TITAN,0.1224489795918368
2001-10-25,BAJAUTOFIN,0.1214953271028036
2001-10-25,BAJFINANCE,0.1214953271028036
2001-11-01,ITC,0.078134110787172
2001-11-02,ITC,-0.0806517036235803
2001-11-06,HCLTECH,0.1030958821761347
2001-11-06,MM,0.0946674655482324
2001-11-06,TITAN,0.1661538461538461
2001-11-15,INFY,0.1000084609527032
2001-11-15,KOTAKBANK,0.1875000000000002
2001-11-15,WIPRO,0.1134933477166486
2001-11-19,DRREDDY,-0.099962508201331
2001-11-19,HEROMOTOCO,0.0816530245557995
2001-11-19,INFY,0.1000076917160219
2001-11-19,RELIANCE,0.0978241323502966
2001-11-22,HCLTECH,0.1137980085348506
2001-11-26,INFY,0.098888419867736
2001-11-26,VEDL,0.1145454545454545
2001-11-26,WIPRO,0.0979435604923446
2001-11-26,ZEEL,0.1003316749585405
2001-12-05,SHREECEM,0.1681614349775784
2001-12-05,WIPRO,0.105593571473413
2001-12-10,SHREECEM,0.09375
2001-12-10,TITAN,0.1183206106870231
2001-12-11,MM,0.0988310308182784
2001-12-19,SHREECEM,-0.0746887966804979
2001-12-27,GRASIM,-0.0785330948121645
2001-12-27,WIPRO,-0.1265372071452081
2001-12-31,SHREECEM,0.1728081321473951
2002-01-03,ZEEL,0.1000931098696462
2002-01-04,RELIANCE,0.0829819531118232
2002-01-07,KOTAKBANK,0.1650197628458498
2002-01-08,KOTAKBANK,0.1340118744698895
2002-01-14,KOTAKBANK,0.1164241164241162
2002-01-14,MM,0.0917874396135265
2002-01-14,SBIN,0.0826032540675845
2002-01-14,SHREECEM,0.0904925544100803
2002-01-17,MM,0.0874620829120322
2002-01-21,EICHERMOT,0.1203883495145632
2002-01-31,KOTAKBANK,0.2001563721657544
2002-02-01,EICHERMOT,0.0946843853820598
2002-02-01,TITAN,0.1122448979591836
2002-02-05,IOC,0.2001343183344526
2002-02-06,BPCL,0.1
2002-02-06,GAIL,0.0826600372902421
2002-02-06,INDUSINDBK,0.1022222222222222
2002-02-06,IOC,0.1846670397313934
2002-02-06,ONGC,0.137434955616774
2002-02-06,SBIN,0.1000462107208872
2002-02-07,BPCL,0.1000704721634953
2002-02-07,GAIL,-0.0838117106773822
2002-02-08,IOC,-0.1110829317778341
2002-02-11,EICHERMOT,0.1023316062176165
2002-02-13,ONGC,0.186800894854586
2002-02-14,ICICIBANK,0.1000957854406128
2002-02-14,KOTAKBANK,0.1601705237515225
2002-02-14,ONGC,0.1291234684260132
2002-02-15,ICICIBANK,0.1001306051371353
2002-02-15,INDUSINDBK,0.1007751937984495
2002-02-18,BAJAUTOFIN,0.140771637122002
2002-02-18,BAJFINANCE,0.140771637122002
2002-02-18,INDUSINDBK,0.1549295774647887
2002-02-18,ZEEL,0.1001715265866209
2002-02-20,EICHERMOT,0.1860744297719088
2002-02-21,KOTAKBANK,0.2001044932079414
2002-02-22,ICICIBANK,0.1001558846453622
2002-02-22,TATASTEEL,0.095837366892546
2002-02-25,TITAN,0.1798483206933911
2002-02-26,DRREDDY,0.0929050720347346
2002-02-28,INDUSINDBK,-0.1257668711656442
2002-02-28,SBIN,-0.099881329113924
2002-03-01,KOTAKBANK,0.1304147465437788
2002-03-01,ONGC,0.0810568741603223
2002-03-01,ZEEL,0.0997200839748075
2002-03-04,KOTAKBANK,0.2001630656339175
2002-03-05,KOTAKBANK,0.116508152173913
2002-03-06,INDUSINDBK,0.1245791245791245
2002-03-12,BAJAUTOFIN,0.1325556733828208
2002-03-12,BAJFINANCE,0.1325556733828208
2002-04-01,GAIL,0.1044678055190539
2002-04-01,IOC,0.1386039529647236
2002-04-01,ONGC,0.2000728199526671
2002-04-04,EICHERMOT,0.1878453038674032
2002-04-12,KOTAKBANK,0.1066465256797584
2002-04-16,KOTAKBANK,0.1452211126961482
2002-04-17,EICHERMOT,0.1234177215189873
2002-04-19,WIPRO,-0.0969340521701247
2002-04-30,EICHERMOT,0.1831223628691982
2002-05-02,BAJAUTOFIN,0.1804511278195488
2002-05-02,BAJFINANCE,0.1804511278195488
2002-05-06,BAJAUTOFIN,0.1698872785829308
2002-05-06,BAJFINANCE,0.1698872785829308
2002-05-08,EICHERMOT,0.1023890784982934
2002-05-10,EICHERMOT,-0.1697645600991326
2002-05-14,SHREECEM,0.107429718875502
2002-05-20,INDUSINDBK,-0.1189710610932476
2002-05-20,KOTAKBANK,-0.1129591129591129
2002-05-20,MM,-0.0940766550522648
2002-05-24,IOC,0.0803338549817422
2002-05-24,KOTAKBANK,0.1104150352388411
2002-05-24,TITAN,0.0987770460959549
2002-06-03,EICHERMOT,0.1520417028670722
2002-06-03,TATASTEEL,0.0853491556366956
2002-06-04,VEDL,0.1839721254355402
2002-06-05,SHREECEM,0.0780542986425338
2002-06-05,TITAN,0.2005012531328318
2002-06-06,BHARTIARTL,0.0918836140888208
2002-06-06,VEDL,0.1647761194029851
2002-06-10,INDUSINDBK,0.1118421052631577
2002-06-11,TATAMOTORS,0.1066098081023454
2002-06-11,ZEEL,0.1008869179600884
2002-06-18,VEDL,0.1556824078879086
2002-07-04,EICHERMOT,0.1161000641436817
2002-07-22,DRREDDY,-0.1323086047546088
2002-07-22,KOTAKBANK,-0.0970380818053595
2002-07-25,SHREECEM,-0.1120607787274453
2002-07-29,BAJAUTOFIN,-0.1275045537340619
2002-07-29,BAJFINANCE,-0.1275045537340619
2002-07-31,TITAN,0.1755725190839694
2002-08-19,IOC,0.0886987843313822
2002-09-09,BPCL,-0.2015779092702169
2002-09-09,WIPRO,0.1868989144343089
2002-09-12,INDUSINDBK,0.0978593272171253
2002-09-19,BHARTIARTL,-0.0845481049562681
2002-10-07,BPCL,0.1425041186161451
2002-10-14,CIPLA,-0.0783520982599794
2002-10-22,HCLTECH,-0.1827304550758459
2002-10-30,IOC,0.0847295356629966
2002-10-31,RELIANCE,0.1326791808873719
2002-11-01,TITAN,0.0983020554066129
2002-11-13,SHREECEM,0.0904079382579934
2002-11-29,TITAN,0.112230215827338
2002-12-04,WIPRO,-0.0985392930178207
2002-12-06,BPCL,0.1102281466290695
2002-12-10,SHREECEM,-0.1308664259927797
2002-12-11,AXISBANK,0.1145431145431143
2002-12-13,HDFC,-0.4717896719055552
2002-12-18,DRREDDY,0.0744798041615666
2002-12-19,TITAN,0.120440467997247
2003-01-13,SUNPHARMA,-0.4938250428816466
2003-01-16,VEDL,0.1255539143279171
2003-01-20,BHARTIARTL,0.1635514018691588
2003-01-27,TITAN,-0.1245576786978061
2003-01-29,BHARTIARTL,0.0779220779220779
2003-02-03,BHARTIARTL,0.1025179856115108
2003-02-07,KOTAKBANK,0.0990470690153046
2003-04-02,BHARTIARTL,0.1134020618556699
2003-04-10,HCLTECH,-0.1572459410703548
2003-04-10,INFY,-0.2654656245860378
2003-04-10,WIPRO,-0.1818477157360406
2003-04-11,DRREDDY,-0.0730490748189863
2003-04-11,INFY,-0.1299778670382818
2003-04-28,CIPLA,-0.1057171371542629
2003-04-28,HCLTECH,-0.1112531969309463
2003-05-02,ASIANPAINT,0.0747282608695651
2003-05-13,VEDL,0.1339001062699256
2003-05-16,ASIANPAINT,0.0830773731168641
2003-05-20,VEDL,0.1322182397451214
2003-05-29,GAIL,0.0871876661350345
2003-05-30,IOC,0.0822583093033844
2003-06-12,SHREECEM,0.1115942028985508
2003-06-18,GRASIM,0.122140221402214
2003-06-24,SUNPHARMA,-0.0906116642958748
2003-06-25,GRASIM,0.0930907467351267
2003-07-02,SHREECEM,0.0888468809073725
2003-07-03,AXISBANK,0.2004153686396677
2003-07-03,DRREDDY,0.0935409986257442
2003-07-03,HDFC,0.0856920280446638
2003-07-03,HDFCBANK,0.1004176157934702
2003-07-04,VEDL,0.1096183206106868
2003-07-07,AXISBANK,0.1874422899353647
2003-07-10,BAJFINANCE,-0.0920436817472697
2003-07-10,HCLTECH,0.1010911424903722
2003-07-10,INFY,0.1154751103387825
2003-07-10,WIPRO,0.0948984591931181
2003-07-14,AXISBANK,0.1513056835637483
2003-07-14,ZEEL,0.1151631477927064
2003-07-16,HEROMOTOCO,-0.0924449506454061
2003-07-24,BHARTIARTL,0.1081081081081081
2003-07-25,KOTAKBANK,0.1006564551422317
2003-07-28,SHREECEM,0.0846944948578343
2003-07-30,MM,0.0867333153201836
2003-07-31,BHARTIARTL,0.095135135135135
2003-08-04,IOC,0.0815079548074706
2003-08-05,SHREECEM,-0.0725689404934688
2003-08-11,TITAN,0.1549707602339181
2003-08-14,IOC,-0.3578866178172002
2003-08-18,KOTAKBANK,0.16123370110331
2003-08-18,VEDL,0.1383063445712768
2003-08-19,BHARTIARTL,0.0824561403508772
2003-08-21,ICICIBANK,0.1385253750398978
2003-08-22,ASIANPAINT,-0.3255707238728921
2003-08-29,CIPLA,0.0998963956595233
2003-09-04,INFY,0.1038520033564085
2003-09-04,KOTAKBANK,0.1
2003-09-05,SHREECEM,0.0953177257525084
2003-09-11,KOTAKBANK,0.1024961343052794
2003-09-15,HCLTECH,-0.1813380281690141
2003-09-15,ONGC,-0.0936192866377672
2003-09-24,GAIL,0.0846905537459283
2003-09-26,BHARTIARTL,0.1317365269461077
2003-10-01,GAIL,0.085820895522388
2003-10-06,EICHERMOT,0.108695652173913
2003-10-06,MM,0.0908546325878594
2003-10-06,TITAN,0.1547192353643967
2003-10-09,MARUTI,0.0740894901144642
2003-10-09,SHREECEM,0.0819581958195818
2003-10-14,BHARTIARTL,-0.082435003170577
2003-10-14,DRREDDY,0.0821313931093516
2003-10-15,BHARTIARTL,0.0774015203870077
2003-10-16,CIPLA,0.0752750693264154
2003-10-20,TITAN,0.1705465587044534
2003-10-24,MARUTI,0.0803639120545867
2003-10-28,BHARTIARTL,0.0857329842931937
2003-10-31,HEROMOTOCO,0.0911619283065512
2003-11-03,DRREDDY,0.0975446521939182
2003-11-03,INDUSINDBK,0.1099137931034484
2003-11-03,MARUTI,0.0784982935153584
2003-11-03,SHREECEM,0.0888051668460709
2003-11-04,DRREDDY,0.0811387629101718
2003-11-04,SHREECEM,0.0756302521008402
2003-11-05,SHREECEM,0.1217830882352941
2003-11-06,VEDL,0.139917695473251
2003-11-12,VEDL,0.1212491513917175
2003-11-17,INDUSINDBK,0.1121495327102803
2003-11-19,AXISBANK,0.1213991769547324
2003-12-02,AXISBANK,0.118505545826036
2003-12-02,BAJAUTOFIN,0.1594029850746268
2003-12-02,BAJFINANCE,0.1594029850746268
2003-12-03,AXISBANK,0.2004175365344467
2003-12-03,INDUSINDBK,0.1179698216735252
2003-12-09,INDUSINDBK,0.105680317040951
2003-12-10,EICHERMOT,0.1321671525753158
2003-12-15,SHREECEM,0.0795959595959594
2003-12-18,BPCL,0.1397916149838749
2003-12-18,GAIL,0.1064215432418436
2003-12-24,BHARTIARTL,0.0975485188968334
2003-12-29,SHREECEM,0.0927083333333333
2003-12-30,GAIL,0.0806013781582795
2004-01-02,AXISBANK,0.0930909090909091
2004-01-02,ONGC,0.1183018064594612
2004-01-08,BHARTIARTL,0.0900537634408602
2004-01-09,MARUTI,0.0982889971275133
2004-01-12,GAIL,-0.0943952802359882
2004-01-15,AXISBANK,0.1339443073669368
2004-01-16,MARUTI,-0.0694734400371144
2004-01-20,AXISBANK,0.0943885825494645
2004-01-21,GAIL,-0.0900343642611684
2004-01-21,INDUSINDBK,-0.1036324786324784
2004-01-21,ONGC,-0.0926420592520641
2004-01-21,TITAN,-0.0969793322734499
2004-01-23,GAIL,0.1259452411994785
2004-01-23,MARUTI,0.1186052773290253
2004-01-23,MM,0.1222544550352258
2004-01-23,TATAMOTORS,0.1041913331754675
2004-01-27,BHARTIARTL,0.1642263553620895
2004-01-27,SHREECEM,0.083815028901734
2004-01-27,TATAMOTORS,0.0948959897061976
2004-02-03,AXISBANK,-0.1560412871888281
2004-02-03,DRREDDY,-0.077740032183086
2004-02-03,GAIL,-0.0897145446307203
2004-02-03,SHREECEM,-0.0780167699598979
2004-02-03,ZEEL,-0.1115143516991092
2004-02-04,MARUTI,0.0888178127690983
2004-02-04,ZEEL,0.1559598960267358
2004-02-06,BHARTIARTL,0.0892091936112193
2004-02-10,AXISBANK,0.0980118590861529
2004-02-11,SHREECEM,0.0790133779264214
2004-02-17,TITAN,0.124934106483922
2004-02-24,TITAN,0.1389144434222631
2004-03-01,BHARTIARTL,0.1443117977528087
2004-03-01,DRREDDY,-0.1818914453801828
2004-03-22,EICHERMOT,-0.0969121140142518
2004-03-31,EICHERMOT,0.1081481481481481
2004-04-13,WIPRO,0.106970657115305
2004-04-15,SHREECEM,0.1063017186505412
2004-04-27,INDUSINDBK,-0.1065493646138806
2004-05-04,SHREECEM,0.088926174496644
2004-05-11,INDUSINDBK,-0.1017227235438884
2004-05-11,IOC,-0.0994140624999999
2004-05-13,CIPLA,-0.7943195637676043
2004-05-14,AXISBANK,-0.0953856749311294
2004-05-14,BHARTIARTL,-0.1159737417943106
2004-05-14,BPCL,-0.1295912141549725
2004-05-14,GAIL,-0.1875616979269496
2004-05-14,HDFC,-0.0793985978545485
2004-05-14,INDUSINDBK,-0.1539138082673702
2004-05-14,IOC,-0.1592940125111707
2004-05-14,KOTAKBANK,-0.0976656151419558
2004-05-14,MARUTI,-0.1034229315413691
2004-05-14,ONGC,-0.1269072414628238
2004-05-14,SBIN,-0.1425249169435215
2004-05-14,TATASTEEL,-0.0908233815210558
2004-05-14,TITAN,-0.1034327009936766
2004-05-17,ASIANPAINT,-0.0778847778340936
2004-05-17,AXISBANK,-0.1956604491815758
2004-05-17,CIPLA,-0.1229491594085476
2004-05-17,DRREDDY,-0.0720742292726729
2004-05-17,GAIL,-0.2208383961117861
2004-05-17,HDFCBANK,-0.2064369771728341
2004-05-17,HEROMOTOCO,-0.0784512924709335
2004-05-17,HINDUNILVR,-0.1508300953726599
2004-05-17,ICICIBANK,-0.1055912353607857
2004-05-17,INDUSINDBK,-0.1278586278586277
2004-05-17,INFY,-0.1121764330271624
2004-05-17,IOC,-0.1134732925857028
2004-05-17,ITC,-0.0975782698810953
2004-05-17,KOTAKBANK,-0.1576003356173962
2004-05-17,MM,-0.1238179997775057
2004-05-17,ONGC,-0.1303051317614425
2004-05-17,RELIANCE,-0.1525885558583106
2004-05-17,SBIN,-0.1326036419992251
2004-05-17,SHREECEM,-0.0994912379875635
2004-05-17,SUNPHARMA,-0.0875060100281613
2004-05-17,TATAMOTORS,-0.099818949909475
2004-05-17,TATASTEEL,-0.0912547528517111
2004-05-17,TITAN,-0.1052896725440806
2004-05-17,UPL,-0.0987678090103965
2004-05-17,WIPRO,-0.1957492236024844
2004-05-18,ASIANPAINT,0.0699890069622573
2004-05-18,AXISBANK,0.1552295314718408
2004-05-18,BHARTIARTL,0.0829322473158089
2004-05-18,CIPLA,0.0939953810623557
2004-05-18,DRREDDY,0.1400554802915941
2004-05-18,GAIL,0.3200779727095517
2004-05-18,HDFC,0.1677049342430536
2004-05-18,HDFCBANK,0.2581740217973913
2004-05-18,HINDUNILVR,0.0782029950083194
2004-05-18,ITC,0.0950135992747054
2004-05-18,MARUTI,0.1159510733899151
2004-05-18,SBIN,0.0963707426018982
2004-05-18,TATASTEEL,0.1163940661848612
2004-05-18,WIPRO,0.2382848638429668
2004-05-19,BAJAUTOFIN,0.1082138200782267
2004-05-19,BAJFINANCE,0.1082138200782267
2004-05-19,INDUSINDBK,0.1381278538812786
2004-05-19,IOC,0.1389007851534618
2004-05-19,ONGC,0.0982658959537572
2004-05-21,KOTAKBANK,0.1065669891527409
2004-05-24,HCLTECH,0.1074849813281377
2004-05-27,SUNPHARMA,-0.4775992128566743
2004-05-28,HEROMOTOCO,-0.0786781256394515
2004-05-28,MARUTI,-0.0682523267838676
2004-05-28,SBIN,-0.0853187682455975
2004-05-31,AXISBANK,-0.091944327288064
2004-05-31,DRREDDY,-0.102117832601104
2004-06-01,BPCL,0.0891172506738544
2004-06-02,ICICIBANK,0.104751847940866
2004-06-25,LT,0.0849025974025974
2004-06-25,TITAN,0.0990206746463546
2004-06-28,WIPRO,-0.6498016497701655
2004-06-30,INDUSINDBK,-0.1191709844559585
2004-07-02,INFY,-0.7423381184265311
2004-07-09,ITC,0.0744430819538115
2004-08-11,TATASTEEL,-0.3636811023622046
2004-08-17,TITAN,0.1593264248704664
2004-08-18,SUNPHARMA,-0.0939804901261004
2004-08-26,KOTAKBANK,-0.5103302881236824
2004-09-14,AXISBANK,0.1352476071577195
2004-10-06,ULTRACEMCO,0.1121583411875588
2004-10-07,ULTRACEMCO,0.0727118644067796
2004-11-05,BPCL,0.1158442288767047
2004-11-11,BAJAUTOFIN,0.144974525243168
2004-11-11,BAJFINANCE,0.144974525243168
2004-11-17,INDUSINDBK,0.1010962241169306
2004-12-03,SHREECEM,0.0777468408652817
2004-12-15,ZEEL,0.1093066833229232
2005-01-03,GAIL,0.0841991341991341
2005-01-05,HEROMOTOCO,-0.0751633986928104
2005-01-13,INDUSINDBK,0.104787714543812
2005-01-20,ITC,0.1116172202515315
2005-01-28,ULTRACEMCO,0.0813720966005229
2005-02-03,SHREECEM,0.0771286070537942
2005-02-03,ULTRACEMCO,0.0778519676090354
2005-02-09,TITAN,0.2002132764596107
2005-02-17,VEDL,-0.5221995790599004
2005-02-21,EICHERMOT,0.1545189504373179
2005-02-22,VEDL,0.1246865422123153
2005-03-08,UPL,0.1565531402676485
2005-03-09,CIPLA,0.0844191594788035
2005-04-19,TCS,-0.0833807302923445
2005-04-20,TCS,-0.076528501696037
2005-05-04,ULTRACEMCO,0.0713528253294955
2005-05-25,EICHERMOT,0.142569347590268
2005-07-11,TITAN,0.1120776179324187
2005-07-25,ULTRACEMCO,0.0726896551724138
2005-08-05,INDUSINDBK,0.0973630831643002
2005-08-17,SHREECEM,0.0934858279462953
2005-08-22,WIPRO,-0.496493299076453
2005-08-26,KOTAKBANK,-0.5387842926304465
2005-08-30,SHREECEM,0.0789883734867555
2005-08-31,HINDALCO,-0.8966623414071511
2005-09-01,MM,-0.4975041597337771
2005-09-12,KOTAKBANK,0.1162366432108419
2005-09-19,BAJAUTOFIN,0.1059342043129232
2005-09-19,BAJFINANCE,0.1059342043129232
2005-09-19,VEDL,0.2146702946795575
2005-09-21,SHREECEM,-0.0735294117647058
2005-09-22,BAJFINANCE,-0.0917143635868082
2005-09-22,ITC,-0.9291822139303484
2005-09-22,ULTRACEMCO,-0.0791976840363937
2005-09-22,ZEEL,-0.1036024191427821
2005-09-28,UPL,-0.7800920074819271
2005-09-29,BRITANNIA,0.0863709378475223
2005-10-07,BAJAUTOFIN,0.1000275178866263
2005-10-07,BAJFINANCE,0.1000275178866263
2005-10-14,BAJAUTOFIN,-0.0999510643503791
2005-10-14,BAJFINANCE,-0.0999510643503791
2005-10-17,BAJAUTOFIN,-0.0999048525214081
2005-10-17,BAJFINANCE,-0.0999048525214081
2005-10-24,SHREECEM,0.1097159575764963
2005-10-24,SUNPHARMA,-0.0908465770171148
2005-10-27,BHARTIARTL,-0.0778025241276911
2005-10-31,MARUTI,0.0686904066939093
2005-10-31,TITAN,0.257244084524864
2005-10-31,VEDL,0.1354229334616772
2005-11-26,EICHERMOT,0.0927057864710674
2005-12-08,KOTAKBANK,0.1048780487804879
2005-12-08,TITAN,0.1115659474085895
2006-01-18,RELIANCE,-0.2528809908454495
2006-01-20,MARUTI,0.0688559322033899
2006-01-25,EICHERMOT,0.0963523743977976
2006-01-25,UPL,0.0931512047049896
2006-01-27,TATASTEEL,0.0883688919476946
2006-01-30,BAJAUTOFIN,0.099968196756069
2006-01-30,BAJFINANCE,0.099968196756069
2006-02-02,CIPLA,0.107582777714996
2006-02-08,CIPLA,0.0790142773322903
2006-02-10,TITAN,0.1117232721947136
2006-02-13,LT,0.0808227177368774
2006-02-14,HINDUNILVR,0.0713603818615751
2006-02-16,DRREDDY,0.0927980203089
2006-02-22,SHREECEM,0.0782971619365608
2006-02-27,EICHERMOT,0.1062215477996966
2006-03-01,MARUTI,0.0801726233892534
2006-03-01,SHREECEM,0.1000298151460943
2006-03-16,ZEEL,0.1524710830704521
2006-03-22,DRREDDY,0.0911627565444066
2006-03-27,JSWSTEEL,0.101832609106367
2006-03-30,ULTRACEMCO,0.0768371499241999
2006-03-31,EICHERMOT,0.1332458770614693
2006-04-03,BRITANNIA,0.0650217299873825
2006-04-04,HDFCBANK,0.0762421657944045
2006-04-05,INDUSINDBK,0.1164658634538153
2006-04-10,JSWSTEEL,0.1108880308880309
2006-04-10,SHREECEM,0.1000253742704897
2006-04-17,EICHERMOT,0.103657448706512
2006-04-17,ULTRACEMCO,0.0777941900541605
2006-04-20,RELIANCE,0.0767520069429377
2006-04-25,CIPLA,-0.6238817285822593
2006-04-26,ULTRACEMCO,0.1000127567291746
2006-04-28,ULTRACEMCO,-0.0629940264285282
2006-04-29,ULTRACEMCO,0.1000064395646853
2006-05-02,DRREDDY,0.1739509879215248
2006-05-04,KOTAKBANK,0.169542504353332
2006-05-15,EICHERMOT,-0.0922917897223862
2006-05-15,HINDALCO,-0.1369157916409306
2006-05-15,TATASTEEL,-0.0888405684553856
2006-05-15,VEDL,-0.120030033104672
2006-05-16,ULTRACEMCO,0.0984976181751557
2006-05-18,GRASIM,-0.0830446630640616
2006-05-18,HINDALCO,-0.1184029371271225
2006-05-18,INDUSINDBK,-0.1167346938775509
2006-05-18,JSWSTEEL,-0.1033348990136213
2006-05-18,MARUTI,-0.1008711851405401
2006-05-18,RELIANCE,-0.0749401583502118
2006-05-18,SBIN,-0.0842174396281701
2006-05-18,TATASTEEL,-0.1092498774309528
2006-05-18,TITAN,-0.1100413543551305
2006-05-18,VEDL,-0.116435432230523
2006-05-19,CIPLA,-0.087426125942531
2006-05-19,INDUSINDBK,-0.1007393715341959
2006-05-22,BHARTIARTL,-0.0748334187596104
2006-05-22,GAIL,-0.101853621249761
2006-05-22,GRASIM,-0.0858500610246955
2006-05-22,INDUSINDBK,-0.1366906474820143
2006-05-22,TATAMOTORS,-0.098248106060606
2006-05-22,TITAN,-0.1204791344667697
2006-05-22,ULTRACEMCO,-0.074332678740272
2006-05-22,WIPRO,-0.0941152347754766
2006-05-23,GRASIM,0.0838564895037354
2006-05-23,INDUSINDBK,0.125
2006-05-23,MARUTI,0.0762757146673791
2006-05-23,TATASTEEL,0.084625185814398
2006-05-25,BAJAUTOFIN,0.1114176061405614
2006-05-25,BAJFINANCE,0.1114176061405614
2006-05-26,GAIL,0.1037837837837838
2006-05-26,TITAN,0.1004628835933483
2006-06-01,MARUTI,-0.0699319727891156
2006-06-02,HINDUNILVR,0.0755555555555556
2006-06-02,MARUTI,0.1259508484493856
2006-06-07,BAJAUTOFIN,-0.1056148014904277
2006-06-07,BAJFINANCE,-0.1056148014904277
2006-06-07,IOC,-0.1137075403517225
2006-06-07,TITAN,-0.1126093586965247
2006-06-07,ULTRACEMCO,-0.0710707310860151
2006-06-07,VEDL,-0.1104318588707916
2006-06-08,ASIANPAINT,-0.1132758620689655
2006-06-08,AXISBANK,-0.1227678571428571
2006-06-08,BAJAUTOFIN,-0.1425082603074271
2006-06-08,BAJFINANCE,-0.1425082603074271
2006-06-08,EICHERMOT,-0.1769943667090677
2006-06-08,HINDUNILVR,-0.072578816058063
2006-06-08,INDUSINDBK,-0.1517509727626458
2006-06-08,IOC,-0.0838543082359335
2006-06-08,KOTAKBANK,-0.1899304903250046
2006-06-08,RELIANCE,-0.0753639417693168
2006-06-09,ASIANPAINT,0.0826365934279602
2006-06-09,BAJAUTOFIN,0.1340257999664935
2006-06-09,BAJFINANCE,0.1340257999664935
2006-06-09,GAIL,0.0903710448440699
2006-06-09,GRASIM,0.1306709874189859
2006-06-09,HDFC,0.0884062542243049
2006-06-09,INDUSINDBK,0.1192660550458715
2006-06-09,ITC,0.0870301388418557
2006-06-09,JSWSTEEL,0.1100738167607469
2006-06-09,KOTAKBANK,0.1982838589981448
2006-06-09,MARUTI,0.0723436847235761
2006-06-09,NTPC,0.0843734398402396
2006-06-09,RELIANCE,0.1175366355819305
2006-06-09,ULTRACEMCO,0.1000092859132693
2006-06-12,BAJAUTOFIN,-0.0941054808686658
2006-06-12,BAJFINANCE,-0.0941054808686658
2006-06-13,HDFC,-0.0900384856350129
2006-06-13,INDUSINDBK,-0.137628111273792
2006-06-13,MARUTI,-0.064410843935256
2006-06-13,SHREECEM,-0.099833166499833
2006-06-13,TATASTEEL,-0.0907813049080473
2006-06-15,GRASIM,0.144587051811674
2006-06-15,HDFCBANK,0.0919477267391815
2006-06-15,HEROMOTOCO,0.0904069088928656
2006-06-15,HINDUNILVR,0.0831768178159377
2006-06-15,INFY,0.0973161113793659
2006-06-15,IOC,0.1575137686860739
2006-06-15,LT,0.1155228758169935
2006-06-15,SHREECEM,0.0800746268656715
2006-06-15,ULTRACEMCO,0.0996697949252694
2006-06-15,VEDL,0.138412737143903
2006-06-16,HINDUNILVR,0.0683675997027495
2006-06-16,TATASTEEL,0.112373127114548
2006-06-16,TCS,0.0867111670052562
2006-06-19,BAJAUTOFIN,0.1901583359205216
2006-06-19,BAJFINANCE,0.1901583359205216
2006-06-21,DRREDDY,0.0716359731116502
2006-06-22,HDFC,0.1013427423306871
2006-06-22,LT,0.0816099896352597
2006-06-29,BAJAUTOFIN,0.1117216117216117
2006-06-29,BAJFINANCE,0.1117216117216117
2006-06-30,HINDUNILVR,0.093056549749463
2006-06-30,MARUTI,0.0859401622026854
2006-07-06,EICHERMOT,0.1005367464905038
2006-07-07,EICHERMOT,-0.1102982554867755
2006-07-10,EICHERMOT,0.1442125237191651
2006-07-14,INFY,-0.5130181796700781
2006-07-31,TCS,-0.5072116649997368
2006-08-09,TITAN,0.1216097987751532
2006-08-16,JSWSTEEL,0.1327379744266288
2006-08-18,INDUSINDBK,0.1752450980392157
2006-08-29,DRREDDY,-0.5056475642713603
2006-09-11,INDUSINDBK,-0.0981856990394877
2006-09-27,EICHERMOT,0.2000826787928895
2006-09-29,LT,-0.5086306765523633
2006-10-04,EICHERMOT,0.1001467949763497
2006-10-19,TECHM,0.1295957897814488
2006-10-20,TECHM,0.1173159052672447
2006-10-21,TECHM,0.1077778421265998
2006-10-27,ONGC,-0.3157985960655169
2006-10-27,TECHM,0.0895879823654275
2006-10-31,BAJAUTOFIN,0.1053846153846154
2006-10-31,BAJFINANCE,0.1053846153846154
2006-11-07,BAJFINANCE,-0.0933880817014107
2006-11-13,SHREECEM,0.1000113263110205
2006-12-11,INDUSINDBK,-0.1143430290872618
2006-12-11,NTPC,-0.0608552631578946
2006-12-11,SBIN,-0.080385140369646
2006-12-12,INDUSINDBK,-0.1109852774631936
2006-12-14,ULTRACEMCO,0.0754481936846667
2006-12-18,ZEEL,-0.2036549707602338
2006-12-21,TECHM,0.1999999999999999
2006-12-22,TECHM,0.1098820058997049
2006-12-22,VEDL,0.1286424443276885
2006-12-27,INDUSINDBK,0.104895104895105
2007-01-03,INDUSINDBK,0.144912641315519
2007-01-05,VEDL,0.1119020776292478
2007-01-15,ASIANPAINT,0.0928961748633878
2007-01-17,TECHM,0.0982175033958916
2007-01-31,TATASTEEL,-0.1046701974000963
2007-02-01,ULTRACEMCO,0.0643119127769684
2007-02-07,INDUSINDBK,0.1403508771929824
2007-02-09,BAJAUTOFIN,0.1795990726851222
2007-02-09,BAJFINANCE,0.1795990726851222
2007-02-12,HINDALCO,-0.141294964028777
2007-02-12,ZEEL,-0.2849432604483808
2007-02-23,ULTRACEMCO,-0.0670274771024146
2007-02-28,ULTRACEMCO,-0.0621501742528249
2007-03-05,GAIL,-0.0783534934103628
2007-03-05,MARUTI,-0.0722602328652023
2007-03-05,TECHM,-0.0857679822313343
2007-03-05,ULTRACEMCO,-0.0812694814395013
2007-03-08,HINDUNILVR,0.0986252241482366
2007-03-09,SHREECEM,-0.0943821217206959
2007-03-13,TECHM,0.0871052248580992
2007-03-16,EICHERMOT,-0.0934438583270534
2007-03-16,HCLTECH,-0.5260069774817635
2007-04-02,MARUTI,-0.0865032918800293
2007-04-02,MM,-0.0857252690927729
2007-04-02,ULTRACEMCO,-0.0671545136640331
2007-04-09,AXISBANK,0.1061025584228596
2007-04-09,ULTRACEMCO,0.0646091721949813
2007-04-23,SUNPHARMA,-0.1138737367330543
2007-04-24,EICHERMOT,0.1000659775676269
2007-04-25,EICHERMOT,0.0963614554178329
2007-04-27,CIPLA,-0.1432517758484609
2007-05-09,BRITANNIA,0.0757411031383634
2007-06-15,UPL,0.0932218156473252
2007-06-28,ULTRACEMCO,0.072053208523217
2007-07-16,SHREECEM,0.0942400703502859
2007-07-20,EICHERMOT,0.0926771769559451
2007-07-25,ITC,0.0900131406044679
2007-07-25,SHREECEM,-0.072364008613082
2007-08-16,TATASTEEL,-0.1023321113797673
2007-08-21,SHREECEM,-0.0757227332457292
2007-08-24,JSWSTEEL,0.1014548607765679
2007-08-29,TATASTEEL,0.0893859359524598
2007-09-03,NTPC,0.0692241130660513
2007-09-12,INDUSINDBK,0.1174408413672218
2007-09-18,INDUSINDBK,0.1275115919629057
2007-09-19,HDFCBANK,0.0756609673882142
2007-10-01,NTPC,0.0647073988141273
2007-10-04,EICHERMOT,0.1693369196585195
2007-10-08,INDUSINDBK,-0.1064916119620714
2007-10-09,INDUSINDBK,0.1583673469387756
2007-10-09,MARUTI,0.0778346744696414
2007-10-09,NTPC,0.0646656905807712
2007-10-09,POWERGRID,0.068098480880042
2007-10-09,RELIANCE,0.0738476788369404
2007-10-10,TECHM,0.0925617330707468
2007-10-11,POWERGRID,0.1117589893100097
2007-10-15,AXISBANK,0.1020764733552852
2007-10-15,GAIL,0.0839609828373872
2007-10-15,JSWSTEEL,0.1103110761095798
2007-10-15,ONGC,0.0884073870908759
2007-10-15,VEDL,0.1285196828868233
2007-10-16,POWERGRID,0.1020408163265305
2007-10-17,POWERGRID,0.0780141843971631
2007-10-18,BHARTIARTL,-0.0825833295644701
2007-10-18,SBIN,-0.0841011619958987
2007-10-18,ULTRACEMCO,-0.0643649706025374
2007-10-23,BHARTIARTL,0.0783122816447192
2007-10-23,HDFCBANK,0.0847729426343026
2007-10-23,INDUSINDBK,0.1099630996309963
2007-10-23,KOTAKBANK,0.1339173967459324
2007-10-23,NTPC,0.0961923847695391
2007-10-23,POWERGRID,0.0712634822804314
2007-10-23,RELIANCE,0.078753552830854
2007-10-24,INDUSINDBK,0.1283244680851063
2007-10-25,ASIANPAINT,0.084229744399487
2007-10-26,ASIANPAINT,-0.0812815728393938
2007-10-26,INDUSINDBK,0.1413108839446784
2007-10-26,LT,0.1237885206894551
2007-10-29,HDFC,0.0938077184796344
2007-10-29,LT,0.1019804792398264
2007-10-29,TATASTEEL,-0.0863072639838016
2007-10-30,MARUTI,-0.0861032903307138
2007-11-02,SBIN,0.0836726335316935
2007-11-13,NTPC,0.0737818110080883
2007-11-14,HDFCBANK,0.1131368314064285
2007-11-15,BPCL,0.178250656349316
2007-11-15,EICHERMOT,0.0979394556092596
2007-11-15,INDUSINDBK,0.1146626078132926
2007-11-15,IOC,0.1027942264988899
2007-11-16,ITC,0.0826075481657429
2007-11-21,IOC,-0.0898485112310637
2007-11-21,NTPC,-0.0786992495670579
2007-11-21,POWERGRID,-0.077913917687716
2007-11-23,POWERGRID,0.0663373323923783
2007-12-04,IOC,0.0841628959276017
2007-12-05,GAIL,0.0954602343838888
2007-12-07,TECHM,0.0994115268855846
2007-12-10,EICHERMOT,-0.1205641072909946
2007-12-17,JSWSTEEL,-0.1307343744148599
2007-12-17,NTPC,-0.0759570589426777
2007-12-17,POWERGRID,-0.0603359616043879
2007-12-24,GAIL,0.095575221238938
2007-12-28,BAJAUTOFIN,0.1406727828746177
2007-12-28,BAJFINANCE,0.1406727828746177
2007-12-31,BPCL,0.1041644702161306
2008-01-03,NTPC,0.0739012057565149
2008-01-04,BAJAUTOFIN,0.1252248201438848
2008-01-04,BAJFINANCE,0.1252248201438848
2008-01-18,BAJAUTOFIN,-0.121123400563869
2008-01-18,BAJFINANCE,-0.121123400563869
2008-01-18,KOTAKBANK,-0.1076435643564357
2008-01-18,NTPC,-0.0637964774951076
2008-01-21,ADANIPORTS,-0.1704705409209733
2008-01-21,BAJAUTOFIN,-0.1331276989512646
2008-01-21,BAJFINANCE,-0.1331276989512646
2008-01-21,DRREDDY,-0.0704319928374244
2008-01-21,EICHERMOT,-0.139314572304263
2008-01-21,GAIL,-0.1160545645330535
2008-01-21,GRASIM,-0.0977163065304042
2008-01-21,HINDALCO,-0.0996758508914099
2008-01-21,INDUSINDBK,-0.150477016478751
2008-01-21,IOC,-0.1861325875966442
2008-01-21,JSWSTEEL,-0.1163298743855816
2008-01-21,KOTAKBANK,-0.144594354695544
2008-01-21,NTPC,-0.1396321070234113
2008-01-21,ONGC,-0.0787161186517596
2008-01-21,POWERGRID,-0.1701088997371386
2008-01-21,RELIANCE,-0.0924417773967708
2008-01-21,SHREECEM,-0.0821498189919243
2008-01-21,TCS,-0.0798826395039858
2008-01-21,TECHM,-0.089334950920922
2008-01-21,TITAN,-0.1058519793459553
2008-01-21,ULTRACEMCO,-0.0907284392210299
2008-01-21,VEDL,-0.2251209992193598
2008-01-22,ADANIPORTS,-0.1084782740439973
2008-01-22,ASIANPAINT,-0.0793802601377198
2008-01-22,EICHERMOT,-0.1542570411136289
2008-01-22,HEROMOTOCO,-0.0780715396578538
2008-01-22,HINDALCO,-0.1047104710471048
2008-01-22,HINDUNILVR,-0.078136739293764
2008-01-22,INDUSINDBK,-0.1750893312914753
2008-01-22,IOC,-0.1011622031328954
2008-01-22,ITC,-0.0938815952439929
2008-01-22,MM,-0.0858812949640288
2008-01-22,ONGC,-0.1408803904885585
2008-01-22,POWERGRID,-0.1004524886877827
2008-01-22,RELIANCE,-0.0721623110831235
2008-01-22,TECHM,-0.1446651326147511
2008-01-22,TITAN,-0.1157362848893166
2008-01-23,ADANIPORTS,0.1651145401400313
2008-01-23,BAJAUTOFIN,0.1656311562357935
2008-01-23,BAJFINANCE,0.1656311562357935
2008-01-23,EICHERMOT,0.1077511961722488
2008-01-23,GAIL,0.0939457202505218
2008-01-23,HDFCBANK,0.0756449803701626
2008-01-23,INDUSINDBK,0.136138613861386
2008-01-23,NTPC,0.1283095723014256
2008-01-23,POWERGRID,0.1116700201207243
2008-01-23,RELIANCE,0.0819741670024813
2008-01-23,SBIN,0.0871853653972114
2008-01-23,SHREECEM,0.1685975481316091
2008-01-23,TCS,0.0923269652364549
2008-01-23,ULTRACEMCO,0.0865792262851086
2008-01-23,UPL,0.09375
2008-01-23,VEDL,0.1479636795525076
2008-01-24,DRREDDY,-0.0723386765310316
2008-01-24,EICHERMOT,-0.1033172080165859
2008-01-24,GAIL,-0.0884598114054782
2008-01-24,JSWSTEEL,-0.0999224605841302
2008-01-24,NTPC,-0.0814530685920577
2008-01-25,AXISBANK,0.0953402514468169
2008-01-25,EICHERMOT,0.1524084778420038
2008-01-25,HINDALCO,0.1572285143237841
2008-01-25,HINDUNILVR,0.0752081654579639
2008-01-25,ICICIBANK,0.1143702787471838
2008-01-25,INDUSINDBK,0.1395483497394327
2008-01-25,JSWSTEEL,0.1212382265104525
2008-01-25,LT,0.1029680527024154
2008-01-25,NTPC,0.0945713583886023
2008-01-25,TITAN,0.1195761856710395
2008-01-25,ULTRACEMCO,0.0993573588709677
2008-01-28,ASIANPAINT,0.0766034672142892
2008-01-31,POWERGRID,-0.0653863740283492
2008-02-01,HCLTECH,0.1005586592178771
2008-02-01,TECHM,0.09723135364161
2008-02-04,BPCL,0.1192696192696192
2008-02-04,JSWSTEEL,0.1132102821801315
2008-02-11,ADANIPORTS,-0.0929149926662838
2008-02-11,GAIL,-0.093345873501058
2008-02-11,HINDUNILVR,-0.0811834319526627
2008-02-11,NTPC,-0.0676340383669453
2008-02-11,POWERGRID,-0.0706161137440758
2008-02-14,BPCL,0.1107666626922618
2008-02-14,HINDALCO,0.0942828485456368
2008-02-14,INDUSINDBK,0.1686274509803922
2008-02-14,IOC,0.1377156769344765
2008-02-14,NTPC,0.0700212992545259
2008-02-14,ONGC,0.0857384949425408
2008-02-14,POWERGRID,0.0874604847207587
2008-02-14,TITAN,0.1084062958651752
2008-02-14,ULTRACEMCO,0.0663877438011444
2008-02-15,HINDALCO,0.0895203177512984
2008-02-27,POWERGRID,0.0585651537335285
2008-03-03,HDFC,-0.0804441504103562
2008-03-03,NTPC,-0.0643564356435643
2008-03-03,SBIN,-0.0897165723486373
2008-03-10,LT,-0.0863056364915102
2008-03-11,KOTAKBANK,0.1101129151899777
2008-03-11,POWERGRID,0.0824008138351983
2008-03-13,HINDALCO,-0.0933263816475495
2008-03-13,KOTAKBANK,-0.100151416828899
2008-03-13,POWERGRID,-0.1374156219864994
2008-03-13,TATASTEEL,-0.0934573361082204
2008-03-14,POWERGRID,0.0687534935718277
2008-03-17,HDFC,-0.1101986172721096
2008-03-17,HINDALCO,-0.0972794723825226
2008-03-17,ICICIBANK,-0.1334169564969496
2008-03-17,IOC,-0.0872539732659719
2008-03-17,TITAN,-0.1287003694523688
2008-03-17,VEDL,-0.1180144740398185
2008-03-24,JSWSTEEL,-0.1220367278797996
2008-03-25,HDFC,0.0906416775223768
2008-03-25,ICICIBANK,0.0955497382198953
2008-03-25,INFY,0.0969164614649564
2008-03-25,KOTAKBANK,0.1361413043478261
2008-03-25,WIPRO,0.0935540506646601
2008-03-28,ADANIPORTS,0.2000000000000001
2008-03-28,TATASTEEL,0.0932824427480916
2008-03-31,HDFC,-0.0895962049771418
2008-03-31,SHREECEM,0.0885912698412698
2008-04-08,TECHM,0.116308810661641
2008-04-15,TCS,0.0728524229074889
2008-04-22,TCS,-0.1069055768069257
2008-04-22,ULTRACEMCO,0.0740860983053048
2008-04-25,BHARTIARTL,0.0941874258600237
2008-04-29,TECHM,0.1089747527489402
2008-04-29,VEDL,0.1262230259517673
2008-05-02,INDUSINDBK,0.1321902654867255
2008-05-14,DRREDDY,0.0806374119154389
2008-05-14,TCS,0.0730346389702227
2008-05-20,ADANIPORTS,0.1398272305312016
2008-05-26,EICHERMOT,0.1813656867319957
2008-05-27,BAJAJFINSV,0.0894716165782754
2008-05-28,AXISBANK,0.0967174280879865
2008-05-28,BAJAJFINSV,0.1555936175966827
2008-06-02,NTPC,-0.0635335073977371
2008-06-04,BAJAJFINSV,-0.1087716687746446
2008-06-05,NTPC,0.0573329109914475
2008-06-05,ONGC,0.0800045136538027
2008-06-09,BAJAUTOFIN,-0.1348238482384823
2008-06-09,BAJFINANCE,-0.1348238482384823
2008-06-13,BAJAUTOFIN,-0.1242217610435815
2008-06-13,BAJFINANCE,-0.1242217610435815
2008-06-18,SHREECEM,0.0782046678635548
2008-06-20,BAJAJFINSV,-0.0929966495055977
2008-06-23,BAJFINANCE,-0.0919296116504854
2008-06-25,BAJAUTOFIN,0.1076142131979696
2008-06-25,BAJFINANCE,0.1076142131979696
2008-06-26,POWERGRID,0.0567465321563682
2008-06-27,BAJAJ-AUTO,-0.0715819613457409
2008-06-27,HDFC,-0.0822135271101173
2008-06-30,BPCL,-0.096670030272452
2008-07-01,EICHERMOT,-0.0948745910577972
2008-07-01,JSWSTEEL,-0.138463246724406
2008-07-01,MARUTI,-0.073067877706593
2008-07-01,MM,-0.0839218094360864
2008-07-01,POWERGRID,-0.0707006369426751
2008-07-01,SHREECEM,-0.0987028105770828
2008-07-02,HDFC,0.1077362338545206
2008-07-02,ONGC,0.0825774754346184
2008-07-03,BAJAJ-AUTO,-0.0990077177508268
2008-07-03,BAJAJFINSV,-0.0842981532867667
2008-07-03,KOTAKBANK,-0.1072132848988064
2008-07-03,TATASTEEL,-0.1117035637149028
2008-07-09,ADANIPORTS,0.2000217651539886
2008-07-09,AXISBANK,0.102397232061949
2008-07-09,GAIL,0.0777913361805979
2008-07-09,POWERGRID,0.0695762175838077
2008-07-10,BAJAJ-AUTO,0.1033757609297176
2008-07-11,TCS,-0.080377706126209
2008-07-15,HDFCBANK,-0.110017932438327
2008-07-17,BPCL,0.0927323272438442
2008-07-17,HDFC,0.0991095850549961
2008-07-17,LT,0.0790891823843809
2008-07-17,MARUTI,0.0931144550843592
2008-07-17,SBIN,0.0842540828454461
2008-07-17,TCS,0.0757450899601703
2008-07-18,HDFC,0.0942232341416924
2008-07-18,HDFCBANK,0.07912168153132
2008-07-18,ICICIBANK,0.1188728821237654
2008-07-21,BAJAJ-AUTO,0.074983839689722
2008-07-22,DRREDDY,-0.0746532900560635
2008-07-22,MARUTI,-0.0917098045275438
2008-07-22,TECHM,0.0919506462984725
2008-07-23,HDFC,0.1100523168908818
2008-07-23,HDFCBANK,0.0937982384454734
2008-07-23,ICICIBANK,0.1163669336557351
2008-07-23,INDUSINDBK,0.1137440758293839
2008-07-23,KOTAKBANK,0.1336468743876151
2008-07-23,POWERGRID,0.0705697856769471
2008-07-23,SBIN,0.0996864757018667
2008-07-23,VEDL,0.1451355661881979
2008-07-25,HDFCBANK,-0.0720405305214597
2008-07-25,ICICIBANK,-0.1005888797589702
2008-07-29,AXISBANK,-0.1112863903628279
2008-07-29,HDFCBANK,-0.0868523775727466
2008-07-29,MARUTI,-0.072463768115942
2008-07-30,AXISBANK,0.0960948846215909
2008-08-05,MARUTI,0.0721145451370699
2008-08-05,ULTRACEMCO,0.0672071129707112
2008-08-06,BAJAJ-AUTO,0.0676984428408657
2008-08-07,BAJAUTOFIN,0.1799999999999999
2008-08-07,BAJFINANCE,0.1799999999999999
2008-08-11,VEDL,-0.945170265529547
2008-08-28,HINDALCO,-0.1336206896551723
2008-09-02,IOC,0.0851225056832534
2008-09-11,BAJAJFINSV,-0.0796273172605896
2008-09-15,POWERGRID,-0.063152400835073
2008-09-16,BAJAJFINSV,-0.0900473933649289
2008-09-19,HDFC,0.0877024172729405
2008-09-19,POWERGRID,0.0607082630691397
2008-09-22,VEDL,0.1295787545787545
2008-09-29,ICICIBANK,-0.119735902926481
2008-09-29,JSWSTEEL,-0.1180773249738768
2008-09-29,TCS,-0.0831115054717539
2008-09-30,TCS,0.0735483870967741
2008-10-03,JSWSTEEL,-0.0984757100559271
2008-10-03,LT,-0.5262426422498365
2008-10-03,RELIANCE,-0.0761787381339487
2008-10-03,TATASTEEL,-0.1034561423520018
2008-10-03,UPL,-0.1077657124053965
2008-10-06,BAJAJFINSV,-0.1042857142857143
2008-10-06,BAJAUTOFIN,-0.1062867480777928
2008-10-06,BAJFINANCE,-0.1062867480777928
2008-10-06,DRREDDY,-0.1351572441374295
2008-10-06,EICHERMOT,-0.0993403957625425
2008-10-06,GAIL,-0.3604621635347892
2008-10-06,GRASIM,-0.0938939109670817
2008-10-06,JSWSTEEL,-0.1543607833596886
2008-10-06,KOTAKBANK,-0.1171571349250415
2008-10-06,TATASTEEL,-0.1094147582697201
2008-10-06,TITAN,-0.1151205936920223
2008-10-06,ULTRACEMCO,-0.0790747193186217
2008-10-07,JSWSTEEL,-0.1060126582278481
2008-10-07,TECHM,-0.1147158058655594
2008-10-08,BAJAJ-AUTO,-0.066077404960096
2008-10-08,BAJAJFINSV,-0.1643577903198221
2008-10-08,BAJAUTOFIN,-0.1984168865435356
2008-10-08,BAJFINANCE,-0.1984168865435356
2008-10-08,TECHM,-0.0921528388546857
2008-10-08,ULTRACEMCO,0.0671666123247471
2008-10-08,UPL,-0.116055321707757
2008-10-10,ADANIPORTS,-0.1193446754883428
2008-10-10,AXISBANK,-0.1468930914704747
2008-10-10,BAJAJ-AUTO,-0.1497748782504824
2008-10-10,BAJAJFINSV,-0.1999590667212444
2008-10-10,HDFC,-0.0881262578116724
2008-10-10,HINDALCO,-0.1101321585903083
2008-10-10,HINDUNILVR,-0.0684442578207012
2008-10-10,ICICIBANK,-0.1985674931129477
2008-10-10,INDUSINDBK,-0.1097308488612835
2008-10-10,LT,-0.0787894464562855
2008-10-10,NTPC,-0.0597439544807966
2008-10-10,RELIANCE,-0.0733675047769252
2008-10-10,TATASTEEL,-0.1504581732190364
2008-10-10,TECHM,-0.147470398277718
2008-10-10,ULTRACEMCO,-0.0886037274671555
2008-10-10,UPL,-0.1233560090702947
2008-10-13,AXISBANK,0.194263481722765
2008-10-13,BAJAJ-AUTO,0.1120717605101049
2008-10-13,BAJAJFINSV,-0.0895369659759529
2008-10-13,BAJAUTOFIN,0.1999999999999999
2008-10-13,BAJFINANCE,0.1999999999999999
2008-10-13,GAIL,0.1103979460847239
2008-10-13,HDFCBANK,0.1195895967549509
2008-10-13,HINDALCO,0.1027227722772277
2008-10-13,ICICIBANK,0.1691186580503232
2008-10-13,JSWSTEEL,0.1264637002341921
2008-10-13,LT,0.1075419778738697
2008-10-13,MM,0.1099839829151094
2008-10-13,NTPC,0.0768532526475036
2008-10-13,SBIN,0.1058780036968576
2008-10-13,TCS,0.0915586890243904
2008-10-13,TITAN,0.1507632427172658
2008-10-13,UPL,0.1301086394205897
2008-10-14,SUNPHARMA,0.0889492112199534
2008-10-15,BAJAJFINSV,-0.0807600950118764
2008-10-15,JSWSTEEL,-0.1136617248525425
2008-10-15,LT,-0.1089443836434185
2008-10-15,TATASTEEL,-0.1057550418101328
2008-10-15,TCS,-0.0836848321241775
2008-10-15,TECHM,-0.1162683823529411
2008-10-15,TITAN,-0.1435427108883438
2008-10-16,GRASIM,-0.0783572098005087
2008-10-16,HINDALCO,-0.1279290690310324
2008-10-16,HINDUNILVR,0.0700237735033499
2008-10-16,LT,-0.0805046895935686
2008-10-16,RELIANCE,-0.0843638994869095
2008-10-16,TATAMOTORS,-0.1115044247787611
2008-10-16,TCS,-0.0885656416866139
2008-10-16,ULTRACEMCO,-0.0732652342374076
2008-10-17,NTPC,-0.094333936106088
2008-10-17,POWERGRID,-0.0751614797416324
2008-10-17,TCS,-0.083131313131313
2008-10-20,DRREDDY,0.080833983721708
2008-10-20,TCS,0.0826264184201828
2008-10-20,WIPRO,0.0947572815533979
2008-10-21,ASIANPAINT,0.0723660320589301
2008-10-21,TATASTEEL,0.1029353431178103
2008-10-21,TCS,0.1378854177266715
2008-10-21,TECHM,0.124625850340136
2008-10-21,TITAN,0.1774430781902687
2008-10-22,BHARTIARTL,-0.0802098433077932
2008-10-22,HCLTECH,-0.1285906040268455
2008-10-22,TATASTEEL,-0.1186836899838158
2008-10-23,BHARTIARTL,-0.0768480300187618
2008-10-23,HINDALCO,-0.1323407775020678
2008-10-23,MARUTI,-0.0821643286573147
2008-10-23,MM,-0.1042678923177937
2008-10-23,RELIANCE,-0.0752961725394896
2008-10-23,TATAMOTORS,-0.1474260679079956
2008-10-23,TATASTEEL,-0.1511936339522547
2008-10-23,TECHM,-0.1033082527170667
2008-10-24,AXISBANK,-0.1342384318766066
2008-10-24,BAJAJ-AUTO,-0.1227474290027362
2008-10-24,BAJAJFINSV,-0.0998933522929257
2008-10-24,BHARTIARTL,-0.1267376636045849
2008-10-24,CIPLA,-0.1137558815388873
2008-10-24,EICHERMOT,-0.0894420131291029
2008-10-24,GAIL,-0.1225172952465968
2008-10-24,GRASIM,-0.1240201686369221
2008-10-24,HDFC,-0.1070132668102959
2008-10-24,HDFCBANK,-0.0943448917849663
2008-10-24,HINDALCO,-0.1744518589132507
2008-10-24,ICICIBANK,-0.1566429743028977
2008-10-24,JSWSTEEL,-0.1067219554779571
2008-10-24,KOTAKBANK,-0.2104213744516814
2008-10-24,MARUTI,-0.0959858918374202
2008-10-24,MM,-0.1562820700777012
2008-10-24,NTPC,-0.089036312849162
2008-10-24,ONGC,-0.1524441295807304
2008-10-24,POWERGRID,-0.1295013850415513
2008-10-24,RELIANCE,-0.1627314909867367
2008-10-24,SBIN,-0.1217719132893496
2008-10-24,SHREECEM,-0.1450230718523401
2008-10-24,TATAMOTORS,-0.1644398766700925
2008-10-24,TATASTEEL,-0.1442307692307692
2008-10-24,TCS,-0.0885254887630183
2008-10-24,TECHM,-0.1009589770911028
2008-10-24,WIPRO,-0.1361381591034355
2008-10-24,ZEEL,-0.1455978074683109
2008-10-27,ADANIPORTS,-0.0936334576451783
2008-10-27,BAJAJFINSV,-0.0999210110584517
2008-10-27,EICHERMOT,-0.1105437068188643
2008-10-27,GRASIM,-0.0792299506626681
2008-10-27,INDUSINDBK,-0.1475826972010178
2008-10-27,IOC,-0.0828834087261053
2008-10-27,MM,-0.1280625543006082
2008-10-27,POWERGRID,-0.0771678599840891
2008-10-27,SBIN,-0.0961579738141231
2008-10-27,TATAMOTORS,-0.1389913899138991
2008-10-27,UPL,-0.1914524978342477
2008-10-28,BAJAJ-AUTO,0.0793464331482274
2008-10-28,BAJAUTOFIN,0.103548153511948
2008-10-28,BAJFINANCE,0.103548153511948
2008-10-28,BHARTIARTL,0.0816507261778249
2008-10-28,CIPLA,0.0946745562130175
2008-10-28,GAIL,0.1008771929824561
2008-10-28,GRASIM,0.0776948938852699
2008-10-28,HINDALCO,0.1126237623762378
2008-10-28,MM,0.1127939418094858
2008-10-28,POWERGRID,0.0913793103448274
2008-10-28,TATAMOTORS,0.1028571428571429
2008-10-28,TCS,0.0875691997986916
2008-10-28,TECHM,0.1014075495841331
2008-10-28,ULTRACEMCO,0.0707132953319982
2008-10-28,UPL,0.1835714285714285
2008-10-28,ZEEL,0.1089850249584027
2008-10-29,HINDALCO,0.1824249165739708
2008-10-29,TECHM,-0.098605866976474
2008-10-29,UPL,-0.4897404948702474
2008-10-31,EICHERMOT,0.2001847859562673
2008-10-31,HCLTECH,0.1401252884932409
2008-10-31,HDFC,0.1729478231970755
2008-10-31,HDFCBANK,0.0753457069246543
2008-10-31,HINDALCO,0.1382878645343368
2008-10-31,HINDUNILVR,0.0691899710703953
2008-10-31,ICICIBANK,0.1546257420008685
2008-10-31,JSWSTEEL,0.3371080139372822
2008-10-31,MM,0.2398609501738122
2008-10-31,POWERGRID,0.0639756283320638
2008-10-31,RELIANCE,0.1445392136467651
2008-10-31,TATASTEEL,0.1225582017661226
2008-10-31,UPL,0.2560615020697812
2008-10-31,ZEEL,0.0996784565916399
2008-11-03,BAJAJ-AUTO,-0.0852449990824004
2008-11-03,EICHERMOT,0.1965614575314345
2008-11-03,HINDUNILVR,0.0703494926719279
2008-11-03,KOTAKBANK,0.0991992882562278
2008-11-03,LT,0.1119509324081531
2008-11-03,MARUTI,0.0691583806818181
2008-11-03,NTPC,0.0698086463501062
2008-11-03,SBIN,0.1177795800666847
2008-11-03,SHREECEM,0.0786009778112071
2008-11-03,TATAMOTORS,0.1232674727219107
2008-11-03,UPL,-0.1012241054613936
2008-11-04,JSWSTEEL,0.1172413793103448
2008-11-04,KOTAKBANK,0.1411034668825037
2008-11-04,TCS,-0.0710632078918523
2008-11-05,GAIL,-0.1544474963025566
2008-11-05,HDFC,-0.0881471638135439
2008-11-05,RELIANCE,-0.12575778451364
2008-11-05,SUNPHARMA,0.1045999336775782
2008-11-05,TATASTEEL,-0.0994993742177722
2008-11-05,UPL,0.1091003102378489
2008-11-06,JSWSTEEL,-0.1103550295857989
2008-11-06,RELIANCE,-0.0776171151648871
2008-11-06,TATAMOTORS,-0.1355653128430295
2008-11-06,TATASTEEL,-0.138058837155432
2008-11-06,UPL,-0.0965034965034964
2008-11-07,POWERGRID,0.0778571428571428
2008-11-10,BHARTIARTL,0.0981405755728725
2008-11-10,CIPLA,0.0784473398479914
2008-11-10,HINDALCO,0.1094527363184081
2008-11-10,ICICIBANK,0.0914873930141106
2008-11-10,NTPC,0.0756274768824305
2008-11-10,ONGC,0.0884459459459459
2008-11-10,TATASTEEL,0.1308707124010555
2008-11-11,HINDALCO,-0.1008968609865471
2008-11-11,MM,-0.0865384615384615
2008-11-11,NTPC,-0.0724593183911573
2008-11-11,ONGC,-0.0864113228629959
2008-11-11,RELIANCE,-0.0732100376026397
2008-11-11,TATAMOTORS,-0.0944281524926685
2008-11-11,TATASTEEL,-0.108259449370042
2008-11-11,ZEEL,-0.1008605851979346
2008-11-14,ULTRACEMCO,-0.062291273413678
2008-11-17,HDFCBANK,-0.0718568809158035
2008-11-17,KOTAKBANK,-0.1093213625561129
2008-11-18,NTPC,-0.0753401924991702
2008-11-19,TECHM,-0.0876849046515773
2008-11-20,HDFCBANK,-0.0716183370075178
2008-11-20,MARUTI,-0.0654721549636804
2008-11-21,HDFC,0.0846476575246679
2008-11-21,NTPC,0.086611331649224
2008-11-21,POWERGRID,0.0635838150289016
2008-11-21,SBIN,0.0887222886578971
2008-11-21,TCS,0.0792754395311667
2008-11-21,ULTRACEMCO,-0.0815647766867279
2008-11-24,ULTRACEMCO,-0.0844973271253664
2008-11-25,VEDL,0.1160572337042926
2008-11-26,HDFCBANK,0.0845702657409623
2008-11-26,ICICIBANK,0.092650264715042
2008-11-26,NTPC,0.0688758934372968
2008-11-26,ULTRACEMCO,0.0822711471610662
2008-12-01,MARUTI,-0.0870583825320961
2008-12-02,MM,-0.0852627710400588
2008-12-03,TATASTEEL,0.1068548387096772
2008-12-04,BRITANNIA,0.1161735261401557
2008-12-04,JSWSTEEL,0.1938469915600327
2008-12-04,LT,0.0828569361024675
2008-12-04,RELIANCE,0.0841829576279113
2008-12-04,TATAMOTORS,0.1328330206378987
2008-12-04,TATASTEEL,0.1366120218579234
2008-12-05,BRITANNIA,-0.0642190863429801
2008-12-10,GRASIM,0.1432210438760657
2008-12-10,MM,0.1432589913602571
2008-12-10,RELIANCE,0.0971346832953377
2008-12-10,SHREECEM,0.1069295931120677
2008-12-10,TATASTEEL,0.1114795918367346
2008-12-10,ULTRACEMCO,0.0977770349323081
2008-12-10,WIPRO,0.0960570469798658
2008-12-12,BAJAJ-AUTO,0.1029142615796143
2008-12-15,GRASIM,0.0936786695858762
2008-12-15,INDUSINDBK,0.1544117647058822
2008-12-16,ADANIPORTS,0.0949863574351979
2008-12-16,HCLTECH,0.1848820414058738
2008-12-16,ULTRACEMCO,0.0647668393782383
2008-12-17,GAIL,-0.083642716750382
2008-12-17,UPL,0.1084215834594048
2008-12-18,HCLTECH,0.1055214723926381
2008-12-18,ICICIBANK,0.0930986567855487
2008-12-19,BRITANNIA,0.0892699903559897
2009-01-05,ADANIPORTS,0.1785660377358489
2009-01-05,INDUSINDBK,0.1123188405797102
2009-01-06,GRASIM,0.0810252672497571
2009-01-06,ULTRACEMCO,0.1152397037806935
2009-01-07,ADANIPORTS,-0.1091852226720647
2009-01-07,HCLTECH,-0.1554959785522789
2009-01-07,HDFCBANK,-0.0828335150854235
2009-01-07,ICICIBANK,-0.1062183589645621
2009-01-07,INDUSINDBK,-0.1261467889908256
2009-01-07,LT,-0.0888614443660316
2009-01-07,RELIANCE,-0.1241155445327887
2009-01-07,TECHM,-0.1437308868501529
2009-01-09,ZEEL,-0.102351313969571
2009-01-12,ADANIPORTS,0.0942307692307693
2009-01-12,WIPRO,-0.0938433950986251
2009-01-14,ADANIPORTS,0.1000714796283059
2009-01-14,RELIANCE,0.0948447867848361
2009-01-16,NTPC,0.078884223155369
2009-01-19,BAJAJ-AUTO,0.0804373714409438
2009-01-20,BAJAJ-AUTO,-0.0852705410821643
2009-01-20,POWERGRID,0.1118210862619808
2009-01-21,POWERGRID,-0.0666666666666666
2009-01-22,UPL,-0.093914710110206
2009-01-22,ZEEL,-0.1117166212534059
2009-01-23,CIPLA,0.0763667920161992
2009-01-23,TECHM,-0.0876198779424585
2009-01-27,ASIANPAINT,-0.1296225902796633
2009-01-28,ZEEL,0.1314984709480122
2009-02-11,ZEEL,-0.1187620889748548
2009-02-19,TECHM,0.1166247906197652
2009-02-24,POWERGRID,0.063731170336037
2009-02-26,ULTRACEMCO,0.0802223987291501
2009-03-13,TATAMOTORS,0.1071550838753849
2009-03-16,MM,0.0843967517401391
2009-03-23,BAJAUTOFIN,0.2005097706032286
2009-03-23,BAJFINANCE,0.2005097706032286
2009-03-23,HDFC,0.0830025517436916
2009-03-23,HINDALCO,0.0923399790136412
2009-03-23,RELIANCE,0.0741114097968935
2009-03-23,TATASTEEL,0.1029787234042554
2009-03-23,ULTRACEMCO,0.0809922612106435
2009-03-26,BAJAUTOFIN,-0.0945406125166443
2009-03-26,BAJFINANCE,-0.0945406125166443
2009-03-26,TATAMOTORS,0.0969753663860306
2009-03-27,JSWSTEEL,0.1354679802955665
2009-03-27,TATASTEEL,0.0863957167193965
2009-03-30,HDFC,-0.0874227324334553
2009-03-30,HINDALCO,-0.0898366606170599
2009-03-30,ICICIBANK,-0.1222741433021805
2009-03-30,KOTAKBANK,-0.1065628107391447
2009-03-30,SBIN,-0.0906786444899048
2009-03-30,TATASTEEL,-0.1202956989247311
2009-03-30,TCS,-0.0897625467513264
2009-04-02,JSWSTEEL,0.215494921330412
2009-04-02,KOTAKBANK,0.1369176824177658
2009-04-02,ONGC,0.0833644162625886
2009-04-02,TATAMOTORS,0.131388888888889
2009-04-06,ADANIPORTS,0.1091432685385167
2009-04-06,MM,0.093092379027464
2009-04-06,TECHM,0.1007475970096121
2009-04-08,HCLTECH,0.1113097898971837
2009-04-08,NTPC,0.0666305525460455
2009-04-09,JSWSTEEL,0.1372709424083769
2009-04-13,SHREECEM,0.110602593440122
2009-04-13,TATAMOTORS,0.1117724867724867
2009-04-13,TATASTEEL,0.0844504021447718
2009-04-13,TECHM,0.1186202590916185
2009-04-15,BAJAUTOFIN,0.1413515189088654
2009-04-15,BAJFINANCE,0.1413515189088654
2009-04-15,TATAMOTORS,0.1163989688677373
2009-04-15,UPL,0.0926168632590651
2009-04-16,JSWSTEEL,-0.0997143245816896
2009-04-16,TATAMOTORS,-0.1422735346358792
2009-04-20,BAJAJFINSV,0.0885155466399199
2009-04-21,ZEEL,-0.102268501301599
2009-04-23,TATASTEEL,0.0911166459111665
2009-04-23,TECHM,0.0863814500326582
2009-04-23,WIPRO,0.1133250311332501
2009-04-28,HDFC,-0.079039796454548
2009-04-29,ICICIBANK,0.0910746812386156
2009-05-04,AXISBANK,0.0933967342544412
2009-05-04,HCLTECH,0.1879091259145167
2009-05-04,HDFC,0.1378731289267205
2009-05-04,HDFCBANK,0.0900168128322809
2009-05-04,HINDALCO,0.1432558139534885
2009-05-04,ICICIBANK,0.1058013355592655
2009-05-04,ITC,0.0886712546320804
2009-05-04,KOTAKBANK,0.0998053212199869
2009-05-04,LT,0.0835844657986013
2009-05-04,MM,0.1185572292243057
2009-05-04,TATASTEEL,0.105417891642167
2009-05-04,WIPRO,0.1048813661780263
2009-05-05,JSWSTEEL,0.100648007720943
2009-05-05,TATASTEEL,0.0871960486322187
2009-05-07,HINDALCO,0.1089187056037883
2009-05-07,JSWSTEEL,0.1185204480333419
2009-05-07,TATASTEEL,0.0873660879202069
2009-05-13,BAJAJ-AUTO,0.0760084615945728
2009-05-14,BAJAJ-AUTO,0.0775540641312453
2009-05-18,ADANIPORTS,0.1093799682034977
2009-05-18,AXISBANK,0.1801091570648878
2009-05-18,BAJAJ-AUTO,0.1219496815688252
2009-05-18,BHARTIARTL,0.2542351690942053
2009-05-18,BPCL,0.1512162162162162
2009-05-18,CIPLA,0.0909484625378951
2009-05-18,EICHERMOT,0.1273382916384944
2009-05-18,GAIL,0.1319007039644313
2009-05-18,GRASIM,0.1669505962521293
2009-05-18,HCLTECH,0.1235194585448391
2009-05-18,HDFC,0.2247298238374042
2009-05-18,HDFCBANK,0.1630026583400141
2009-05-18,HEROMOTOCO,0.2172027170799573
2009-05-18,HINDALCO,0.1348474095102909
2009-05-18,HINDUNILVR,0.068212215782434
2009-05-18,ICICIBANK,0.2303810683835043
2009-05-18,INDUSINDBK,0.1447212336892052
2009-05-18,INFY,0.1301481667503767
2009-05-18,IOC,0.1699148091959388
2009-05-18,ITC,0.1112604138672399
2009-05-18,JSWSTEEL,0.1653129479216435
2009-05-18,KOTAKBANK,0.1913842505681255
2009-05-18,LT,0.2453488372093024
2009-05-18,MARUTI,0.1061070502240038
2009-05-18,MM,0.2385821404226311
2009-05-18,NTPC,0.1015729138896293
2009-05-18,ONGC,0.1648527331980569
2009-05-18,POWERGRID,0.1594848935116393
2009-05-18,RELIANCE,0.2136925206336188
2009-05-18,SBIN,0.2002664636467452
2009-05-18,SHREECEM,0.1171428571428572
2009-05-18,SUNPHARMA,0.2208146186034012
2009-05-18,TATAMOTORS,0.135909519321395
2009-05-18,TATASTEEL,0.1700367647058822
2009-05-18,TCS,0.1549569132831303
2009-05-18,ULTRACEMCO,0.1464188177253105
2009-05-18,UPL,0.1459651898734175
2009-05-18,VEDL,0.1547169811320756
2009-05-18,WIPRO,0.1042108050847456
2009-05-18,ZEEL,0.1141361256544502
2009-05-19,BAJAUTOFIN,0.2003213711837173
2009-05-19,BAJFINANCE,0.2003213711837173
2009-05-19,BHARTIARTL,-0.0878189792663477
2009-05-19,CIPLA,-0.0986502580389042
2009-05-19,HEROMOTOCO,-0.0989712902575136
2009-05-19,INDUSINDBK,0.1243523316062176
2009-05-19,INFY,-0.133964779734459
2009-05-19,IOC,-0.1110224438902742
2009-05-19,ITC,-0.0788391777509069
2009-05-19,KOTAKBANK,0.1132857853707083
2009-05-19,LT,0.090528965209272
2009-05-19,SBIN,0.1125241825505058
2009-05-19,SUNPHARMA,-0.135876230307223
2009-05-19,TCS,-0.0996168582375479
2009-05-20,BAJAUTOFIN,0.1294065149486836
2009-05-20,BAJFINANCE,0.1294065149486836
2009-05-20,SHREECEM,0.1383582860092926
2009-05-20,TATAMOTORS,0.1882564605822703
2009-05-20,TATASTEEL,0.1274658573596359
2009-05-21,ASIANPAINT,0.0751210446520271
2009-05-21,BPCL,0.0996045477014333
2009-05-21,IOC,0.1416828898983342
2009-05-21,LT,-0.0903548079042092
2009-05-21,MARUTI,-0.0696837356625232
2009-05-21,ONGC,0.0813012217808837
2009-05-22,TECHM,0.1391888648908088
2009-05-22,UPL,0.0935419440745672
2009-05-25,ADANIPORTS,0.0979315394471902
2009-05-25,IOC,0.0869899183869418
2009-05-26,POWERGRID,-0.0759005145797597
2009-05-26,TECHM,-0.0886469673405909
2009-05-27,ONGC,0.0893191447433243
2009-05-27,TECHM,0.0941979522184299
2009-05-29,BAJAJ-AUTO,0.0875966139124033
2009-05-29,BAJAUTOFIN,0.0994847403884262
2009-05-29,BAJFINANCE,0.0994847403884262
2009-06-01,BAJAUTOFIN,0.1002162941600577
2009-06-01,BAJFINANCE,0.1002162941600577
2009-06-01,NTPC,0.0647632311977715
2009-06-01,TECHM,0.1038741686899611
2009-06-02,BAJAUTOFIN,0.100262123197903
2009-06-02,BAJFINANCE,0.100262123197903
2009-06-03,TECHM,0.1765337148989445
2009-06-03,ZEEL,0.1065002901915264
2009-06-04,ULTRACEMCO,0.074828060522696
2009-06-08,JSWSTEEL,-0.1302492318197335
2009-06-08,TATASTEEL,-0.1022849752101745
2009-06-09,ADANIPORTS,0.0931297709923664
2009-06-09,HCLTECH,0.1266666666666667
2009-06-09,TECHM,0.2561202093533683
2009-06-09,VEDL,0.150262467191601
2009-06-12,JSWSTEEL,0.1104482298453566
2009-06-15,RELIANCE,-0.0776004402861859
2009-06-16,INDUSINDBK,0.1730769230769229
2009-06-16,TCS,-0.4998071979434447
2009-06-16,TECHM,0.1288154978912001
2009-06-18,JSWSTEEL,-0.1006796269954165
2009-06-18,POWERGRID,-0.0806383872322553
2009-06-26,SUNPHARMA,-0.1164492276721766
2009-07-02,GAIL,0.0783394128886572
2009-07-06,HDFC,-0.0890847929474539
2009-07-06,ICICIBANK,-0.0996754751970329
2009-07-06,INDUSINDBK,-0.1174398120963006
2009-07-06,LT,-0.0892040683026965
2009-07-06,POWERGRID,-0.0823373173970782
2009-07-06,SBIN,-0.0862874036415881
2009-07-06,TATASTEEL,-0.0945313391939718
2009-07-08,TATASTEEL,-0.0857503152585119
2009-07-15,BAJAUTOFIN,0.1999999999999999
2009-07-15,BAJFINANCE,0.1999999999999999
2009-07-17,HCLTECH,0.109137709137709
2009-07-20,TCS,0.1530753282653765
2009-07-20,TECHM,0.0932243786176372
2009-07-23,MARUTI,0.0671168574487359
2009-07-24,BHARTIARTL,-0.4890676821029358
2009-07-24,TATAMOTORS,0.0954899368297341
2009-07-28,HINDUNILVR,-0.076756215584849
2009-07-28,TATAMOTORS,0.107591553060679
2009-08-03,BAJAJ-AUTO,0.0653979946797627
2009-08-03,BAJAUTOFIN,0.1099132264002102
2009-08-03,BAJFINANCE,0.1099132264002102
2009-08-07,BAJAJ-AUTO,-0.0677872036787441
2009-08-10,BAJAJ-AUTO,-0.0875574077224018
2009-08-10,MM,-0.0901909150757077
2009-08-10,ULTRACEMCO,-0.0670783230419239
2009-08-14,UPL,0.0975071000315557
2009-09-01,MARUTI,0.0714310554686141
2009-09-07,IOC,0.0900791727258039
2009-09-07,TATAMOTORS,0.1135156403698602
2009-09-15,BAJAJ-AUTO,0.0656996919717705
2009-09-18,SHREECEM,0.0799770217654942
2009-09-25,DRREDDY,0.1068086298683104
2009-10-01,BAJAUTOFIN,0.1973244147157189
2009-10-01,BAJFINANCE,0.1973244147157189
2009-10-05,BHARTIARTL,-0.0800965295334406
2009-10-06,BHARTIARTL,-0.1021861336664584
2009-10-14,BAJAUTOFIN,0.1431582645353943
2009-10-14,BAJFINANCE,0.1431582645353943
2009-10-14,VEDL,0.13301228827632
2009-10-23,ASIANPAINT,0.096586640535685
2009-10-27,VEDL,-0.125514403292181
2009-10-29,SHREECEM,0.0846973865199449
2009-10-30,IOC,-0.515406162464986
2009-11-03,HINDALCO,-0.1054575297496922
2009-11-03,JSWSTEEL,-0.1049636002647252
2009-11-04,HINDALCO,0.0931192660550459
2009-11-09,TECHM,0.1021893902895991
2009-11-17,BAJAJFINSV,0.0816294677696269
2009-11-27,RELIANCE,-0.5234200574110357
2009-12-23,NTPC,0.0698324022346368
2010-01-05,JSWSTEEL,0.1094383889730681
2010-01-27,TECHM,-0.0997521685254025
2010-02-01,TITAN,0.1383170097941235
2010-02-09,NESTLEIND,0.0556038556038556
2010-02-15,BHARTIARTL,-0.0918918918918918
2010-02-17,EICHERMOT,0.1207582938388627
2010-03-02,TATAMOTORS,0.1221175478065239
2010-03-08,BRITANNIA,-0.072026705895666
2010-03-29,MM,-0.4878342122305487
2010-04-23,NESTLEIND,-0.0539723361367902
2010-04-29,EICHERMOT,0.1693248852960454
2010-04-30,UPL,0.1523358158429248
2010-05-05,BAJAJFINSV,0.1739899734591565
2010-05-10,BAJAJFINSV,0.1023869346733667
2010-05-12,BAJAJFINSV,0.0807009453539313
2010-05-12,BHARTIARTL,-0.0823674042852125
2010-05-13,BAJAJFINSV,0.0920631534030298
2010-05-18,BAJAJFINSV,-0.0859022556390977
2010-05-20,ONGC,0.0912593893278705
2010-05-26,GRASIM,-0.2070720137990513
2010-06-11,EICHERMOT,0.1522037707578973
2010-06-15,WIPRO,-0.394541679026995
2010-06-18,BAJAJFINSV,-0.0999442896935933
2010-06-25,BPCL,0.1270086246028143
2010-06-25,IOC,0.1070591681312245
2010-07-09,BHARTIARTL,0.0985940558818294
2010-07-26,HEROMOTOCO,-0.0750262732935176
2010-07-26,MARUTI,-0.1227727875128846
2010-08-04,ITC,-0.5035166240409207
2010-08-19,HDFC,-0.7856228917064092
2010-08-23,BPCL,0.1107055961070557
2010-08-26,EICHERMOT,0.1320024541035442
2010-09-07,ULTRACEMCO,0.0763234816498863
2010-09-09,BAJAJ-AUTO,-0.5131113631814239
2010-09-09,BRITANNIA,-0.7727069351230424
2010-09-13,KOTAKBANK,-0.4740920656951192
2010-09-24,ADANIPORTS,-0.8054360812425329
2010-11-09,NESTLEIND,0.072441050375134
2010-11-11,ZEEL,-0.4998305659098611
2010-11-26,NESTLEIND,-0.0530821690174547
2010-11-26,SUNPHARMA,-0.8037037851628653
2010-12-01,IOC,0.1093321794317034
2010-12-02,HEROMOTOCO,-0.0749175517411514
2010-12-20,HEROMOTOCO,0.1776773503002913
2011-01-20,BRITANNIA,0.0955405023990967
2011-01-31,NESTLEIND,-0.0472570577793047
2011-02-03,BAJFINANCE,0.1013960323291698
2011-02-09,ONGC,-0.770373780921686
2011-02-14,NESTLEIND,0.0506207175152653
2011-02-14,TECHM,0.1101101976561131
2011-02-28,COALINDIA,0.119767640526226
2011-02-28,ITC,0.0812539987204092
2011-03-01,MARUTI,0.0683247806654527
2011-03-01,NTPC,0.0677068001177509
2011-03-03,BAJAJFINSV,0.2000678963449134
2011-03-08,TECHM,0.0949749484232242
2011-04-15,INFY,-0.0957897283890871
2011-05-09,COALINDIA,0.0609871534820825
2011-05-09,EICHERMOT,0.1209631851175729
2011-05-18,COALINDIA,-0.0601106639839035
2011-06-07,BAJAJFINSV,0.0861124937779989
2011-06-24,TITAN,-0.9495859008258688
2011-07-01,NESTLEIND,0.048027068474477
2011-07-08,COALINDIA,-0.0801521876981611
2011-07-15,HDFCBANK,-0.7980116680557209
2011-07-27,COALINDIA,0.0668538574675758
2011-08-01,JSWSTEEL,-0.1008539267693102
2011-08-29,BAJAJFINSV,0.1520438683948155
2011-08-29,TCS,0.0750171332173545
2011-09-13,TATAMOTORS,-0.8174924826774742
2011-10-18,TCS,-0.0773934389645168
2011-10-28,HINDALCO,0.109551656920078
2011-10-28,JSWSTEEL,0.1025089012171895
2011-10-31,HINDUNILVR,0.0705027773821393
2011-11-28,HINDALCO,0.0955947136563877
2011-11-28,JSWSTEEL,0.1002068903481154
2011-11-30,BAJAJFINSV,-0.0789616596068208
2012-01-02,BAJAJ-AUTO,-0.0728289556365464
2012-01-10,JSWSTEEL,0.1009086143630964
2012-01-17,MARUTI,0.099499032786072
2012-02-03,BAJAJFINSV,0.0841193244132485
2012-02-06,ULTRACEMCO,0.0689371374823639
2012-02-16,COALINDIA,-0.0582609974988965
2012-02-22,SBIN,-0.0805113254092845
2012-02-29,BAJAJFINSV,0.1010378248563341
2012-04-13,INFY,-0.1265519059131478
2012-04-24,TCS,0.1221047686163965
2012-05-03,HEROMOTOCO,-0.0765101568068424
2012-05-24,TECHM,0.089028776978417
2012-05-30,TATAMOTORS,-0.1185856754306436
2012-07-16,BPCL,-0.5052517665032783
2012-07-19,MARUTI,-0.089108103701288
2012-07-24,HINDUNILVR,0.0750649057455694
2012-11-01,TITAN,0.0996914770536057
2013-01-11,INFY,0.1678508375317571
2013-01-18,BPCL,0.0979426984728006
2013-01-18,IOC,0.1057296612852169
2013-03-28,JSWSTEEL,0.1211439052859761
2013-04-05,MARUTI,0.0726107848371597
2013-04-09,WIPRO,-0.1227718360071301
2013-04-12,INFY,-0.2125861418726642
2013-04-29,HINDUNILVR,0.0694548973228685
2013-04-30,HINDUNILVR,0.1738212526389864
2013-04-30,NESTLEIND,0.0520385642931817
2013-05-27,BRITANNIA,0.1580549756437022
2013-06-11,TITAN,-0.1038911975821684
2013-06-12,TITAN,-0.1376475548060707
2013-07-01,NESTLEIND,0.0511433868974042
2013-07-11,LT,-0.3175001768409139
2013-07-12,INFY,0.1091027745367532
2013-07-17,HINDUNILVR,0.0994222436206064
2013-07-29,SUNPHARMA,-0.4905128434619171
2013-07-30,IOC,-0.0823943661971831
2013-07-31,ASIANPAINT,-0.9008245086163104
2013-08-01,ADANIPORTS,0.1253493013972055
2013-08-02,ADANIPORTS,-0.1113870166725788
2013-08-02,COALINDIA,-0.0573861532765643
2013-08-02,POWERGRID,-0.1118133203694701
2013-08-06,ASIANPAINT,-0.0749788494077834
2013-08-13,BAJFINANCE,0.0986002561045613
2013-08-14,TATAMOTORS,0.0971291043493209
2013-08-16,TITAN,-0.1210901774282057
2013-08-20,VEDL,0.1636503658067001
2013-08-22,HINDALCO,0.1146838156484459
2013-08-22,TATASTEEL,0.1045738464638323
2013-08-22,VEDL,0.1330909090909091
2013-08-27,HDFC,-0.0779569892473118
2013-08-27,HDFCBANK,-0.0808113855717324
2013-08-27,NTPC,-0.0600453172205438
2013-08-29,VEDL,0.1377475613360921
2013-08-30,NESTLEIND,0.0472656500630921
2013-09-03,AXISBANK,-0.0942381117667475
2013-09-05,AXISBANK,0.1572052401746724
2013-09-05,COALINDIA,0.0696357803359124
2013-09-05,HDFCBANK,0.0805779629465472
2013-09-05,ICICIBANK,0.0928767960868237
2013-09-05,SBIN,0.0963391781555347
2013-09-10,BHARTIARTL,0.078406374501992
2013-09-10,TATAMOTORS,0.1000629326620516
2013-09-10,ULTRACEMCO,0.0664876175010149
2013-09-19,ASIANPAINT,0.0754208754208753
2013-10-29,MARUTI,0.0805497736809066
2013-12-10,NTPC,-0.1133919843597262
2014-01-17,COALINDIA,-0.1012720964810837
2014-01-28,MARUTI,-0.080068143100511
2014-01-29,MARUTI,0.0688697318007662
2014-02-13,CIPLA,-0.078619018776499
2014-02-24,NTPC,-0.1174027935069836
2014-03-18,MARUTI,0.0746354511202507
2014-04-28,UPL,0.2007814195789017
2014-05-12,COALINDIA,0.0725741130730601
2014-05-13,ADANIPORTS,0.0972629521016619
2014-05-16,VEDL,0.1102789256198346
2014-05-19,COALINDIA,0.1260856977417488
2014-05-19,IOC,0.0918803418803417
2014-05-19,NTPC,0.1063829787234043
2014-05-19,ONGC,0.0848626838474555
2014-05-20,COALINDIA,-0.0577195012212365
2014-05-22,BAJFINANCE,0.1100518753904233
2014-05-22,NTPC,0.05870236869207
2014-05-23,SBIN,0.0962912826229769
2014-05-30,HINDUNILVR,0.0842843022733399
2014-06-06,GAIL,0.0794016110471806
2014-06-06,ONGC,0.1109388047238459
2014-06-09,COALINDIA,0.0577243056444387
2014-06-09,GRASIM,0.1155122480994328
2014-06-09,POWERGRID,0.0722092115534738
2014-06-11,BRITANNIA,0.1066392647142775
2014-07-02,ADANIPORTS,0.1107698607698608
2014-07-08,POWERGRID,-0.0568298527901404
2014-07-30,AXISBANK,-0.797708674304419
2014-08-13,EICHERMOT,0.1149048603039304
2014-08-18,BRITANNIA,0.0664595490994583
2014-08-25,HINDALCO,-0.0967123287671233
2014-10-16,BAJAJFINSV,-0.0764636684462943
2014-10-17,TCS,-0.0884769052686605
2014-11-17,BAJFINANCE,0.1011992743886052
2014-11-21,SBIN,-0.8950352173166123
2014-12-01,ASIANPAINT,0.0702967637975022
2014-12-03,BAJAJFINSV,0.0823913043478261
2014-12-03,INFY,-0.5118222467441407
2014-12-05,ICICIBANK,-0.7994537651190011
2015-01-15,SHREECEM,0.0768267403696667
2015-02-28,ITC,-0.0821691643383285
2015-03-02,SHREECEM,0.0873762893452119
2015-03-02,ULTRACEMCO,0.0746392410109224
2015-03-20,HCLTECH,-0.5116493483840423
2015-03-20,NTPC,-0.0597738287560581
2015-03-20,TECHM,-0.757793251205142
2015-04-08,COALINDIA,0.0577030033370411
2015-04-21,SUNPHARMA,-0.0877562751484958
2015-05-04,ADANIPORTS,0.093371122657849
2015-05-04,BAJAJ-AUTO,0.071459728530008
2015-05-04,ONGC,0.0800986842105264
2015-05-13,SHREECEM,0.1007356006909285
2015-05-21,BAJAJ-AUTO,0.0692355962535153
2015-05-27,TECHM,-0.1423662631784459
2015-06-01,SUNPHARMA,-0.0915536693924025
2015-06-03,NESTLEIND,-0.0905890567008415
2015-06-08,NESTLEIND,-0.0736243263024819
2015-06-09,NESTLEIND,0.0709912012928712
2015-06-15,INFY,-0.4985190248348142
2015-07-09,KOTAKBANK,-0.505331088664422
2015-07-21,INFY,0.1112609238451936
2015-07-21,SUNPHARMA,-0.1505801687763712
2015-08-05,NESTLEIND,0.0767952886712384
2015-08-06,NESTLEIND,-0.0515109639021108
2015-08-24,BAJAJ-AUTO,-0.0892070484581496
2015-08-24,BAJAJFINSV,-0.0869542066027688
2015-08-24,CIPLA,-0.0882563808431315
2015-08-24,EICHERMOT,-0.0918330698734659
2015-08-24,GAIL,-0.1220491408382848
2015-08-24,ICICIBANK,-0.0895446880269814
2015-08-24,MARUTI,-0.0712776555332961
2015-08-24,NTPC,-0.0656401944894652
2015-08-24,ONGC,-0.1103731197499511
2015-08-24,RELIANCE,-0.0863483672008371
2015-08-24,SBIN,-0.0826168224299065
2015-08-24,TATASTEEL,-0.1312961011591148
2015-08-24,VEDL,-0.1427061310782241
2015-08-27,HDFC,0.0830498480518893
2015-10-01,HCLTECH,-0.127373619100952
2015-10-07,HINDALCO,0.092
2015-10-09,VEDL,0.1151776103336921
2015-10-16,NESTLEIND,0.0584709578667526
2015-11-06,DRREDDY,-0.1456087918294346
2015-11-20,GAIL,0.0995596099402329
2015-11-26,DRREDDY,-0.0847034861410396
2016-01-22,GAIL,0.0776798825256974
2016-02-03,BAJFINANCE,0.0977991533881681
2016-02-15,COALINDIA,0.07066204391613
2016-02-15,HINDALCO,0.1001642036124794
2016-02-15,LT,0.0908745788449674
2016-02-15,SBIN,0.0843023255813952
2016-02-15,TATASTEEL,0.1342528735632182
2016-02-15,VEDL,0.1857707509881423
2016-02-18,SHREECEM,0.0813600877475966
2016-02-25,POWERGRID,-0.0569076592698639
2016-02-29,ONGC,-0.1015968525804212
2016-03-01,ITC,0.1004566210045663
2016-03-01,MARUTI,0.079684844739688
2016-03-02,SBIN,0.1178648565257636
2016-03-14,COALINDIA,-0.0696142991533396
2016-03-31,NESTLEIND,0.0506496587466696
2016-04-12,NESTLEIND,0.0471915854022058
2016-05-02,UPL,0.1059676519799219
2016-05-04,ADANIPORTS,-0.1157112526539277
2016-05-13,NESTLEIND,0.0720364954555801
2016-05-23,BRITANNIA,-0.0846896645852526
2016-05-25,TECHM,0.1004685059864654
2016-05-26,LT,0.1413363270362342
2016-05-27,BPCL,0.0919292188174363
2016-05-30,HINDALCO,0.120239390642002
2016-06-01,NESTLEIND,0.0481274652102963
2016-07-01,ITC,-0.3150108577633007
2016-07-14,BPCL,-0.5061353799473474
2016-07-26,BAJFINANCE,0.0962526367345122
2016-07-27,DRREDDY,-0.1022547557724459
2016-08-08,BRITANNIA,0.0927511613395271
2016-08-16,CIPLA,0.0740381819943791
2016-09-09,BAJFINANCE,-0.8987518980453424
2016-09-12,HINDALCO,-0.0904100742654181
2016-10-07,GRASIM,-0.7922489890646695
2016-10-14,NESTLEIND,0.0511011936603036
2016-10-18,IOC,-0.4991437023197882
2016-10-25,ADANIPORTS,0.0950463854367233
2016-11-10,SBIN,0.0819230769230769
2016-11-10,TATASTEEL,0.0942782020783772
2016-11-15,ASIANPAINT,-0.0743011534864387
2016-11-15,GRASIM,-0.0886540600667409
2016-11-15,NESTLEIND,-0.0475760361296511
2016-11-15,TATAMOTORS,-0.0983638872462054
2016-11-15,ULTRACEMCO,-0.0742824908505543
2016-11-16,BAJFINANCE,0.1039813508373719
2016-12-15,ONGC,-0.3237798886341304
2017-01-05,JSWSTEEL,-0.8931926666869356
2017-02-06,BAJAJFINSV,0.0883053845816459
2017-02-15,TATAMOTORS,-0.0945959962659476
2017-02-22,RELIANCE,0.10963058261349
2017-03-09,GAIL,-0.2689156626506024
2017-03-14,COALINDIA,-0.0674992096111287
2017-05-04,ICICIBANK,0.0918423464711275
2017-05-10,BHARTIARTL,0.0796524257784214
2017-05-29,SUNPHARMA,-0.1145952611644498
2017-05-29,TECHM,-0.1158103227309798
2017-06-05,TITAN,0.1697933227344992
2017-06-14,WIPRO,-0.5134416262942909
2017-07-13,BPCL,-0.3293111013602458
2017-07-13,LT,-0.3244804690868328
2017-07-18,ITC,-0.1248654467168998
2017-07-19,GRASIM,-0.1971249426517816
2017-08-04,IOC,0.0824182922103087
2017-08-18,INFY,-0.0956066023411863
2017-08-28,NESTLEIND,0.0675491473056069
2017-09-01,DRREDDY,0.0973081300410707
2017-09-08,RELIANCE,-0.5035249787285767
2017-09-21,DRREDDY,0.0742428824469696
2017-10-13,BHARTIARTL,0.076577139287945
2017-10-18,AXISBANK,-0.0948065867680014
2017-10-25,ICICIBANK,0.1468767585818795
2017-10-25,SBIN,0.2768716840243663
2017-11-01,BHARTIARTL,0.0842719227674979
2017-11-06,TITAN,0.1878741947707465
2017-12-07,GAIL,0.0800350838723824
2017-12-22,MM,-0.5160045402951192
2018-01-09,COALINDIA,0.0577491737693511
2018-01-31,TATASTEEL,-0.0912547528517111
2018-02-08,CIPLA,0.0762406675450153
2018-03-16,COALINDIA,-0.0585448392554991
2018-03-16,IOC,-0.5323376787748386
2018-03-27,GAIL,-0.2450899682465012
2018-04-19,HINDALCO,0.0904036243822075
2018-05-11,NESTLEIND,0.0602846947353186
2018-06-01,TCS,-0.5070003699382488
2018-07-16,DRREDDY,-0.0973769855809643
2018-07-20,BAJAJ-AUTO,-0.0884109149277688
2018-07-23,UPL,0.1501091703056769
2018-07-24,GRASIM,0.0848165834599521
2018-08-23,NESTLEIND,0.0604102366255143
2018-09-04,INFY,-0.4860379989541572
2018-10-04,BPCL,-0.1235940187905254
2018-10-04,IOC,-0.1142676767676766
2018-10-05,BPCL,-0.1988524837686848
2018-10-05,GAIL,-0.0975676042940616
2018-10-05,IOC,-0.1585887384176765
2018-10-05,ONGC,-0.1470417633410672
2018-10-08,VEDL,-0.1074897474638463
2018-10-09,TATAMOTORS,-0.1318577819637391
2018-10-10,BAJAJFINSV,0.0980641358604557
2018-10-10,BAJFINANCE,0.1019482252468642
2018-10-24,BAJFINANCE,0.1096551227590181
2018-10-24,BHARTIARTL,0.1047569080097938
2018-10-29,ICICIBANK,0.1069222239822589
2018-10-31,TECHM,0.0858268865858997
2018-11-15,GRASIM,-0.077195184572374
2018-11-16,BHARTIARTL,0.0931340341655717
2018-11-29,BRITANNIA,-0.4913657902461525
2019-01-25,MARUTI,-0.0748799818197313
2019-01-25,ULTRACEMCO,-0.0738386050069906
2019-01-25,ZEEL,-0.2661057969344244
2019-01-28,ADANIPORTS,-0.1277250234051089
2019-01-28,ZEEL,0.1724246231155779
2019-02-01,VEDL,-0.1783633139092981
2019-02-08,TATAMOTORS,-0.175827180749248
2019-03-06,WIPRO,-0.236936193619362
2019-03-11,BHARTIARTL,0.0813087139617751
2019-03-19,NTPC,-0.1502362204724409
2019-04-23,BHARTIARTL,-0.0941614195764166
2019-05-08,ZEEL,-0.1017201679534063
2019-05-13,SUNPHARMA,-0.0905768132495716
2019-06-06,GAIL,-0.1170969993021632
2019-07-02,UPL,-0.3080046403712297
2019-07-08,BAJAJFINSV,-0.0998535923227844
2019-07-09,TITAN,-0.1225597828256617
2019-07-10,GAIL,-0.520191989407481
2019-07-29,GRASIM,-0.0906337505000286
2019-08-13,RELIANCE,0.0969365803287154
2019-08-21,NESTLEIND,0.0521562599208007
2019-08-21,TATAMOTORS,-0.0924505450141298
2019-09-05,COALINDIA,0.0697227559703539
2019-09-11,TATAMOTORS,0.1021328958162426
2019-09-19,HDFCBANK,-0.496720374814307
2019-09-20,ASIANPAINT,0.0753587746959263
2019-09-20,BAJAJ-AUTO,0.069518228453548
2019-09-20,BAJFINANCE,0.1011733912345145
2019-09-20,BRITANNIA,0.0935235334503012
2019-09-20,EICHERMOT,0.1338009839707983
2019-09-20,HDFCBANK,0.0895054720494072
2019-09-20,HEROMOTOCO,0.1305755750814492
2019-09-20,HINDUNILVR,0.0866087436215694
2019-09-20,INDUSINDBK,0.1071163969584714
2019-09-20,LT,0.0851849004382254
2019-09-20,MARUTI,0.1038556537028509
2019-09-20,MM,0.0955131908338147
2019-09-20,NESTLEIND,0.0633719052532906
2019-09-20,SBIN,0.1008939974457214
2019-09-20,ULTRACEMCO,0.1043245480174843
2019-09-23,ASIANPAINT,0.0788450029922203
2019-09-23,BAJAJFINSV,0.0785192983824323
2019-09-23,BPCL,0.1163798440014856
2019-09-23,BRITANNIA,0.0651028950122079
2019-09-23,LT,0.0828905419766206
2019-10-01,ZEEL,-0.1218455743879473
2019-10-17,TATAMOTORS,0.1084624553039332
2019-10-22,INFY,-0.1618805756332617
2019-10-27,TATAMOTORS,0.1643673630271973
2019-10-29,TATAMOTORS,0.1675693974272174
2019-10-31,ZEEL,0.1082287901339571
2019-11-01,ZEEL,0.1876438986953184
2019-11-06,TITAN,-0.0994703224801371
2019-11-15,BHARTIARTL,0.0842758620689656
2019-11-21,ZEEL,0.1242671009771987
2019-12-06,HCLTECH,-0.5021768103065305
2020-02-03,NESTLEIND,0.0500008051659446
2020-02-05,TATAMOTORS,0.1089318044659022
2020-02-28,TATAMOTORS,-0.1122203098106713
2020-02-28,VEDL,-0.1267713519724244
2020-03-06,TATAMOTORS,-0.0918489065606361
2020-03-09,COALINDIA,-0.064
2020-03-09,INDUSINDBK,-0.1100709499408749
2020-03-09,ONGC,-0.1576271186440678
2020-03-09,RELIANCE,-0.1234067663257276
2020-03-09,TATASTEEL,-0.0830725462304409
2020-03-09,VEDL,-0.1454299864925708
2020-03-09,ZEEL,-0.1207325344788605
2020-03-11,COALINDIA,0.063627730294397
2020-03-11,GAIL,-0.099054255848681
2020-03-12,ADANIPORTS,-0.1016552154903186
2020-03-12,AXISBANK,-0.1228707515944135
2020-03-12,BAJAJ-AUTO,-0.0974899191603481
2020-03-12,BAJAJFINSV,-0.0988551005573055
2020-03-12,BPCL,-0.1486152324431255
2020-03-12,BRITANNIA,-0.0779614867303086
2020-03-12,COALINDIA,-0.0800595238095237
2020-03-12,GAIL,-0.116574585635359
2020-03-12,GRASIM,-0.1045981607357057
2020-03-12,HDFC,-0.0788459177409452
2020-03-12,HDFCBANK,-0.0830490213682887
2020-03-12,HINDALCO,-0.1277213352685051
2020-03-12,IOC,-0.0928792569659442
2020-03-12,ITC,-0.1130088243666381
2020-03-12,LT,-0.0898876404494383
2020-03-12,MARUTI,-0.0818622585946017
2020-03-12,NTPC,-0.0844250363901019
2020-03-12,ONGC,-0.1283124128312412
2020-03-12,POWERGRID,-0.0843439911797133
2020-03-12,RELIANCE,-0.0784968141823068
2020-03-12,SBIN,-0.1325989392084863
2020-03-12,SHREECEM,-0.0740537750800415
2020-03-12,TATAMOTORS,-0.1102123356926189
2020-03-12,TCS,-0.094103495930798
2020-03-12,TITAN,-0.0933776786090179
2020-03-12,ULTRACEMCO,-0.0826113086592879
2020-03-12,UPL,-0.1418899313279814
2020-03-12,VEDL,-0.1320652173913044
2020-03-13,BPCL,0.0922160906186464
2020-03-13,CIPLA,0.0780240658644713
2020-03-13,GRASIM,0.0805572921318211
2020-03-13,HDFC,0.1018819640667485
2020-03-13,SBIN,0.1382878645343368
2020-03-13,TATASTEEL,0.136545486171508
2020-03-16,ADANIPORTS,-0.1070879590093937
2020-03-16,AXISBANK,-0.1058368495077354
2020-03-16,COALINDIA,-0.0661907852044126
2020-03-16,HDFC,-0.1088881362492742
2020-03-16,HINDALCO,-0.0925853275794429
2020-03-16,ICICIBANK,-0.0990608228980322
2020-03-16,INDUSINDBK,-0.1736858475894246
2020-03-16,INFY,-0.0921615941464933
2020-03-16,ITC,-0.0924499229583974
2020-03-16,JSWSTEEL,-0.1344811540251279
2020-03-16,LT,-0.0787008416948024
2020-03-16,MM,-0.0863938440013991
2020-03-16,NTPC,-0.0739418663946965
2020-03-16,ONGC,-0.0872534142640365
2020-03-16,POWERGRID,-0.0592614651578321
2020-03-16,RELIANCE,-0.0810639645345154
2020-03-16,TATASTEEL,-0.1135598408325679
2020-03-16,ULTRACEMCO,-0.0714851276095964
2020-03-16,VEDL,-0.1094586555621653
2020-03-17,ZEEL,-0.1998797715659753
2020-03-18,BAJAJFINSV,-0.1007908799429996
2020-03-18,BAJFINANCE,-0.1113256019855726
2020-03-18,BRITANNIA,-0.0685219657483247
2020-03-18,HDFCBANK,-0.1007076197313097
2020-03-18,HEROMOTOCO,-0.0869022078592184
2020-03-18,INDUSINDBK,-0.2372755110485805
2020-03-18,KOTAKBANK,-0.1139714220911771
2020-03-18,NESTLEIND,-0.0690598995942507
2020-03-18,NTPC,-0.0856980703745743
2020-03-18,ONGC,0.1358333333333334
2020-03-18,POWERGRID,-0.1101851851851851
2020-03-18,ZEEL,0.2329075882794891
2020-03-19,AXISBANK,-0.095469426549794
2020-03-19,BAJAJFINSV,-0.0831510887135114
2020-03-19,BAJFINANCE,-0.1029774445914384
2020-03-19,BPCL,-0.0971282513907683
2020-03-19,BRITANNIA,-0.073462699094706
2020-03-19,COALINDIA,-0.1482247500861773
2020-03-19,MARUTI,-0.0995955274490204
2020-03-19,MM,-0.0929561200923787
2020-03-19,ONGC,-0.1041819515774029
2020-03-19,SHREECEM,-0.0809839353787067
2020-03-19,TECHM,-0.0856551367204346
2020-03-19,ZEEL,-0.1395490554539915
2020-03-20,ASIANPAINT,0.0885273544841369
2020-03-20,BAJAJFINSV,0.0773571860686199
2020-03-20,BRITANNIA,0.06455578802062
2020-03-20,COALINDIA,0.0748684743019021
2020-03-20,DRREDDY,0.1041559480935232
2020-03-20,GAIL,0.1642651296829969
2020-03-20,GRASIM,0.0780979533652377
2020-03-20,HDFC,0.0842915430267063
2020-03-20,HINDUNILVR,0.1160855137899146
2020-03-20,ITC,0.0843373493975903
2020-03-20,NESTLEIND,0.0781384571999117
2020-03-20,ONGC,0.1850941850941849
2020-03-20,POWERGRID,0.0686374447842337
2020-03-20,RELIANCE,0.1092404925356871
2020-03-20,TATASTEEL,0.0952731285635459
2020-03-20,TCS,0.0984508204235037
2020-03-20,TECHM,0.0874528301886792
2020-03-20,ULTRACEMCO,0.1288040302585238
2020-03-20,WIPRO,0.10378811210348
2020-03-23,ADANIPORTS,-0.189547581903276
2020-03-23,ASIANPAINT,-0.1402794113428382
2020-03-23,AXISBANK,-0.2791077893261707
2020-03-23,BAJAJ-AUTO,-0.1368014984614013
2020-03-23,BAJAJFINSV,-0.2586213811857758
2020-03-23,BAJFINANCE,-0.2323080050137199
2020-03-23,BHARTIARTL,-0.1195288014697935
2020-03-23,BPCL,-0.1525876985999685
2020-03-23,BRITANNIA,-0.1337020828268094
2020-03-23,EICHERMOT,-0.1258128195070303
2020-03-23,GRASIM,-0.1816207026822818
2020-03-23,HDFC,-0.1329855469084067
2020-03-23,HDFCBANK,-0.1260689811406241
2020-03-23,HEROMOTOCO,-0.1099851297020433
2020-03-23,HINDALCO,-0.1668246445497629
2020-03-23,HINDUNILVR,-0.0887069259638347
2020-03-23,ICICIBANK,-0.1784784495227075
2020-03-23,INDUSINDBK,-0.2359486771886
2020-03-23,INFY,-0.1003930280246069
2020-03-23,IOC,-0.1087196467991169
2020-03-23,ITC,-0.1207977207977207
2020-03-23,JSWSTEEL,-0.1783783783783783
2020-03-23,KOTAKBANK,-0.1299956430466985
2020-03-23,LT,-0.1626575690991096
2020-03-23,MARUTI,-0.1690915892266498
2020-03-23,MM,-0.0905145691258525
2020-03-23,NESTLEIND,-0.0848927220670885
2020-03-23,NTPC,-0.0596923076923076
2020-03-23,ONGC,-0.1651693158258464
2020-03-23,RELIANCE,-0.1315388771550666
2020-03-23,SBIN,-0.1346199666428401
2020-03-23,SHREECEM,-0.1028505077061837
2020-03-23,SUNPHARMA,-0.1115674195756331
2020-03-23,TATAMOTORS,-0.1435963777490296
2020-03-23,TATASTEEL,-0.0893366918555835
2020-03-23,TCS,-0.0710729088430832
2020-03-23,TECHM,-0.1546803157803418
2020-03-23,TITAN,-0.1148745717758867
2020-03-23,ULTRACEMCO,-0.1452215397960182
2020-03-23,UPL,-0.1517574546060303
2020-03-23,VEDL,-0.1696487740225315
2020-03-23,ZEEL,-0.158040027605245
2020-03-24,ADANIPORTS,0.1152550529355149
2020-03-24,BRITANNIA,0.1061112800243235
2020-03-24,GRASIM,-0.0765147143681477
2020-03-24,HINDUNILVR,0.0845857624217787
2020-03-24,INFY,0.1203343147497386
2020-03-24,MM,-0.0831629175187457
2020-03-25,ADANIPORTS,0.1029126213592233
2020-03-25,GRASIM,0.128092976755811
2020-03-25,HDFC,0.0936482625739154
2020-03-25,HDFCBANK,0.115995831705093
2020-03-25,KOTAKBANK,0.119047619047619
2020-03-25,LT,0.0817205820031077
2020-03-25,MARUTI,0.1157931103656566
2020-03-25,NESTLEIND,0.0716519455274569
2020-03-25,RELIANCE,0.147180411278355
2020-03-25,ULTRACEMCO,0.0697458666048176
2020-03-25,UPL,0.117344018317115
2020-03-26,BAJAJ-AUTO,0.0822396301528187
2020-03-26,BHARTIARTL,0.0969470985784197
2020-03-26,HEROMOTOCO,0.0805025035229214
2020-03-26,INDUSINDBK,0.4467308330567539
2020-03-26,LT,0.0943519425399934
2020-03-27,COALINDIA,0.0685598377281946
2020-03-27,HEROMOTOCO,-0.0780842444086797
2020-03-30,BAJFINANCE,-0.1180820516854818
2020-03-30,HDFC,-0.1113169897377422
2020-03-30,HDFCBANK,-0.0804909060755155
2020-03-30,MARUTI,-0.0683691698413724
2020-03-30,TATASTEEL,-0.0836789900811542
2020-03-31,BPCL,0.1534121929026386
2020-03-31,BRITANNIA,0.0869934310257705
2020-03-31,GAIL,0.0804516584333099
2020-03-31,INDUSINDBK,-0.1502177068214802
2020-03-31,ITC,0.0785175879396984
2020-03-31,RELIANCE,0.0808384686302101
2020-04-01,TECHM,-0.0960212201591512
2020-04-03,AXISBANK,-0.0925693573121427
2020-04-03,CIPLA,0.085679758308157
2020-04-03,SUNPHARMA,0.0943094163877165
2020-04-07,AXISBANK,0.1948071900445538
2020-04-07,BAJAJ-AUTO,0.1211063306699447
2020-04-07,BHARTIARTL,0.1090930534261116
2020-04-07,BPCL,0.1070471385779601
2020-04-07,BRITANNIA,0.1058226860431092
2020-04-07,CIPLA,0.0958370436331255
2020-04-07,DRREDDY,0.138680564382865
2020-04-07,GRASIM,0.1404222564328128
2020-04-07,HCLTECH,0.1117545588960078
2020-04-07,HDFCBANK,0.1010628494194261
2020-04-07,HEROMOTOCO,0.1182958819253501
2020-04-07,HINDALCO,0.1706081081081081
2020-04-07,HINDUNILVR,0.1349983751914953
2020-04-07,ICICIBANK,0.1376242804814236
2020-04-07,INDUSINDBK,0.2255747126436782
2020-04-07,INFY,0.0910022195663307
2020-04-07,JSWSTEEL,0.1236673773987206
2020-04-07,MARUTI,0.1351489467780131
2020-04-07,MM,0.1435696473102956
2020-04-07,NESTLEIND,0.1280400406497337
2020-04-07,RELIANCE,0.1194022924497655
2020-04-07,SUNPHARMA,0.1101210267322783
2020-04-07,TATASTEEL,0.0884729064039409
2020-04-07,TCS,0.073147140611776
2020-04-07,TITAN,0.0981108020398702
2020-04-07,ULTRACEMCO,0.0782154129405576
2020-04-07,ZEEL,0.1330920788098111
2020-04-09,BAJAJ-AUTO,0.0866529865726903
2020-04-09,BAJFINANCE,0.0938531441553429
2020-04-09,CIPLA,0.1303754266211605
2020-04-09,HDFC,0.0925712086220169
2020-04-09,HEROMOTOCO,0.0929102736530069
2020-04-09,MARUTI,0.1337881271152166
2020-04-09,MM,0.1685049019607842
2020-04-09,TATAMOTORS,0.1035502958579881
2020-04-09,TITAN,0.1099129673216925
2020-04-13,BAJFINANCE,-0.1036698865528928
2020-04-16,NTPC,0.057842046718576
2020-04-17,AXISBANK,0.1331203407880723
2020-04-17,EICHERMOT,0.1046266831696125
2020-04-17,ICICIBANK,0.0980994152046783
2020-04-17,MARUTI,0.0729320963592421
2020-04-21,INDUSINDBK,-0.1222903437705276
2020-04-22,RELIANCE,0.1020325696043964
2020-04-22,ZEEL,0.1748549323017407
2020-04-28,INDUSINDBK,0.1488708885616103
2020-04-30,COALINDIA,0.0618519842688596
2020-04-30,HCLTECH,0.1053380782918149
2020-04-30,HEROMOTOCO,0.0997081588630883
2020-04-30,HINDALCO,0.1195184866723988
2020-04-30,JSWSTEEL,0.1008531383302864
2020-04-30,ONGC,0.1333333333333333
2020-04-30,TATAMOTORS,0.1932181701855404
2020-04-30,UPL,0.1648641153632832
2020-04-30,VEDL,0.1313960833859759
2020-05-04,AXISBANK,-0.094628006293549
2020-05-04,BAJAJ-AUTO,-0.0690542446536804
2020-05-04,BAJFINANCE,-0.1028644148224838
2020-05-04,HDFC,-0.1000260960334029
2020-05-04,HDFCBANK,-0.078658414853264
2020-05-04,HEROMOTOCO,-0.0766142059352932
2020-05-04,HINDALCO,-0.1098310291858677
2020-05-04,ICICIBANK,-0.110745758253321
2020-05-04,INDUSINDBK,-0.0963366442379578
2020-05-04,MARUTI,-0.0881727252369933
2020-05-04,TATAMOTORS,-0.1002680965147452
2020-05-04,TATASTEEL,-0.0828025477707006
2020-05-04,VEDL,-0.1072026800670016
2020-05-12,NTPC,0.0577034045008655
2020-05-12,VEDL,0.1187185929648242
2020-05-13,NESTLEIND,-0.0543810971855951
2020-05-18,BAJAJ-AUTO,-0.0698866196125544
2020-05-18,COALINDIA,-0.0609567901234566
2020-05-18,INDUSINDBK,-0.1001910675901599
2020-05-18,MARUTI,-0.0743961257940553
2020-05-18,ULTRACEMCO,-0.0768457921102939
2020-05-19,BHARTIARTL,0.1129077223306385
2020-05-19,UPL,-0.0961947844598191
2020-05-21,ITC,0.0751066856330013
2020-05-27,AXISBANK,0.1338997949018459
2020-06-01,BAJAJFINSV,0.0813412336261891
2020-06-01,BAJFINANCE,0.1060578916387273
2020-06-02,BAJAJFINSV,0.088490930466913
2020-06-05,TATAMOTORS,0.1243654822335025
2020-06-18,BAJAJFINSV,0.0775469282005976
2020-06-18,COALINDIA,0.062958671301661
2020-06-19,BAJAJFINSV,0.0870097926320347
2020-06-22,BAJAJ-AUTO,0.0678295660627816
2020-07-15,WIPRO,0.1677777777777778
2020-07-16,INFY,0.096335519586016
2020-07-17,BPCL,0.1266818989591267
2020-07-21,POWERGRID,0.062079510703364
2020-07-28,ULTRACEMCO,0.0715655034843658
2020-08-10,CIPLA,0.0918822479928636
2020-08-17,NTPC,0.0780542986425338
2020-08-19,ZEEL,0.1313595860879564
2020-08-20,NTPC,0.068145800316957
2020-08-25,EICHERMOT,-0.8978338801238572
2020-08-28,INDUSINDBK,0.0987042997441609
2020-09-14,HCLTECH,0.1015727845908682
2020-09-18,DRREDDY,0.1048423015174271
2020-09-23,BHARTIARTL,-0.0788831086102558
2020-10-01,INDUSINDBK,0.1228668941979522
2020-10-05,TCS,0.0722621807446155
2020-10-06,HDFC,0.0836367710492409
2020-10-12,VEDL,-0.2043496101764463
2020-10-27,KOTAKBANK,0.1205095631307784
2020-10-27,NESTLEIND,0.0596887329444288
2020-11-02,RELIANCE,-0.0861766853248965
2020-11-18,MM,0.1074931345625735
2020-11-18,TATAMOTORS,0.0981012658227848
2020-11-20,BAJAJFINSV,0.0919293401845746
2020-12-01,GAIL,0.0784218217243057
2020-12-03,MARUTI,0.0739055019773815
2020-12-10,UPL,-0.1099269183922047
2020-12-21,COALINDIA,-0.0617501764290755
2020-12-21,GAIL,-0.0827668932427029
2020-12-21,NTPC,-0.0602409638554216
2020-12-21,ONGC,-0.0924242424242425
2021-01-11,TATAMOTORS,0.1135503406510218
2021-01-22,BAJAJ-AUTO,0.1042853671050143
2021-02-01,BAJAJFINSV,0.1145338339399844
2021-02-01,HDFC,0.0847211708301791
2021-02-01,ICICIBANK,0.1243947858472998
2021-02-01,INDUSINDBK,0.1471457274553835
2021-02-01,LT,0.0855248370420318
2021-02-01,SBIN,0.1013824884792624
2021-02-01,SHREECEM,0.0777334032981533
2021-02-01,ULTRACEMCO,0.0782580130461307
2021-02-02,SHREECEM,0.0769630372072556
2021-02-02,TATAMOTORS,0.1516452074391987
2021-02-02,ULTRACEMCO,0.0660498071951465
2021-02-03,POWERGRID,0.0633367662203914
2021-02-05,SBIN,0.1070121092649958
2021-02-05,ZEEL,-0.1369011826017236
2021-02-16,POWERGRID,0.0616615674276301
2021-02-18,ONGC,0.0826405867970661
2021-02-25,COALINDIA,0.0810249307479222
2021-02-26,POWERGRID,-0.0582289606679851
2021-03-01,POWERGRID,0.0604293047130191
2021-04-06,ADANIPORTS,0.1256988885146512
2021-04-12,ADANIPORTS,-0.0958596406022341
2021-04-12,TATAMOTORS,-0.0994657448145819
2021-04-12,ZEEL,-0.1210871147779666
