Volatility,Return,Sharpe
0.18139182893917266,0.21757982381698251,0.9238554172866197
0.18303905470338588,0.17332697052304483,0.6737740791051162
0.1790070370534871,0.16182432764314997,0.6246923555845292
0.18881406335548587,0.19236308945255892,0.753985624389258
0.19348087287482793,0.17316498637766117,0.6365744817439526
0.16974146793515812,0.16571034192574732,0.6816857620787697
0.17495591712691055,0.17003216465450205,0.6860709064640118
0.1866034513377171,0.19441973460924186,0.7739392469642447
0.18455031652166864,0.1833890481141461,0.7227787555622234
0.16806283485151982,0.1823994566904913,0.7877973545279275
0.18185106519874514,0.18149783562834237,0.7231073157840914
0.171840712548463,0.17567062263969807,0.7313204232917511
0.1782099068383603,0.17985402282904683,0.7286577111946243
0.1858251825149096,0.19635004311706705,0.7875684077712382
0.18509848874137472,0.1957380415746124,0.7873540327940876
0.18036629324524622,0.18263529251753097,0.7353662933970992
0.18128211495326613,0.2070150952970465,0.8661367136935952
0.18433749459441268,0.1753877776048731,0.680207669528962
0.183109552503351,0.18727447903026348,0.7496849681162935
0.18189471103471166,0.20326810022027214,0.8426198834941573
0.1863260030538086,0.16541187161512266,0.6194082936550364
0.18663740221318587,0.1781302396912922,0.686519626676629
0.18935874148632634,0.1991179843036431,0.7874893080360431
0.1820776501761542,0.16982644656125412,0.6581062884177488
0.19246326226118982,0.18956310778504257,0.7251415472509396
0.19530609237157348,0.18576313021961804,0.6951300318954012
0.1762938579664024,0.17621730921245923,0.7159484208265121
0.18918158654833384,0.18635416708397526,0.7207581328172139
0.16956230044589046,0.21093710889535472,0.9491326106814165
0.18888313395889206,0.17560211110873478,0.6649726128330252
0.16632901531228772,0.17852147982912595,0.7726942866091222
0.19639781085594765,0.16444873412630875,0.5827393575697936
0.17570422606803077,0.18506391314929896,0.7687004244109852
0.17809690275159262,0.17080482776109113,0.6783095376430449
0.18426096145543147,0.1975485709358134,0.80075871617278
0.18544147811780806,0.18018889746360173,0.7020484240364757
0.17150928168850718,0.18362894862327328,0.7791353756933597
0.17670829216542286,0.145936360055177,0.5429080824648997
0.16543826270438913,0.18846929771715734,0.8369847183694084
0.20987987845240344,0.1699574416600327,0.5715528451062861
0.18168311120429378,0.18137598189878168,0.7231050868071927
0.1777133573672833,0.18520762051934822,0.7608185592932795
0.1769777835183141,0.1907031709910458,0.7950329594702233
0.18155930082757765,0.19410077230256678,0.7936843314869102
0.17335123484262066,0.18563295503458468,0.7824170110915042
0.17782585308340784,0.16652316774248316,0.65526561926757
0.18558789998243,0.19088753232890698,0.7591417993427649
0.16748984929897276,0.1729443243786509,0.7340404501719552
0.16309594748950682,0.18199817130715004,0.809328333039314
0.17404765441924258,0.18217623839666408,0.7594255655883794
0.19569682196686797,0.19513472574434979,0.7416304684238638
0.1887884191342026,0.17214726000746539,0.6470061064531478
0.1828313194893616,0.17901652976961677,0.7056588014020422
0.1673282981376404,0.1884514000172616,0.827423702734218
0.17589234679546872,0.16945280941464116,0.6791245417490698
0.17002605930826833,0.16491755005444222,0.6758819825735607
0.1902450308514429,0.20366833124471723,0.80773900141819
0.1885310126309479,0.1624574742015635,0.5964932380737835
0.18470888286369863,0.18282836983293,0.7191228043480044
0.19477415724875155,0.19792760015166425,0.7594826862104799
0.1836510817137677,0.1545211553004004,0.5691289935514973
0.18457747395087795,0.19760314143794425,0.7996812302091978
0.18582179355400608,0.2012877436416875,0.8141550070536705
0.18874107848461805,0.17194558051951414,0.646099839518785
0.18374682493386704,0.18317946721705183,0.7247987401414141
0.18494204354661467,0.15594766989468326,0.5728695750459745
0.18297053911765562,0.17992872232717055,0.7101073372452734
0.19382254011793484,0.18336494648531354,0.6880775909972351
0.1875139042269162,0.18923657130800833,0.7425399832724616
0.19604936765930084,0.17360121783625945,0.6304596608087842
0.17434077765571643,0.17537494325864558,0.7191372262101108
0.18621300971311203,0.15480376349935693,0.5628165489662738
0.17705602917185687,0.17219810680488576,0.6901663127567146
0.2088282541810087,0.1965634317057986,0.7018371737129018
0.16718310720034682,0.1775604951455953,0.7629987101073014
0.1743878648355381,0.15658427286527812,0.6111908816923456
0.17838305190226533,0.17835844865763437,0.7195663897933584
0.16748332039537348,0.1859370771603542,0.8116454631986701
0.18284979462834014,0.17417300513936096,0.679098411850856
0.1720283850002359,0.1823651054432749,0.7694375869603925
0.1882128608584498,0.15610100332602833,0.5637287634973268
0.18314582529425982,0.17484014476164808,0.6816434093491774
0.1765273731516476,0.17375518307805754,0.7010537848526439
0.18046977589188073,0.1535263724261428,0.573649365465857
0.17839697680709365,0.19921608798962967,0.8364272234892286
0.1921895056618526,0.1771851833514159,0.6617696575753286
0.18086768586214036,0.170281671995592,0.6650257696517011
0.1824865960698169,0.19677826623001712,0.8043235469955379
0.18160205319839423,0.17714437388469884,0.7001263016877779
0.19571811614964885,0.19872249791784063,0.7598811026983588
0.17821201610849258,0.16442950697522798,0.6420975951787963
0.17493163904534537,0.1893396571947897,0.796537767297032
0.19852968797142756,0.18055269789436093,0.6575978596871118
0.17327479435994864,0.17202449487186458,0.7042253047975324
0.18617525990707015,0.15339376221160594,0.5553571525197021
0.17388416390738443,0.18394668366083353,0.7703213487122224
0.1844629277912072,0.1940605317270808,0.7809728136275831
0.17870796353270096,0.17160026507744344,0.6804412219447197
0.1847355985323624,0.19624180822894718,0.7916276526601785
0.178573063937944,0.16330760707444986,0.634516788678865
0.18376385800320102,0.1874129807252394,0.7477693503955808
0.1961669622597534,0.16720156351952825,0.5974582170688683
0.1851228654274597,0.18592387204088043,0.7342359990324486
0.17476036412629523,0.18542616008413884,0.7749249136736148
0.18729743332617363,0.16547609792234297,0.6165386031811997
0.19299597676325767,0.17934121146014875,0.6701756877492204
0.18261607376390332,0.17252485402912054,0.6709423300137741
0.17006113248733823,0.16524005042634074,0.6776389686509987
0.17862255301084695,0.16273229488282773,0.6311201636222387
0.1847123392268814,0.1691282248872315,0.6449391815719836
0.18028974317586755,0.15985403849184182,0.6093194019622198
0.19038009467227796,0.1906977289924407,0.739035923028818
0.18603534874843888,0.18779755298431158,0.7407062900214973
0.18034231658619063,0.15932343705596855,0.6061995826903988
0.18650744236382719,0.19967279300196997,0.8025030588859694
0.1835984158280354,0.1803554635878745,0.7100032045481802
0.17201555074761735,0.18712351400469834,0.7971576605064452
0.1693905479510047,0.17739238253208606,0.7520631113899793
0.18087997794943794,0.17703373318278454,0.702309534880056
0.17643412427139263,0.20853332467059296,0.8985411712460765
0.16310349287488116,0.1741061152957126,0.760904092905699
0.18466163080847273,0.19376266430180036,0.778519412356474
0.1691003520268957,0.18080860326444553,0.7735560671313104
0.19346433698758855,0.1813547343950748,0.6789609725512442
0.17321216826582803,0.15556329311179848,0.6094450186074163
0.1832695445711946,0.17723260641953578,0.6942375871409983
0.19143947310157133,0.16479778633316022,0.5996557787862923
0.18391326651079748,0.19512022424928477,0.7890688203331151
0.1762204514895063,0.17641192712045498,0.7173510568833302
0.18848919521912824,0.20208417022905004,0.8068588231396737
0.18524727976856786,0.17068647861821817,0.6514885334294439
0.1907015997991959,0.16431822651309866,0.5994612873382967
0.19593768920270485,0.18607718349287805,0.6944921318945491
0.1748903364564844,0.20417353726315574,0.8815440600488332
0.1895825322815424,0.1813841514631403,0.6930182326503915
0.1965354917538014,0.2014056265714503,0.7703729500476943
0.16829122694154328,0.17944720072520307,0.7691856734169935
0.18103059822161877,0.19872014898616547,0.821519403057495
0.18328733591137647,0.18079636338549607,0.7136137515182119
0.1793238458396786,0.16052119073529464,0.616321773703784
0.19193556980001322,0.17947096554151476,0.6745543083880529
0.18854314656685928,0.17695239453419648,0.6733333820180937
0.18146571463405603,0.1706625387336563,0.6649329818416913
0.17587819787530934,0.19581018861048585,0.8290407246147671
0.18011990112469922,0.166545910469272,0.6470462716309501
0.17265133603242014,0.1615213632167234,0.6459339717810357
0.18600098435611478,0.19764036046697459,0.7937611780822864
0.17933476034672516,0.1690620927262864,0.6639097322576626
0.18083188382027357,0.17841754062120596,0.7101487741444892
0.1874809100491509,0.2001750865711729,0.8010153488789993
0.1772864723269307,0.1746801167652156,0.7032692067745322
0.18534571093335195,0.19036235945265784,0.7573002835934544
0.19579660427750084,0.17856463904271094,0.6566234359228078
0.20383332821856498,0.17086220242177433,0.5929462246339668
0.17335225553395714,0.1786789997377257,0.7422978105555676
0.1702156898555043,0.2125567618583026,0.9550045709434696
0.16941716288548445,0.16087999692577276,0.6544791273639778
0.19664422141797094,0.19259911191125526,0.7251629917370325
0.1767657741883596,0.19147247402797812,0.800338610104616
0.18718755956328859,0.17024667643521138,0.6423860469987893
0.18669496172974945,0.177196992966548,0.6813091890003555
0.17762850446370818,0.19056678397248092,0.7913526288862075
0.1725194845299994,0.17987909307845562,0.7528372428905036
0.19377776752296696,0.17784508054977335,0.6597510239899985
0.1700162850706852,0.17744061167941613,0.7495788513813956
0.18184984531320394,0.177788229270459,0.702712884085035
0.184451441667163,0.1880518304617665,0.7484453860267289
0.19515257760331722,0.17378857850460833,0.6343169023174826
0.18352495444634562,0.18068864390983777,0.7121028543725654
0.17904598513617975,0.1942348094702756,0.8055741063424167
0.17867925125728587,0.16100365389798285,0.6212453495126035
0.1763248111872343,0.1650021550486251,0.6522176560081925
0.1775785657098592,0.18570093659176432,0.7641740772559363
0.17505457418362924,0.19522371743835895,0.8295911038921026
0.1779318219904847,0.17548518256536919,0.7052430597382393
0.1744156419888153,0.15188198081608537,0.5841332787263354
0.1920181942789164,0.17941076184278143,0.6739505197867114
0.1882544018618435,0.17818097598306326,0.6808923176050511
0.1726470956807659,0.16353224275970754,0.657597177131986
0.1934993011927599,0.1504534071884638,0.5191409300666893
0.1671363855455292,0.17139725174863155,0.7263364667866532
0.1874904009832486,0.19049199377628342,0.7493289951885895
0.18046779765253537,0.1811997732033781,0.7269982507127631
0.1852021019784565,0.17429433551127962,0.6711281037498056
0.18777814229578285,0.1654890709008809,0.6150293611860627
0.19603780134944981,0.18412444946360257,0.6841764626023185
0.17040396669364113,0.1914958505340369,0.8303553800975986
0.17902182453516707,0.18566940935890985,0.7578372620834224
0.16456351019923024,0.16354295308020342,0.6899643362173161
0.18031604915158722,0.20039909573121062,0.8340860197351254
0.17577381388818838,0.1561868085036267,0.604110510858991
0.18595780626020678,0.1834309553586017,0.7175334988190528
0.18346305396848725,0.18602621930190852,0.7414365800608181
0.17816694404752015,0.1778183978667938,0.7174080385680435
0.1817644203366609,0.1864041610325375,0.7504447833073826
0.1773683587791763,0.17720742142229,0.7171934289625091
0.18548855811254414,0.17335057444309884,0.6650036837757753
0.18111492448091207,0.18285471404162126,0.7335381908608143
0.20034465755615843,0.16706406857121234,0.5843134027090201
0.17966178335654584,0.17046766981319647,0.6705247357704541
0.17366273307707625,0.16645875969811091,0.6706030570555592
0.17065604287245575,0.1841238226404244,0.7859306965219235
0.18319543940447533,0.1904953068407667,0.7669148713389561
0.1814310814898147,0.16772918293816264,0.6488920309102153
0.18260794157446472,0.1879917079561443,0.7556719974299332
0.1813123018755195,0.1692697712759255,0.6578140040261058
0.17885809233104302,0.16935346309241783,0.6673081521607092
0.17075762707619171,0.1820146713274865,0.7731114187279132
0.1867427494540202,0.16763059707973363,0.6299071713555157
0.176989168481383,0.1857984751945642,0.7672699768000122
0.18851709373117703,0.17224127567537753,0.6484360290939559
0.1677911221002977,0.1687066022162296,0.7074665258229356
0.18352505998220603,0.18260397010894386,0.7225387645796204
0.17620085555788456,0.1807160262627556,0.7418580678787536
0.20460858995606385,0.19275608992180185,0.6977033073364918
0.1775291088600627,0.16310279960909077,0.6370943916484368
0.19084182185868576,0.19180893565573445,0.7430705401709112
0.1890987311554902,0.16908621216972708,0.6297568018677294
0.1902174581990059,0.16113034622948558,0.5842279004339379
0.2024777510805984,0.1794129128420674,0.6391463365797323
0.17547344154247022,0.1847637370841614,0.7680007635317521
0.1741199007810663,0.18581911873726376,0.7800321395085051
0.1792047676394947,0.18095160144589476,0.7307372631364887
0.17687782466803567,0.19380867178898628,0.8130395772273116
0.17282046137094714,0.16105749775304468,0.6426177599113536
0.16916552941230167,0.16643784644806786,0.6883071678526047
0.18276235229959042,0.18218717279608948,0.723273536003759
0.18122523444635105,0.18820396006437395,0.7626088082412559
0.17199326765345663,0.1840508400982797,0.7793958561702206
0.18814033080797796,0.17765033305635336,0.6784846848528048
0.18897789438624987,0.19592372034696662,0.7721734905603017
0.1850515648879888,0.1875773772177464,0.743454276114993
0.17815751908708213,0.156372690765453,0.5970710150799684
0.1894353012362549,0.185362408309302,0.7145574632918302
0.16997434039478682,0.1707996492362705,0.7106934432320673
0.18984135574037087,0.18572838982457163,0.7149569138675731
0.18704242072977662,0.18612243505064419,0.7277623681277233
0.17998462092710482,0.1563145177627186,0.5906866776455129
0.1777332428214574,0.18272103380241492,0.7467428810475276
0.17657500944053114,0.18176692220963772,0.7462376619836206
0.20958356008475723,0.17974167253496265,0.6190450838915711
0.18721271665196274,0.18220803502995994,0.7061915311861047
0.1718405575784367,0.15737348570517357,0.6248436761278716
0.17598839324676663,0.17432031068515388,0.706411987697592
0.18725745146274012,0.1590508167740715,0.582357689492373
0.17734767546377173,0.18760661649847782,0.775914407328039
0.1822416038216841,0.18582420507967723,0.7452974635395309
0.1930630142006738,0.19364874503778598,0.744051084214786
0.16789821172585606,0.17296605142538848,0.7323845213203775
0.17108040505481303,0.17467671999277964,0.7287609586430079
0.17510375056221955,0.19263609871229478,0.8145804887349454
0.18381883765842588,0.16989864806322652,0.6522652933211528
0.20505513624513977,0.1734798796338705,0.6021789158514541
0.18887875575099305,0.20073903374912858,0.798072992114869
0.1800528677869746,0.20204819978721558,0.8444641935229151
0.18710611577386424,0.179431327059462,0.6917535887276512
0.18678061351196434,0.17202252427087417,0.6532933047843209
0.17810364962289874,0.16721285686536486,0.6581159741169887
0.17627329388405194,0.19283639591851054,0.8103121736209495
0.17725411010587583,0.1805091488993544,0.7362827796850513
0.18349816849269115,0.1674891202112675,0.6402740756289736
0.18217397897860743,0.18308737734047797,0.7305509715858287
0.16827935395586305,0.16485406477874412,0.682520238394001
0.19142918904455106,0.20233690323130699,0.7957872255095529
0.17612504826228284,0.1623746111780082,0.6380387814608945
0.18297037303146002,0.15664002417688658,0.5828267298692714
0.17539182955797614,0.1855092361883097,0.7726086017223329
0.18633123127900822,0.19604967382721783,0.7838174675533932
0.1827299701613769,0.16548482811559925,0.6319971924343308
0.17132766793842238,0.18586512181449794,0.7930133144830397
0.18915745015834243,0.17967417293901916,0.6855356362145387
0.1929927080787679,0.1772843263336655,0.659529199837518
0.18246754037662116,0.19469261214131398,0.7929772706020037
0.17720447867544778,0.15998170835313924,0.6206485816567431
0.18602328362331302,0.1617607885463532,0.6007892472894021
0.17847158634420318,0.20092150469726197,0.8456332337753322
0.19133613922676945,0.18155958251309207,0.687583553450763
0.18901220368274585,0.1914468300775166,0.7483476057182686
0.1741503398548075,0.18739438691454965,0.7889412505832489
0.18778768852661143,0.17426274820054663,0.661719355382221
0.1695736298350629,0.17745634618379458,0.7516283416694328
0.18673522543210955,0.19474569831290836,0.7751386915776791
0.17748135780310953,0.20155776651743584,0.8539362578325987
0.1628131574160733,0.17615721448780577,0.774858841201683
0.18702957877987447,0.17160773391045536,0.6502058909814595
0.1778668196573711,0.16122300597511177,0.6253162123737478
0.17393432604812703,0.169612435926011,0.6876873509885256
0.19826470249283848,0.1736046575528638,0.6234324920106671
0.17921889488584092,0.1887069572904759,0.7739527541380591
0.18217314978239413,0.1966151823572456,0.8048122488543314
0.16962650875808488,0.19422375594086955,0.8502430250837515
0.18022781681485425,0.1704066476132114,0.6680802649732123
0.18169112249548233,0.14642682096182716,0.5307183952491942
0.1868284689403518,0.1698345484972529,0.6414148185066599
0.1755159090987605,0.15922164383976603,0.6222891383498942
0.18290931903178254,0.17841181682579357,0.70205180088982
0.17094321083517686,0.17992048572440408,0.7600213257353237
0.19697566591185656,0.17861856249551758,0.6529667606407398
0.17385708037136682,0.18867970501654682,0.7976649827566441
0.18849490929772553,0.18275019286878288,0.7042640746286971
0.1938549523955909,0.16619355336351718,0.5993839823416341
0.18271473939550043,0.1923362406099041,0.7790079830495015
0.17118274816543833,0.1754973940297269,0.7331194023619765
0.1702800919003073,0.16362702551536668,0.667294833161654
0.1755525603494613,0.15825975212144883,0.6166799954722565
0.18291390873849547,0.17611567805709877,0.6894810729642282
0.171102834909286,0.16653090512477292,0.6810577112094863
0.1650807725284522,0.18415796667224743,0.8126807538965501
0.17612123629961043,0.1849974576470974,0.766503009423833
0.1737833094681203,0.1745984566637643,0.7169759687803695
0.19100252839250484,0.17171789685671535,0.6372580398861971
0.18557130436341804,0.16977054299479408,0.6454152133362092
0.18893862433231004,0.16733406831599065,0.6210168446533225
0.17104030829512482,0.1852621386550563,0.7908202458432526
0.20029417255967827,0.19650775168545484,0.7314628768932475
0.1890515448197215,0.21438521271180402,0.8695258897173299
0.1852310705291992,0.16466244138339517,0.6190238012219454
0.18042982565951693,0.1676131555968473,0.6518498544624831
0.1758802069396922,0.1755114475381433,0.7136189439507545
0.18784963200629268,0.17787377062131304,0.6807240943491946
0.18572510950735063,0.18146623305421655,0.7078538459497496
0.1725610039816329,0.19260858417325266,0.8264241681650837
0.17009013389803138,0.1848126205249719,0.792595181363028
0.18218303852331538,0.18089726888468113,0.7184931700869023
0.18541610004723022,0.1812456272517907,0.7078437482956391
0.17516300093930676,0.18752578498568018,0.7851303314524298
0.19643414713099222,0.16668741487841915,0.5940281594757865
0.17801550487529086,0.17085854737296727,0.6789214650579734
0.1841174440042634,0.18751610826744966,0.7468934245267133
0.18110138566409514,0.1802232472283276,0.719062677244581
0.18668024816653936,0.16630919263155453,0.6230396293870035
0.19222008058824439,0.19978376695763608,0.7792305907856143
0.18570200118139174,0.1839806108091688,0.7214817824084617
0.17960568292371512,0.18884301629340508,0.7730435587184432
0.18606950399641714,0.17908601223129572,0.6937515791614156
0.17827458533816026,0.17903058111292666,0.7237744004181802
0.170037913780373,0.18335781057588044,0.7842827967657265
0.18614574086761548,0.171971343134202,0.6552464889376465
0.18125509733864975,0.18265086232980338,0.7318462447539549
0.17371482683267175,0.21356161604681712,0.9415524226056158
0.18657477117829135,0.1770190918170798,0.6807945737513462
0.18866798284573194,0.1637435791548848,0.6028769557995934
0.19214389270405405,0.1649456500784967,0.5982269249407762
0.18416602654093953,0.20986505455355373,0.8680485622467193
0.17625180561611986,0.15686769731652372,0.6063353333768609
0.18277285539225807,0.17218912583293952,0.6685299388177924
0.1724260044698089,0.1633764243702936,0.6575366907034336
0.17538803188145527,0.18989074947613654,0.7976071569734512
0.18950880468583986,0.18761896793889088,0.7261877260374795
0.18038582374480364,0.18362967195414698,0.7407991890936854
0.17552213123668448,0.18753842777943874,0.7835959306691289
0.18879870590029166,0.18576694914871755,0.7191095325643746
0.18550809125905915,0.15559063806487858,0.5691969409432546
0.1819234414489993,0.18799584588001186,0.7585380134681424
0.18814413566734106,0.19172490716648832,0.7532783664172936
0.1951135726262281,0.1575572780240467,0.5512547209111394
0.16759429322079558,0.17447035419802512,0.7426884997452913
0.18000505526440952,0.17940146796924675,0.7188768547592669
0.1759518819672903,0.1808917841830683,0.7439067017617991
0.1889644625838898,0.18978850451650559,0.739760813250519
0.18601800322723386,0.18285768678772676,0.7142195082345438
0.17857218610930353,0.1889489384657405,0.7781107544972893
0.19008384561893113,0.17450241042729056,0.6549868034387606
0.18970568599742166,0.16662547980776374,0.6147706073994473
0.1898110759881367,0.19305875380464055,0.7536902315098926
0.18142231724610786,0.17199789262130494,0.6724525101055185
0.19583554066065795,0.19849271772139432,0.7582521396292472
0.18339815191479159,0.1934093048306495,0.781956106609399
0.18254063326297695,0.17575827761085816,0.6889330630823695
0.2113401465324457,0.21101047257470576,0.7618546462490828
0.17281417591121895,0.17823187677986055,0.7420217473694867
0.17899430220561446,0.18567728008924464,0.7579977598023725
0.19788700067202875,0.18834542533971182,0.6991132558980006
0.17039489623840146,0.176331616768335,0.741404933816697
0.17843379070584864,0.1760233761677291,0.7062752837856867
0.1681222090604458,0.18037463715754673,0.7754753990335237
0.1769285772453389,0.20195222577474778,0.8588337064624809
0.18101425445700636,0.19512387071477555,0.8017262018955789
0.177979083870521,0.18685354061799467,0.7689304700408224
0.18212315671669901,0.19129828932500728,0.7758392280933462
0.18830448965784413,0.1629968034856115,0.6000749301884977
0.190515179239763,0.18506426063314577,0.7089422542188496
0.17535872874353062,0.15994601978358194,0.6269777419770335
0.18553795437240994,0.17991508309393023,0.7002075857383119
0.1756144197383487,0.17021833354643084,0.6845584418725207
0.18002831806145425,0.1731355711294936,0.6839789009607932
0.1846231920148923,0.2017657350002364,0.8220296342184056
0.19653282817540665,0.18513206259253576,0.6875801047951623
0.17719872832593148,0.1655359706292355,0.6520135427649557
0.18082080948444298,0.17194872641058093,0.6744175449622287
0.17772599848106924,0.16222865309040235,0.6314700946938642
0.17578151583187146,0.1974282673578316,0.8387017637215127
0.18335858248130668,0.19558499878576485,0.793990642901088
0.17494295707900817,0.17681931201760495,0.724918076926815
0.1863107329790954,0.18956729178388423,0.7491103145385837
0.17783039426538466,0.1921422791536889,0.799313749153383
0.19517636636907892,0.17036917796258708,0.6167200476258929
0.18114688705952003,0.1658179510655496,0.639359322953725
0.17784078282749347,0.17836743297337912,0.7218109981999811
0.18491194577930115,0.18761378410851576,0.7442125143865103
0.16994581553507057,0.16630325795086187,0.6843549373939198
0.17841157111223893,0.18429574039058452,0.7527299914090152
0.19193840966096118,0.18308049810068006,0.6933500091813444
0.18448158350167398,0.16376607082868505,0.6166798260795108
0.1765192739671599,0.16134582864307323,0.6307856708258854
0.1878654424104326,0.16848320260233218,0.6306811997039884
0.18124294011358089,0.1891905122466189,0.7679775673435407
0.17373961176042815,0.18159034608586808,0.7573997935906507
0.17849500680858899,0.16272385807722145,0.6315238733714388
0.18589176875956523,0.17167941680540175,0.6545713003720108
0.20353584475621822,0.19437161117743232,0.7093178665917597
0.19028275639781342,0.18729328047776203,0.7215224494159139
0.17592715311876034,0.15510567515126694,0.5974386175641399
0.18707236127347632,0.19868815986886765,0.794816288502951
0.16610639434164032,0.1687247577006705,0.7147512783673013
0.1787244081380561,0.1631528313203923,0.6331134762129811
0.17338154369176795,0.19702361888163097,0.8479773322528766
0.18839860741583211,0.18231693236892335,0.7023243652585728
0.17515090273329645,0.1844411365132813,0.76757318640827
0.19027005414925077,0.19202612265827732,0.746444958421412
0.17841574236905547,0.18472832774248948,0.7551369960605946
0.1654492323243963,0.19371549541555375,0.8686380311138028
0.17436828989875933,0.1745483849861144,0.7142834574934981
0.1943308809023551,0.16133971384948628,0.5729388624828539
0.1909114201888783,0.16633205632972597,0.6093509556140371
0.17853657906269754,0.1643368666886829,0.6404114343903199
0.18897875775726825,0.1705609316287924,0.637960229284847
0.177004235653891,0.188476757103904,0.7823358384184516
0.1776632001250666,0.17767579204542483,0.7186394929031282
0.17082504749284333,0.18841405735385244,0.8102679284175305
0.1712797899110988,0.17823794561922776,0.7487044775439559
0.19433008689251893,0.1813748276213415,0.6760395660914975
0.1875972617575586,0.17069057101582766,0.6433493212273118
0.17696162000201118,0.1631558110745394,0.6394370207124763
0.19515112403060964,0.20981729653945838,0.8189412043273236
0.1727794305917324,0.17633107051261812,0.7311696194388496
0.18306730043789787,0.18790184307027222,0.7532849544424937
0.16955386604707426,0.1755257380770029,0.7403295542795375
0.17989141332242034,0.1605298983964147,0.6144256490903842
0.19174646226657538,0.17683157292224375,0.6614545656958001
0.17949028444593762,0.20458963585942655,0.8612702149123221
0.1794548447257903,0.17948287287911308,0.7215345625077153
0.18354974056616377,0.16544550761902718,0.6289603421009075
0.18481001822128282,0.1827966439505888,0.7185576043371436
0.16647594776035107,0.18587727890118053,0.8161976593566621
0.17765262052392147,0.1970790402734182,0.8279024527736337
0.1716474998307747,0.17694539385228716,0.7395703052910246
0.18719398184524644,0.20461694328394098,0.8259717634072395
0.1911904189007884,0.18558678602833306,0.7091714470205284
0.1812994186500434,0.18640564252117536,0.7523777160282843
0.1960627206092911,0.1951469946128751,0.7403089897039653
0.18136695540773362,0.18680896246862058,0.754321326953184
0.18538427850739092,0.18227477164455583,0.7135166623057643
0.17607721879057073,0.18753092370000288,0.7810830080385612
0.18852678373072426,0.19468234030946313,0.7674365278310544
0.17848497704675811,0.18286285305247632,0.7443923586782877
0.17252279221095754,0.18394766104277327,0.7764055944502954
0.19201042825008033,0.1806400396969583,0.6803799194010894
0.1782576875073096,0.16621248538456188,0.6519353359152966
0.18005311134948251,0.18120144512730765,0.7286819102650554
0.18823851985438245,0.2077938119231377,0.8382652607192397
0.17779841958553083,0.17247966108075308,0.6888681089869508
0.17393837627080672,0.18186388342281004,0.7581069011332472
0.18023238957193122,0.16012221603191673,0.6110012539558916
0.18633256647383836,0.1847664558805558,0.7232576593071153
0.19550498258341795,0.21626161075112585,0.8504213476001075
0.18296600842919097,0.18292017901928884,0.7264747160439355
0.19323311359056158,0.16026236200702365,0.5706183580970327
0.17491913330222847,0.19742773578998848,0.8428336740913307
0.17723596155876564,0.1739600867737763,0.6994070824203202
0.1878541852103942,0.180937287865921,0.6970155480926495
0.1785313714853619,0.17356759522747545,0.6921337925060804
0.17520355164716644,0.19774344308346634,0.8432673978036664
0.19019190589754323,0.20841582229927766,0.8329262044653812
0.18096907523712058,0.165782636376258,0.6397923856578814
0.17882812763396266,0.17228142869403418,0.6837930381082329
0.18125989541898313,0.1618417774044214,0.6170243955283026
0.17273485108284384,0.19253056372672897,0.8251407450970686
0.18703179956319482,0.1872708889592835,0.7339441168821244
0.18030341925323548,0.1675584206814881,0.6520032796293105
0.193863612994199,0.1764534539752198,0.652280497728079
0.17557478406030463,0.15885259751512576,0.619978535629229
0.1872319300068227,0.18779827477385153,0.7359763624122776
0.1917579847697787,0.17140431033522152,0.63311215165813
0.17473315318987992,0.18783615867574766,0.7888380433789984
0.16919750448321463,0.16403941454641424,0.6740017525360583
0.1786511037371694,0.17329035977948606,0.6901180972319668
0.1716477380657481,0.16909462125492555,0.6938315797048689
0.1811785856404647,0.19477439609206895,0.7990701306133543
0.17984793331866292,0.16841639875060405,0.6584251293051467
0.19400999312546666,0.17018757027579562,0.6194916475156518
0.17486414119189242,0.17223243843372366,0.6990137463322924
0.18574393066878794,0.19336722451414765,0.7718541542538746
0.18802492430876327,0.18790103896546248,0.7334189308807253
0.17594739715426128,0.16486125386471345,0.6528158740763255
0.18097373360334792,0.16142551999351806,0.6156999569768324
0.17393224284446465,0.1621175230206029,0.6446045953702885
0.169136331957162,0.1949814547980851,0.8571869397924823
0.18385047568651847,0.1718588461571442,0.662814962551005
0.1882873521847977,0.1860577875115381,0.7226071530179146
0.17675739794486,0.17293538575191397,0.6955034820679133
0.17795633067430436,0.18789584642276488,0.7748858717206404
0.1947224748725251,0.15979639090238504,0.5638609049841995
0.18271993206240095,0.1760494430083671,0.689850535656503
0.17637572310584299,0.1710196560103356,0.686146902075133
0.18060051000840954,0.16168092435781986,0.6183865391776552
0.18269998013096006,0.17702803004692994,0.6952821229420809
0.18004692291549756,0.1913156675752049,0.7848824366830718
0.18190909549848855,0.17383249161451805,0.6807383175380967
0.17878512773140218,0.17553235034817719,0.7021408991958811
0.18681869798545966,0.17542061771246575,0.6713493834660351
0.17966303492203628,0.19617132000114554,0.8135859447357978
0.17610411258031952,0.16843602002954336,0.6725340952814247
0.16971066852979422,0.17658782277846716,0.7459037423816613
0.18768145136199366,0.17587661204493538,0.6706928741836551
0.17790786638485595,0.1688881059908017,0.6682566004901614
0.17577343175449028,0.18843931513595588,0.7876009118904815
0.17753967684042066,0.18458585289302806,0.7580607067005021
0.1909131953045949,0.20772830398896322,0.8261781158568613
0.1768882970331568,0.19099730013422228,0.7970979567279856
0.20608727435711696,0.20290959302187953,0.7419652353541788
0.17728228400892665,0.18226286653325732,0.7460580016365173
0.19404388560084998,0.1763326177611284,0.651051783311512
0.1857694876789909,0.2045171324700551,0.8317680928154371
0.18367994981534014,0.1574733928656483,0.5851122725898773
0.18609544829517838,0.2029596616944493,0.8219419824381186
0.1939048845520626,0.1700287870390565,0.6190085789552625
0.1602011629182237,0.17464767049934504,0.7780696983015829
0.17779755902179545,0.193324637309693,0.8061113892577311
0.1859747351272541,0.18642233462513427,0.7335530524175051
0.17467922348204248,0.1712553451083338,0.6941600877954394
0.1796028712478555,0.16220955588552435,0.624764821998157
0.19674192532337326,0.17837333984092774,0.6524961043759634
0.18812780205330162,0.1735767573294069,0.656876633759822
0.1743778752894639,0.18128784396341552,0.7528927838206552
0.18528848939714143,0.16752149057377627,0.6342622305149482
0.18335877251389943,0.17364641279552978,0.6743414078328694
0.18699165234805992,0.18576697062636663,0.726058992054119
0.18585735859913186,0.18328456777113863,0.7171336597902194
0.1799859507372742,0.18575492839892807,0.7542529172017974
0.1770557024147178,0.18787067728896806,0.7786853256272617
0.19100015411726137,0.18037999541655605,0.6826172262484742
0.17460838508098117,0.19893720367689277,0.8529785302568235
0.19282621958621987,0.17273307998907234,0.6364958056660637
0.16532492890330136,0.18530939972008367,0.8184452315671413
0.19744141782306227,0.19772034852516904,0.7481730538298154
0.17288169864772587,0.1806676204977042,0.7558210124020147
0.18957602428992984,0.15858539895031565,0.5727802308178462
0.17698747627340083,0.17504778162954454,0.7065346331984382
0.17881461008519833,0.16185071517283184,0.6255121721851432
0.17798426107563622,0.20053978809591175,0.845803933371043
0.18363368691219173,0.17819859286177267,0.6981213252178152
0.17412735429674459,0.1588598417291745,0.6251736963949822
0.16673050272984577,0.1855931116826651,0.8132471831046251
0.19178159245214654,0.19740649745146802,0.768616505717299
0.17527569499245377,0.17743310058448497,0.7270437614865622
0.18203196699163496,0.16104955468687498,0.6100552365726956
0.17777339604619485,0.171205109907699,0.6817955476094046
0.18575891174082676,0.1750340584897495,0.6730985734035666
0.18013570233361942,0.1916322659997927,0.7862531645030775
0.1695168866146705,0.19298356724232518,0.8434768364248083
0.18448082677658179,0.18137013244806072,0.7121072403212853
0.1883067749747595,0.1751728066862087,0.6647281103029179
0.1785472830253643,0.1840789180549416,0.7509434799738423
0.1701009407668018,0.18564307976950142,0.797426981638273
0.1932213086162472,0.2026826139893251,0.7901955280334263
0.18222094269963113,0.16452497623102139,0.6284951363675128
0.176768757873015,0.18573143230166794,0.7678474066054878
0.19419282548693603,0.18741178655735174,0.7076048572484254
0.18019683630073838,0.1865957316286186,0.7580362365554966
0.17398754372828862,0.18329587101217762,0.7661230692488076
0.18359919227683205,0.19048576951304694,0.7651764028526965
0.19257867942310733,0.17874386913825926,0.6685260773618712
0.1781871672744527,0.17631301123550117,0.7088782720303736
0.18372364981480963,0.1591567756451539,0.5941356801651944
0.16653962339025516,0.16025148131757286,0.6620135141005974
0.17192435525777136,0.17608126347236694,0.7333531266313577
0.17513141856885625,0.16194523338704137,0.6392070269391894
0.1687191365475604,0.20143680505318798,0.8975674493835457
0.17494690433467464,0.1590133935892883,0.6231227354600394
0.17979239965555724,0.17122256984023154,0.674236341872445
0.1854639455475413,0.17352163600907963,0.6660142791873067
0.17599491808057383,0.15919078859311966,0.620420122262451
0.19212149017475064,0.1595097782950442,0.5700027529217885
0.1822741972727907,0.16402415511895707,0.6255638857556401
0.18922741358863776,0.18631501579546636,0.7203766790989498
0.17809745225690685,0.16313594033583964,0.6352473822738365
0.1810155332894682,0.19312231828478646,0.7906631861030102
0.18097843753832385,0.17276574925931207,0.6783446190008977
0.18276228420435384,0.18251714114618914,0.7250792564948269
0.17601504585443956,0.1798367909041825,0.7376459794894725
0.18369774039408407,0.18223402864259083,0.7198457006542982
0.17212145154901753,0.18221904703856068,0.7681729723323112
0.1868956866214353,0.1768811459930049,0.6788875028989177
0.18644805653021418,0.19614321497191797,0.7838280413946564
0.18200728551121548,0.17749679610633584,0.7005038053736556
0.18117886096557673,0.18240935559961607,0.730821216636158
0.1817427655655592,0.17599379946452556,0.6932534512306427
0.18067587221931056,0.19356213606093256,0.7945838827149644
0.17661855963867584,0.1819875446325496,0.747302802732443
0.17666793701326125,0.19756932902737673,0.8352920825486275
0.1955503653153517,0.1640113618440865,0.5830281199435633
0.17716796484766734,0.20358639152781002,0.8668970807440654
0.18071642383177544,0.15888029070666856,0.6024925039907972
0.16509476681174878,0.17990081643600767,0.7868257664649574
0.1768267255634908,0.19452292344003572,0.8173138024214772
0.1756878050168255,0.16916014488483538,0.6782493803336179
0.1755601153309163,0.16523873740194311,0.656406138630791
0.17458141820179782,0.18238729605966106,0.7583126395882247
0.18121076543260473,0.19690407947908511,0.8106807513801998
0.18342705320924166,0.1802241845493009,0.7099508075330067
0.18250475137074804,0.1727409759637678,0.6725357835447608
0.18980326787599516,0.15998637167923718,0.5794756481805938
0.18400273992415336,0.17911303964578912,0.7016908536199516
0.17542531028777691,0.20880557137880895,0.9052603134536057
0.1817709314454069,0.1917505241021692,0.7798305426230517
0.17063581951921347,0.17431016265315727,0.7285115341164347
0.19794450466426886,0.19817616706315871,0.7485742901247925
0.16785766711097905,0.17778760839284785,0.7612855021293792
0.1814047528081681,0.1811328680818374,0.72287448951521
0.1806283446505313,0.1905031950225406,0.777857956315647
0.18203200459936564,0.17722812265428703,0.6989327120486503
0.18205355346299457,0.19476543690295173,0.7951805067753195
0.170831741017641,0.18493972123326988,0.7898984136638592
0.1910761867490804,0.19572914379587775,0.7626755917379072
0.18091281702516526,0.18587737294638867,0.751065486573502
0.17256996725697626,0.20621469819690524,0.9052252873426339
0.18522960906335525,0.18237891372867399,0.7146746915791179
0.17756849629421373,0.185604953929639,0.7636768726416131
0.17244252048888448,0.18772724141562513,0.7986849242585905
0.18422526889529284,0.1905473535356929,0.7629102911803869
0.17819897144844277,0.19131210155487213,0.7930017800117163
0.17961138626278733,0.16008486412802195,0.6129058208311919
0.18972472330733647,0.1954885546297608,0.7668402519901574
0.18094544318380323,0.19347431835733492,0.7929147915131227
0.1834975157105942,0.18695362839349894,0.7463514035225272
0.18647129800225426,0.17044676821812205,0.6459265823133057
0.167937172422176,0.1795493732050184,0.7714157106286463
0.18403886965488866,0.17129326077273882,0.6590632783182652
0.16762036263179425,0.18887707479221508,0.8285215030663157
0.18863536558485292,0.16623394443920955,0.6161832065733432
0.17128214498908234,0.2003302571542333,0.8776761708805987
0.18465103214095246,0.17169841752160137,0.6590725007629714
0.17028565351508004,0.17378571452573316,0.7269297910335766
0.1748953066047044,0.17863693590877883,0.7355082214957431
0.1770528474038844,0.1883820095510219,0.7815859026279965
0.18035431711968314,0.1842928564372053,0.7446057215702163
0.1965450538684167,0.1569772987890072,0.5442889387622368
0.1688293138843779,0.16158818547934228,0.6609526681827482
0.1743601885014444,0.2024399332645608,0.8742817645170071
0.1903678176273911,0.178005113537899,0.6724094184262003
0.18051541781423983,0.1730979655787295,0.6819249406463662
0.16790128022658982,0.17621347124937195,0.7517123816985883
0.17150878528480798,0.17010614075030941,0.700291478077119
0.1745681184930193,0.1751144750062016,0.716708618310535
0.17550841562376232,0.17559555921314252,0.7156098969201679
0.17601043118561358,0.1777906159827276,0.7260400143441768
0.19132677733082398,0.19263488007545082,0.745504011855174
0.18744754414951914,0.1898970081423491,0.7463261723544325
0.1772238522269202,0.20250628339551324,0.8605291075618976
0.17995003474381582,0.1465140973601315,0.5363383091174885
0.18367638111462828,0.1764913148579221,0.6886640192403493
0.20148367154695934,0.18984719656857507,0.6940869971985855
0.17567307114888694,0.17036923554834982,0.6851888838804107
0.17043181126316173,0.18239166967830595,0.7768014004960703
0.19250794351271502,0.1814875036453289,0.683023782011594
0.18339359947891268,0.182967596803184,0.7250394625602685
0.18445511181178464,0.18705882307452545,0.7430470304036806
0.19020474796649645,0.18366574016822376,0.7027466012140152
0.1833682181662569,0.1681427452583439,0.6442923775985316
0.17963204050137482,0.2016221949870069,0.8440709940376503
0.18349627380295744,0.17428851737840842,0.6773353747328532
0.18255419555056196,0.17987020475339308,0.711406299711271
0.18631941388518103,0.19514047877485874,0.7789874160096987
0.20105321481042118,0.190658855268483,0.6996100778647795
0.1691229526424235,0.18470016383412763,0.7964629385280665
0.18712850254609392,0.17835411457956787,0.6859142932966685
0.18850361442670405,0.1710144724455119,0.6419742815730783
0.19208882733592145,0.1782125013426322,0.667464647063603
0.1734996244255583,0.18588803070974413,0.7832180107574136
0.19440697721943093,0.14640973144458164,0.4959170335525669
0.17103937181537718,0.19516338078368242,0.8487132479671069
0.18170154023830573,0.18012169622745533,0.7161287463870574
0.18156968686275518,0.17081522457513656,0.6653931427797104
0.17758726851361029,0.182063043298884,0.7436515263973594
0.18254380771933978,0.21159024813515948,0.8852135284895761
0.1865327871847738,0.14819866644093688,0.5264418546626026
0.1772582343730374,0.18568589842632768,0.7654702130270499
0.1908036764735113,0.17510576880183484,0.6556779780876124
0.18495574006284715,0.17320093587804156,0.6661103669244243
0.1846460135087976,0.17274067064275014,0.6647350154510758
0.19307686927384343,0.17343758054105485,0.6393183243818902
0.1839213280189995,0.20027131002353804,0.8170412406331401
0.187997289193847,0.1774096102789013,0.6777204651473842
0.17187405585086896,0.16474912984933265,0.6676349684148826
0.18332746027255167,0.19165544736743095,0.7726908296053018
0.17651190349172383,0.17845025150354168,0.7277143861833905
0.18331819790442727,0.19450612313588084,0.788280295070427
0.1708606699581183,0.18579659705905305,0.7947797295441941
0.17578004120299484,0.18275160817692215,0.7552143421312408
0.18323266605442243,0.17957185055579805,0.7071438371000593
0.18269940796685435,0.18437801574281523,0.7355142375020411
0.17239114108497655,0.17454497594195523,0.722455777936776
0.18554552000045405,0.19006388113158873,0.7548761141268514
0.1852304201838539,0.18094429491334735,0.7069265123049235
0.18443840575691361,0.18522487279671268,0.7331709046267542
0.1768496919667976,0.17289597141781501,0.6949176447583971
0.17639190262185442,0.17332823491685054,0.6991717481569392
0.17995233705227456,0.16764839312400837,0.6537752998997315
0.1746420648033915,0.1820874866446523,0.7563325982967146
0.174549684817139,0.1829494136038132,0.7616708889683363
0.16775147001237187,0.15816265548678282,0.6447791812423801
0.18153495501725725,0.1806990054016554,0.7199660549629727
0.17616851207338005,0.19328577661056381,0.8133449895454671
0.18055189292131762,0.16016418461703902,0.6101524765793913
0.18146330725820267,0.19381234629274038,0.7925147428736705
0.18090652122242862,0.1905805445196717,0.7770894248020214
0.18356170596693572,0.17965513155871804,0.7063299552362645
0.18137250003471173,0.19540517423731352,0.8016936096127327
0.18349258496149304,0.17840695961483946,0.6997937254074129
0.182653602347434,0.17865357526036535,0.7043582694615973
0.18377034682916835,0.19174555746300873,0.7713189854006991
0.18305205400651176,0.1844325972991197,0.7343954594158092
0.1745637391606743,0.1891060237030567,0.796878116680457
0.1650821531913165,0.18847354615955145,0.8388159681868947
0.18812341797190918,0.18010972876893505,0.6916189923168587
0.16987778497569084,0.16772140922261225,0.6929770672454785
0.2044538816544512,0.18975771962388516,0.6835659880505012
0.1901401186491598,0.17282101982859008,0.6459500535771481
0.18600044594233636,0.17217741426197045,0.6568662437500162
0.18133449708351482,0.17937730318869394,0.7134731960522016
0.18813702070291063,0.17036302462669448,0.639762573984634
0.17669880889616352,0.18090313085755627,0.7408263342311554
0.17092075853307256,0.18468868955652,0.7880183233007255
0.1856805245683148,0.18216950753982716,0.7118113644234126
0.1851742960643693,0.17548173214165572,0.6776411997161659
0.17365495263799205,0.17942543052453597,0.7453022707295963
0.17987035205938798,0.20312657071773915,0.8513163451594358
0.18650516143878754,0.164241873699254,0.6125400113216121
0.17339932447847883,0.1595644427667838,0.6318619930978001
0.1931713522704364,0.18065628875016532,0.6763750795058312
0.16290158057224194,0.18082200622864833,0.8030738914201799
0.1862366932931567,0.19231581104716286,0.7641663333398127
0.18208006302967478,0.17326775830440766,0.6769975594984164
0.17212532454528862,0.16815926622236774,0.6864722929906711
0.1875073918677132,0.18478697784176723,0.7188355429574728
0.19384638392465128,0.1667027300908334,0.6020371787600439
0.18561444566864002,0.18636098337202034,0.7346463950087848
0.1894855032062343,0.1846643906775878,0.7106843974814279
0.1794974536321721,0.16918932824770314,0.6640168193803297
0.17230219417084272,0.18808270408728728,0.8013984079063683
0.17359492067840468,0.18402953715191295,0.7720821359756889
0.1965642770170033,0.17114349174341545,0.6163047201752546
0.1765643769174288,0.18608309860555472,0.770727940603753
0.18572287023304648,0.16679058681506478,0.6288433226802658
0.18247725743582996,0.19247539671218944,0.780784404118373
0.19463196277359862,0.14732882789416518,0.5000660040991356
0.17841739885945077,0.1745428232771789,0.6980419178473068
0.17045110312721715,0.1716613198895356,0.7137608244091737
0.18429835612113002,0.19303138772596373,0.7760860744300748
0.17932961615656717,0.19170050144723164,0.7901678734622243
0.18646757610454137,0.20100478292130788,0.8098179108449846
0.18753056293069267,0.1963711675371843,0.780519000475032
0.18656130288212128,0.16573625933525532,0.6203658397925279
0.19567941423705784,0.18549655580869334,0.6924415444362719
0.17782255227191499,0.18107357722499712,0.7371032276297987
0.17230453704249798,0.17615057725462102,0.7321372926094608
0.18642606031867323,0.18839335169275825,0.7423498166307394
0.18335441935436836,0.18540740306290848,0.7385008964589348
0.16865207214910127,0.18581619363411192,0.8053040315688506
0.18942238268869596,0.17830475400717816,0.677347376724952
0.18634099071537755,0.15518925199243797,0.5644987267085371
0.17941721010687692,0.16623332697525395,0.6478382252517191
0.18465502143247942,0.19754813117494469,0.7990474888271416
0.17780347529805124,0.18335564483776703,0.7500170883286926
0.1819938480433556,0.1877619617794681,0.7569594426436307
0.17964759493828095,0.18041932257813253,0.7259731065308106
0.18399831331282498,0.1895652037659136,0.7585134953309687
0.18564246536439255,0.18999931822189167,0.7541341252234008
0.18702794158195676,0.1931984651485448,0.7656527892961618
0.19826186237075175,0.18709764860164238,0.691497835046401
0.1988148143194036,0.1906312521669855,0.707347954167319
0.17783696474566926,0.17423607285445225,0.6985953287727695
0.18798638913646176,0.16680332060196326,0.621339242370224
0.16908685621659753,0.14866589499117527,0.583521967341955
0.18269642736301317,0.18013190126632983,0.71228487138263
0.17319118708343306,0.1607426934051777,0.6394245300243167
0.18355557010902765,0.15389352768640072,0.5660058565626226
0.1698053265341017,0.18594931927880556,0.8006186970318807
0.1935223411336297,0.19884255065677645,0.7691233466114318
0.19130931937735848,0.1796362961907363,0.6776266656149047
0.18175780452813742,0.1562709066309031,0.5846841455132761
0.18878980035734938,0.17594441654465792,0.6671145173429125
0.19638188822611277,0.18531315719037353,0.689030737063567
0.18475446074362684,0.1730874100518594,0.6662215870536449
0.16669770812546342,0.15590483511769365,0.6353106848834742
0.19047013653843783,0.15295003713048602,0.5405048738950748
0.17063733331876646,0.16534838976644803,0.6759856563801689
0.18870495162801368,0.19943793127452614,0.7919131426350009
0.1882047368806374,0.1844379122251127,0.7143173676355207
0.18559534104333913,0.17455712439508267,0.6711220426917766
0.18399653245773506,0.20439636442326603,0.8391264898360608
0.17459089093611188,0.18606372049430375,0.7793288628333629
0.1865312219878185,0.19557071438191664,0.7804093750665678
0.17741727325084392,0.19581356716440929,0.8218679302902414
0.16561813776361856,0.15550306615348355,0.6370260381991777
0.1925088969841059,0.1947770117987686,0.7520536144920192
0.18908086913410133,0.18360116355302222,0.7065821315760327
0.18259475723323898,0.2006443726017356,0.8250202518646726
0.19197356167527227,0.17963799340969744,0.6752908696301791
0.16598692061870582,0.17753682542727212,0.7683546688611766
0.19254091307759694,0.1838729744870675,0.6952962481959074
0.18413717500080667,0.18725597590231258,0.7454006824081628
0.17482890554908875,0.1856699517897608,0.7760155642664432
0.1813711640318993,0.18120563156623004,0.7234095467521717
0.17895704680762123,0.1522681478923399,0.5714675656347755
0.18974989522254634,0.16381598863052563,0.5998210881594302
0.18419029578491639,0.17472737983912995,0.6771658588614095
0.17511557392492574,0.18526607040472975,0.7724388378084523
0.1758129213849904,0.20535003959587386,0.8836099097386164
0.176593714355716,0.18471583410998466,0.7628574697660193
0.18571229290164892,0.15758788875885668,0.5793256174799046
0.17929258017586777,0.19818369820874582,0.8264909683568205
0.1749126098502446,0.17142190346250602,0.6941861056585008
0.18853926511900793,0.1720013177784585,0.6470870547917433
0.1776624443897045,0.1750529139823255,0.703879283052194
0.17272174350864536,0.17319155634440447,0.7132371051953762
0.1948522500295551,0.16706889383528772,0.6008085296296591
0.17818299243912814,0.1723115078378329,0.6864376120499694
0.1718490888702983,0.18959340941621672,0.8123022957751829
0.17257066391040077,0.1917450450944373,0.8213739339151629
0.19106416186745384,0.16608198756848774,0.607555003690419
0.1852173624826903,0.17515966691946175,0.6757447857036549
0.16522748019050135,0.1736826592146341,0.7485598586387231
0.18090394648113547,0.20341910997923016,0.8480694477012339
0.1785526323913716,0.16491080290145846,0.6435682373451886
0.203116182562398,0.1890446484630435,0.6845572160176282
0.17574077231523763,0.19102299352226204,0.802448923288558
0.16522918411581392,0.18640349431681064,0.8255411720801181
0.17282584450045127,0.1691583903718769,0.689470898963643
0.19611871825249874,0.19101037764339945,0.7190051969534675
0.18004185229155661,0.17369276960926686,0.6870223119508955
0.18937397043415827,0.17599659331066544,0.6653321627138405
0.17337272825797073,0.16544285575297862,0.6658651387270373
0.1879931425870415,0.19947481921774596,0.7951078276620573
0.17736730102208248,0.1645138177262063,0.6456309424923209
0.17817541713264368,0.20031301959305628,0.8436237838643863
0.18274830745237627,0.2043538115499062,0.8446251223975378
0.1799236049974807,0.18579362929341378,0.7547293713646698
0.1889783681622647,0.17338187040266864,0.6528888549652827
0.17935243982856836,0.17208465923268176,0.6806969526000023
0.17934530848881938,0.17014296143170377,0.6698974310732729
0.17605544759442532,0.19480735909145472,0.822509959618199
0.17643513655217644,0.18164303256581352,0.7461270761500686
0.19527805106813378,0.19464521261438456,0.7407141346567255
0.17170320999525496,0.19042924776930914,0.8178603520178215
0.18345235638726617,0.18791807502669317,0.7517923331306219
0.19074560576588961,0.17657778063079455,0.6635947398240407
0.17173519308298343,0.18827381773476817,0.805157144860538
0.1882887015229001,0.1771752699992617,0.6754269851066681
0.17660305091446993,0.18261077135134313,0.7508973976648198
0.1745794447515956,0.17967391506158414,0.7427788262592637
0.1722353606793175,0.16192562677746544,0.6498411611646817
0.17856231416051255,0.17398990309516055,0.6943788989187496
0.1824227537843932,0.1868900297304445,0.750399974184338
0.18410025062398863,0.17199770980272483,0.662669982192997
0.17799912530220838,0.18659369115672755,0.767384058347577
0.17925184841974556,0.18134020520373828,0.7327132543491833
0.17619645900482364,0.1997458341685768,0.8498799295647438
0.18398340691795134,0.18779024981777942,0.748927591493226
0.17762591151551066,0.17397796737379068,0.6979723077337433
0.18184229219675943,0.16507478129060027,0.632827379705957
0.1936939818065929,0.20758489872341543,0.8135766390551407
0.1847574315188034,0.1755537819320257,0.6795601178253426
0.19230844563174523,0.19407591212366182,0.7491918082451526
0.18706343297681444,0.17380237413264768,0.6618202828983276
0.19556456207422168,0.1870176428827824,0.7006261330249637
0.1892956729692382,0.16666002496751828,0.6162846891195253
0.18596933512555183,0.17612687899880666,0.6782133135748198
0.16922250470881062,0.1674581284445501,0.6941046561547237
0.19722935979207398,0.1740246046395241,0.6288343924569604
0.18902006611692973,0.19799762556633396,0.7829730917286905
0.19493537332170108,0.1844765884808328,0.6898521606897204
0.1713668409737468,0.17850841322270813,0.7499024460770416
0.1797156062989357,0.188164052159395,0.7687927331673988
0.17122543237585292,0.17813188433648025,0.7483227377999606
0.188166243924684,0.1756135252204608,0.6675667356719905
0.18301931341472177,0.1781024763905244,0.6999396621068302
0.19090079103647056,0.17314077029149938,0.645051126414526
0.16880641642377509,0.18418138105257637,0.7948831797703986
0.17570039456215888,0.21010642537469323,0.9112468174796906
0.16918826915343582,0.16382598901820697,0.6727770760216174
0.19396895075838652,0.175385313309431,0.646419505901306
0.17467629305307375,0.17346177426404039,0.7068032650917757
0.19091700623818889,0.1837029545782156,0.7003197735638447
0.1847419077493903,0.17158044222224297,0.6581097039832003
0.17368603467371643,0.19132725647011098,0.8136938397816836
0.17411539534995005,0.17575325679377923,0.7222408824965248
0.19752670956781335,0.19435460688774256,0.7308105683711793
0.16580245914201605,0.17315364302580108,0.742773319907851
0.17951459915476867,0.18407622976536428,0.746882038545346
0.17825533316378206,0.18287653802236367,0.7454281207972381
0.17660265895903143,0.1958362697064615,0.8257875083313035
0.1874935517221688,0.19389807815317647,0.7674828111763925
0.1977423073061242,0.19103765904911796,0.7132396752647275
0.1722675353338842,0.19565500065181898,0.8455162510423944
0.19807891205080608,0.17249517323045782,0.6184160240088482
0.19582590606157663,0.16997667386016954,0.6126700816716425
0.1965714549569101,0.17236641441860842,0.6225034781648843
0.1726662239661755,0.18275541857141153,0.7688557467812448
0.17181796372837693,0.15753625391545548,0.6258731717101308
0.1812701160656142,0.17223130214034924,0.6743047601740668
0.18465386911970558,0.19594135166832824,0.7903509001141958
0.18464022980115968,0.17991528129892775,0.7036130827980144
0.17723727677708395,0.18589521491237374,0.7667417226416356
0.1747653653410027,0.20571295716275045,0.8909829293631657
0.19853080237439066,0.19872383448972,0.7491222153490098
0.1981947056805373,0.18289598111392075,0.6705324476635156
0.1820451566536568,0.18415673431821525,0.7369420685739533
0.18261711918726722,0.17955898936337275,0.7094569771989158
0.17801598694308782,0.1705306935508889,0.6770779165436579
0.19217676982784557,0.2101420814030054,0.8333061355254474
0.1906468882951033,0.18507016178997304,0.7084834323699911
0.1936737296425414,0.1936565118108127,0.7417449546510815
0.18476782033440148,0.16290734460773318,0.6110768877577717
0.1794774037809068,0.16980167385303463,0.6675028239169314
0.17102389883890837,0.17799306938430015,0.7483928869196228
0.17516428486304364,0.18551728089256747,0.7736581746588632
0.1895420100358684,0.1636533743459338,0.5996210250404453
0.18283261473153606,0.1618478445856416,0.6117499591080859
0.16674241002061582,0.187139794982315,0.822464992351731
0.18552313452689104,0.20992848320093982,0.862040648508764
0.1709266477296105,0.17269161745099992,0.7178027480249086
0.1820955487898058,0.18543055586585244,0.7437334781982009
0.18311740923308356,0.1816951621323248,0.719184280095918
0.19496793544743718,0.18937807027915113,0.7148768845466236
0.18829372539915112,0.186924559991278,0.7271859946528803
0.17721092967040314,0.16990139332202758,0.6766026990831419
0.17766420329736674,0.17110004748593646,0.6816232265046909
0.17693072063205786,0.17609135216684144,0.7126594619430667
0.17479206962058425,0.18110324123538657,0.7500525711490706
0.1847642934833144,0.17710167355308093,0.6879125352462063
0.18191182318933521,0.17180081099293648,0.6695596188168884
0.18282012733448572,0.1692263376275673,0.6521510479501641
0.18972252446695662,0.17139663148865275,0.6398640953662622
0.17941410094124677,0.19720234376255352,0.8204613962352841
0.18243342070936708,0.18871741734759212,0.7603728352415291
0.19784947982401815,0.19410044849047495,0.7283337242971194
0.16907150553546443,0.15848460057633862,0.641649225472727
0.1831718225898579,0.18639777056826773,0.7446438466339745
0.17199656925358373,0.17914566887379318,0.7508618888984165
0.18130634108518223,0.1730535529262175,0.6787051803577232
0.17511668068549854,0.19867010358578963,0.8489773961213567
0.18340807627909722,0.17024134660043114,0.6555946119703938
0.18036817204832742,0.17008543330944365,0.6657795105738957
0.17158081581782703,0.17333083542950192,0.7187915201455057
0.184379851257042,0.18214281888670456,0.7166879568770539
0.17186547517583367,0.17867588724364275,0.7487011984925761
0.16922739105706994,0.17436478536242855,0.7348974925725115
0.18308808224846518,0.18142166526859863,0.7178056794010704
0.18340615013251454,0.19699869499496456,0.8014927246919206
0.17419813016323465,0.17880728780666863,0.7394297957502072
0.17762322449891868,0.18169275453661135,0.7414163035724702
0.17837996427911715,0.18250870564985805,0.7428452303226006
0.17083984843970593,0.18829365843655058,0.8094929824604603
0.18445005948541993,0.18941195912663006,0.7558249615942794
0.17536431141573272,0.17796296888636,0.729697894932571
0.17605358758880474,0.16163387033225216,0.634090289559944
0.17225142533576962,0.18690323399028513,0.7947872345521655
0.18157584542951116,0.16786105529912612,0.6491009584470336
0.1871201611469368,0.1793939525041864,0.6915019296214656
0.1845890291923652,0.19938398334351995,0.80927877456814
0.17578047501449923,0.16273833267197826,0.6413586757157134
0.17361895589025872,0.1717617129295534,0.7013157768701056
0.1776180415921405,0.17709978182268976,0.7155792321736412
0.1847246252166678,0.16651609487429622,0.6307556165705129
0.18351629888883342,0.18772563293458394,0.7504817488609687
0.17317597195960716,0.17183447336986057,0.703529895003437
0.19286436025520384,0.20105768914203936,0.7832327805000123
0.18078167746778614,0.19397072826993997,0.7963789820215292
0.17267039836751852,0.171109114017885,0.7013889767029526
0.18243339638704825,0.16922784347434433,0.6535417628326786
0.1802404388279706,0.20336709509881717,0.8509028056972135
0.17969046384184495,0.184353682316852,0.7476951166151131
0.17082851219523182,0.18311938778243375,0.779257432332478
0.17545642652337554,0.17426919653908127,0.7082624387230709
0.17638776029886247,0.17311462681058937,0.6979771533012845
0.18014228276970767,0.17894570914086658,0.7157992402356177
0.19136766869801125,0.1837253484069129,0.6987875711541374
0.1867522751187776,0.17755429266126052,0.683013326505039
0.17717763912386628,0.18192338724232182,0.744582600234859
0.2026686633017396,0.19083261363587536,0.6948909187119828
0.1850506823837384,0.1692564899529201,0.644453121797296
0.194809410317182,0.17414850655572134,0.6372818764431708
0.18262852390830414,0.18118952994542986,0.7183408546372458
0.17490045070480653,0.18450903728307236,0.7690605526803015
0.17214170926069075,0.17380410723197703,0.7191987796780184
0.17784504416938324,0.18474983837349135,0.7576811544163855
0.17972475978488955,0.17856228257848256,0.7153287211642806
0.18338671785472152,0.16730126180242702,0.6396388090404277
0.18061300879299502,0.1973461100060715,0.8158111699193743
0.17778049196891563,0.17431833001033908,0.6992799301740922
0.18015613377265968,0.18214540823090997,0.7335049074580231
0.18325121184272705,0.16659673731563643,0.6362672101492243
0.1968768171550121,0.16775785544558972,0.5981296180386357
0.16893609147400265,0.16230650871971294,0.6647869483650013
0.18112929718477666,0.18427768716535695,0.7413361021788503
0.1734062595183553,0.1768309609114405,0.7314093577920423
0.1778691916202505,0.18763808704236717,0.7738163410346158
0.19085439721765074,0.1645942787294529,0.6004277627345905
0.16870139862637432,0.1882319088908526,0.8193880431127722
0.20071427265722377,0.18276218397676255,0.6614486464721491
0.1934041714468007,0.17368584974238574,0.6395200724841024
0.17407379335626083,0.18537842518522862,0.7777071009658648
0.17484068762071542,0.16479860393279672,0.656589753191952
0.19151413698077505,0.1937082625399009,0.7503793965576906
0.180452557612092,0.1835378906023075,0.7400166136152297
0.1812873180326906,0.18734992722323135,0.7576367101336
0.18555034011541735,0.17817915147066785,0.6908052628248319
0.17592362899086622,0.18377487472157658,0.760414479219969
0.17883112185813216,0.2057249181862415,0.8707931626676203
0.1768717590563048,0.15904199789924905,0.6165031573216669
0.1711299816908842,0.1801724495771376,0.7606641939123847
0.17965732139683646,0.19598469260845133,0.8125730222037136
0.1842828981556365,0.17088543663047603,0.6559775097979086
0.18201613878866,0.17214758719076861,0.6710810810715796
0.18550643500793337,0.1864807133168012,0.7357195631028348
0.18826125953267375,0.18548135291006168,0.7196454185336425
0.17449311706012816,0.1698052060967226,0.6865898673552792
0.179685585479735,0.19007963296682398,0.779581915782678
0.18020068310709583,0.16914606647029864,0.6611854317971061
0.18210089246650665,0.1832916950004555,0.7319661820162222
0.1830547295401179,0.15778130592851736,0.5887927954622786
0.17678889977770149,0.17282473061715273,0.6947536342586861
0.1783961806169487,0.18842122445176854,0.7759203362598094
0.18731823554790938,0.18681453524382358,0.7303855646709381
0.19009956679360202,0.15600298635837098,0.5576182426205224
0.17002338531751376,0.19490339596340558,0.8522556805512528
0.18329352838710505,0.19196519139953727,0.7745237524137526
0.18946679186942597,0.19097582130015886,0.7440661231933169
0.1835459661463781,0.19022597968860744,0.7639829010286017
0.18645453297330597,0.19064605880407962,0.7543182595845787
0.1906273406049811,0.18700014741617993,0.7186804735427345
0.18225653489868593,0.2066514667153823,0.8595108362093179
0.1738084278539822,0.15017800284139152,0.5763702259912956
0.17094316191001716,0.16735353452285684,0.686506165041165
0.19574938733069525,0.20134518942004276,0.7731579213801734
0.19089023209946404,0.17063371476768163,0.6319533139067325
0.17812745972101532,0.18232069834948209,0.7428427854791385
0.18870198667472415,0.19847275461667319,0.7868107656577232
0.17074618067477584,0.17501528683149983,0.7321703263724493
0.18298889415716932,0.18370592184281417,0.7306777958228111
0.1922851245865125,0.17067515326622662,0.6275844453684336
0.18998317984075005,0.1899577041959585,0.7366847123691449
0.18225183630245265,0.18328100500887726,0.731301301061753
0.1801183724428523,0.16134246989229822,0.6181627580919031
0.18157649012047153,0.1873916051300769,0.7566596591823147
0.1881962284924373,0.18370138999301266,0.71043607549439
0.1662061135449734,0.14847129462834605,0.5924649372280815
0.18416935845833843,0.206989550792877,0.8524194909892687
0.1836474093780976,0.15809467974986416,0.5885989904018537
0.17884358116207166,0.16218657240381365,0.6272887831638079
0.20346570711838752,0.1787645361188982,0.632856209247959
0.16487349861930536,0.1687522801260508,0.7202629963002791
0.18475491744009848,0.17712516620681631,0.6880746015760745
0.1766177017211989,0.1874941807756886,0.778484712663349
0.195577492406879,0.1949026518567039,0.740896358131276
0.18125688087439318,0.18044337760631524,0.7196602798031678
0.18619600962325028,0.1775215322173202,0.6848779008494745
0.18179755883732016,0.17087110532429967,0.6648664926928972
0.17559659773738867,0.1999091912525269,0.8537135296705562
0.20844442514497116,0.20580511943012367,0.7474659939778319
0.181538573840629,0.1793138572993301,0.7123216546410325
0.1720776307195617,0.18339005549878118,0.775173710499127
0.17635383064982885,0.1578735789192915,0.6116883229686522
0.18081674796015773,0.18163525538391206,0.7280036659707949
0.1902781234257191,0.17855179819203063,0.6755994639720879
0.18007626283187864,0.17446143985912058,0.6911596114992639
0.17900009955543883,0.1833909052027314,0.7452001732625761
0.1802597394415075,0.18682243704785942,0.7590293732353748
0.18582885757102288,0.17811469656603202,0.6894230435499891
0.17322325366118643,0.1680449690487083,0.6814614467385348
0.18373662764893725,0.18833905783631727,0.7529204144349465
0.1731916463416119,0.1660686910702441,0.6701748815373253
0.17689744168547983,0.18146789777511638,0.7431871061700468
0.18189623828386914,0.19301109258719237,0.7862234751881332
0.18317604471054041,0.1937267818058073,0.7846374346215855
0.17461076132110387,0.15454919024485278,0.5987557092921094
0.1780259388057603,0.17743503773297511,0.7158228659702018
0.1875413238445194,0.19908200457955624,0.7949288270096261
0.18605923484953288,0.18579176302284228,0.7298308150770255
0.18054548097651912,0.175093269149316,0.692862920039439
0.17862168280849314,0.2005772128160553,0.8429951529316553
0.1875903855974033,0.16548102482305654,0.6156020440775462
0.187663610391983,0.1815369536287359,0.700918805483853
0.17655700920703793,0.18027898327774344,0.7378862151259767
0.19512985026941487,0.18503647816213808,0.6920339352266907
0.18011830675823767,0.18507249656828464,0.749909873123472
0.17599542656990888,0.18146329435389771,0.746969946413226
0.17498000742079156,0.19086693765669685,0.8050459005750314
0.17657786521338992,0.17032671479887523,0.6814371362654283
0.1853568859668806,0.19123460894344552,0.7619604106247296
0.17986450591696831,0.17931856639457042,0.7189776867608795
0.1891774757766629,0.1860890726152226,0.7193724943020443
0.18605469116588072,0.1896306454496036,0.7504817243501435
0.17683914916622623,0.19521536787017277,0.8211720569503104
0.18402874665849328,0.19364607922763516,0.7805632643589252
0.1825447719617057,0.1698144419875565,0.6563564691553653
0.1730265391450378,0.19868820742154528,0.8593375799819288
0.17190609514486963,0.18916546659009706,0.8095435270798209
0.18787552784224595,0.14810359646293464,0.5221733644059784
0.18379901995136078,0.20564353023125684,0.8468137113704153
0.17616614915420833,0.18902869042018078,0.7891907218706415
0.1704571938091402,0.17957794040578473,0.7601787728059884
0.17034612894684445,0.1611186306780078,0.6523108647375353
0.17964640708862348,0.16476444949671756,0.6388352060951699
0.17803845553532405,0.1759523869551082,0.7074448414888567
0.19021403037701332,0.1722476832590779,0.6426848903667997
0.17689086417032562,0.19454012344838548,0.8171146889146852
0.17960628139296886,0.19835449505039576,0.8259983665371042
0.17033513823100732,0.1887943711026954,0.8148311179016007
0.1910765791949706,0.16125092340943978,0.5822321284908583
0.18399796712156333,0.16734733343368347,0.6377642931030576
0.17693254640633457,0.1894468139387969,0.7881354604966244
0.18303198707447715,0.15575222718683374,0.5777800311144649
0.1794632730329003,0.18746003554991897,0.7659507888542686
0.18353791486803953,0.18352593138121057,0.7275114325953485
0.17358582790496196,0.17412719529523626,0.7150767824386893
0.17833082206168074,0.16624332121036992,0.6518408868780063
0.1662514636007223,0.18429538101809623,0.8077846540986048
0.17587255002349375,0.17086624316725837,0.6872376795077605
0.18243702053737135,0.1940810188277449,0.7897575744404934
0.19018716313590323,0.19897257627243226,0.7832945915807157
0.18777996398125354,0.17650374734582644,0.6736807520021441
0.17324153841991047,0.17877602991697616,0.7433322925408522
0.187718163044655,0.17944276588997862,0.6895590910890511
0.18335540533251093,0.20063939719289778,0.8215705281211458
0.1924561966736897,0.1797722143983892,0.6742948091113873
0.18700015428797387,0.1806616841340123,0.6987250071077362
0.18588584811063363,0.1915930368976696,0.7617203694462944
0.18084045563270593,0.18651061951144685,0.7548677038765333
0.1915279093050657,0.17040209578966176,0.6286399524044575
0.17284636146279111,0.17315706938540823,0.7125233550948681
0.18037944439146542,0.19822511278437394,0.8217405995701534
0.18270436352159838,0.1978479964947142,0.8092198437134555
0.17129204659175445,0.17801280733063105,0.7473365510993505
0.18298712734001132,0.18783696894711244,0.7532604667376157
0.17929606844986878,0.17604743581139148,0.703012826221755
0.18174460419017477,0.1837707861046951,0.736037180860233
0.1857799210567448,0.16124688302225726,0.5988100457222064
0.18133738000845265,0.19066349617081182,0.7757004990601225
0.18258407603804797,0.18169238420309575,0.7212698229809094
0.18127814744830745,0.16961634834846723,0.6598497945406053
0.18600835529103513,0.17723598906085977,0.6840337298923046
0.18158249358520168,0.19576076643677484,0.8027247757140273
0.18312505869503218,0.18234385712268722,0.7226965990661409
0.16860933612001844,0.19425094096556927,0.8555335326324367
0.18166930056633343,0.17947351649963747,0.7126879230338778
0.17887169178558077,0.18162132732817754,0.7358421336225537
0.17866980168236996,0.1853002115537097,0.7572640159652693
0.1728509779065846,0.18293604174114061,0.7690789103489157
0.17844899923528038,0.1824067185486645,0.7419863328798479
0.17889730444230525,0.1973085389287542,0.8234251454373449
0.16714860585028404,0.17024541744729804,0.7193922847014503
0.1864531183353383,0.17148126033627872,0.6515378311763771
0.19462177269910677,0.16906596168522373,0.6117813029547551
0.18569500011891088,0.18588856824477473,0.7317836676149476
0.1785362049157904,0.1665863797324962,0.6530125348384443
0.18402934918948777,0.185649508898002,0.7371080183429276
0.17838375795372924,0.17967582408816032,0.726948605499144
0.1862252351412661,0.16935138471283703,0.6408980212713914
0.1833203724816095,0.1687666046542611,0.6478636446485272
0.1817868201678123,0.17981697063416938,0.714116515786633
0.17884226161875094,0.165983861942482,0.6485260301042934
0.18475796670322622,0.1885566813597487,0.7499361669329804
0.18074608847551765,0.17522782545158544,0.6928383707100126
0.18714700382131108,0.1792294957276925,0.6905239896390832
0.1828256114585504,0.194837257842638,0.7922153613334149
0.17701099978674775,0.1737796548844951,0.6992766270662129
0.17572973691415725,0.1843795842735956,0.7646946193246683
0.17148457853102542,0.16900571413844095,0.6939732724532436
0.1857295363918249,0.16433284865377712,0.6155878643479433
0.18398775727964217,0.173731192027904,0.6724968761907647
0.17111579466002735,0.1984407649974009,0.867487219939707
0.17609539097386206,0.19166398497738651,0.804472985885325
0.17941846767952369,0.18544739721212009,0.7549245011614718
0.17706059564597215,0.17598336404812856,0.7115268283634878
0.17598669953087812,0.1614952788823203,0.6335437801807156
0.17791533846441365,0.17057334302575192,0.6777006640710115
0.18500244735277352,0.17977732107129277,0.701489752856219
0.17710991989236147,0.1833380772173607,0.7528549349375624
0.2099619058126325,0.18297016699461896,0.6333061537042817
0.183064736554093,0.19397771393317761,0.7864852436538713
0.18414282760255954,0.18269796650276038,0.7206252246173064
0.19192856662091798,0.1873980076307591,0.7158809657664807
0.17854528403595263,0.15648447692878226,0.5964003894235599
0.17478375075324035,0.17873133125472437,0.7365177294797113
0.1712213845257185,0.1817894730707924,0.7697021808102296
0.19551349460692272,0.1723223307515947,0.6256464854127952
0.1843644839236111,0.16599138030013033,0.6291416754009399
0.17323333283303294,0.19100901972655504,0.8139831833776668
0.17977909736962527,0.18958134866894027,0.7764047695820914
0.1725156173867492,0.1829184369974348,0.7704719086356998
0.17567350280890612,0.19314074838230083,0.814811261195186
0.1813095912728045,0.18564099697012323,0.7481181553491741
0.18668055305305042,0.1996349401103777,0.8015561217448012
0.16343358108242978,0.21026535536655622,0.9806145977167592
0.1735773181624078,0.16598992752767874,0.6682320521806464
0.18361719006708066,0.19988536281066238,0.8162926507910558
0.16809228850822056,0.1881857100467139,0.8220823886275777
0.1781488196153004,0.16456643533071585,0.6430939906203917
0.19043573884819523,0.16233419654912265,0.5898798052747295
0.18432040137783992,0.18881802140229445,0.7531343267733571
0.17322511848354533,0.1929001365981295,0.8249388878998146
0.18834923753330696,0.15223294165616763,0.5427839421865944
0.1818759741487751,0.19866979698701373,0.8174240588006493
0.1729742014029009,0.17501472560521486,0.7227362496331102
0.1859206881604271,0.17382158699146888,0.6659914408482923
0.18443025730825535,0.15747982381918862,0.5827667617442384
0.18529587241680973,0.17100581014686872,0.65304104494392
0.17047037420764735,0.17897162149265886,0.7565632567660142
0.1786848613118642,0.18843527858923684,0.7747454237190327
0.17440283385730573,0.1625356311187325,0.6452626292231455
0.1852602157947244,0.2061611679291491,0.842928781331993
0.19840177469219378,0.16928435787134818,0.6012262645150698
0.1765893299159621,0.19486555671550104,0.8203528309691293
0.17976265367180908,0.19212306239907498,0.7906150665674287
0.19277809353927397,0.18602785761349752,0.7056188549026451
0.1771195495822611,0.1627811086516504,0.6367513293571839
0.18988196431958937,0.1964751513064923,0.7714010745115356
0.178789228112338,0.1985005032968396,0.8305897668708141
0.1848278965830048,0.17191729855209512,0.6596260673092873
0.18064414531712458,0.18470628027890665,0.7456996740327617
0.17326091935326207,0.19424404022914996,0.832524961587272
0.18222085305776461,0.17296996732047548,0.6748402570670305
0.18205895166335537,0.17916277694787444,0.7094557876325077
0.16830941292479132,0.1879203144113283,0.8194450447816467
0.1671857651345905,0.1576957653840185,0.6441682717264808
0.18211883623284295,0.158944742462598,0.5982068890628629
0.19990697864379633,0.18921404379992127,0.6963941166255101
0.18764063133620074,0.16949894543771826,0.6368500499425884
0.19056259223858535,0.1700810186245825,0.6301395106666079
0.1777218930002888,0.17791967358715788,0.7197744263670994
0.1799846792024403,0.18676611934824633,0.7598764514529414
0.18984093010775996,0.20017043720472433,0.7910329828213687
0.17670318820651823,0.18876790160685955,0.7853163432720716
0.18311599818095511,0.1757453608258324,0.6866978422145884
0.17936964982408002,0.1863463449208855,0.7601416686413203
0.17122983506730907,0.17431511242099534,0.7260131528604701
0.1791295497925916,0.19324936432865694,0.7996970041767023
0.1907237719590767,0.1797014413153413,0.6800486377921003
0.17773145866234524,0.17669986338608537,0.7128724669209525
0.18005580983127337,0.18992362686597558,0.7771125352583467
0.17236818844274637,0.17390811585705396,0.7188572147592718
0.17677644196376222,0.16769279905890214,0.6657719645869342
0.1826957018229733,0.17485030742668983,0.6833784603628282
0.18278620662110132,0.1865960018263434,0.7472992866988816
0.18597059788412723,0.16932087428127138,0.6416115000910879
0.17588771292041214,0.18780035978872206,0.7834564308143326
0.17453086046375182,0.18902871445642863,0.7965852806031595
0.18178391780649483,0.18691315607512027,0.753164293779065
0.16802285217164553,0.18297280495596469,0.7913971417419157
0.1861243742200788,0.17947598695987751,0.6956422956553846
0.16943863553340266,0.1825501735906676,0.7822901380986218
0.17988476421242205,0.17843231862728176,0.7139699639910515
0.1763802506629194,0.17027958171995972,0.6819333869177124
0.1935881844498378,0.17204963151597383,0.6304601278369811
0.18013709280549334,0.17870608244878491,0.7144896170149581
0.17423860796269977,0.18446961358407982,0.7717555549621155
0.18085781937632775,0.1834194037282837,0.7377032643010336
0.1857281958060992,0.15533496496411592,0.567145793383391
0.18404492069842596,0.1708830049217297,0.6568125024205764
0.1776828388155995,0.1986521003974876,0.836614843551435
0.17832914295074692,0.17333642647096792,0.6916223811215896
0.1914905795242512,0.1670995101924714,0.6115157752584973
0.18363664282220468,0.17820499389309585,0.6981449449455617
0.18053521315540338,0.1912784011236606,0.7825531576604348
0.1949429916754854,0.1669204938926305,0.5997676186649676
0.18109833700156056,0.16983730107689246,0.6617250222229252
0.18443985429309193,0.1734215035691051,0.6691693833859625
0.19347690847104126,0.18718561395444044,0.7090541968990256
0.19190222245863758,0.20306112600409443,0.7975995485778445
0.19380136877865642,0.16348371033367776,0.5855671249839792
0.16330946892391293,0.18408735279433716,0.8210629406725303
0.1735251889240869,0.19168399168452444,0.8165038895102877
0.18624180598283982,0.17793672290347362,0.686938801029784
0.17760454475217857,0.18357782691204866,0.7521081574710669
0.18111740777078675,0.1534958660071078,0.5714297001097048
0.16608463119774428,0.17780624917212406,0.769524839537711
0.1741274519367654,0.18158352431874897,0.755673633624029
0.17957235757057782,0.1753621328443933,0.6981148687938892
0.18528384856426788,0.18551840809457518,0.7314097215957224
0.17290674676074383,0.16116828984560572,0.6429378374658368
0.18471297653959795,0.19087850943621446,0.7626887513558829
0.1807807350639584,0.18292993382715284,0.735310285026353
0.1745826485899873,0.1550807632845036,0.6018969475671605
0.17723783823933356,0.17515316250612614,0.7061311723805006
0.1962855679933942,0.18517070349631654,0.6886431074793313
0.20225105936817495,0.17509388961207195,0.6185079574013643
0.17650271087593158,0.1824810227122255,0.7505891669015209
0.19771453270226572,0.19588862847699645,0.7378750893172187
0.1774329472451002,0.16488048053846616,0.6474585601048148
0.1750872477858286,0.17681865800813507,0.7243169311979993
0.1846529910424203,0.1869889404623697,0.7418723070177577
0.17357328782660264,0.16721150704899845,0.6752853997101855
0.1733040089048323,0.18045178172975412,0.7527337801019368
0.19329339893192124,0.16912468433843975,0.6162894594263717
0.1821118101332349,0.17231409405096546,0.6716428438192953
0.18440410240087285,0.19777834086862683,0.8013831522434034
0.19691845682332418,0.1764188626000271,0.6419858485558338
0.18865698443140852,0.18954900151501886,0.7396969793384764
0.169431983567841,0.17768603465437321,0.7536123461792997
0.1844099508029187,0.18824069607618749,0.7496379423902516
0.18709660539308556,0.17995993868222981,0.6946140920578813
0.190125833825698,0.21328983876175558,0.8588514010750117
0.17552160136968373,0.17193150100690735,0.6946808828965452
0.18959583304832942,0.17386607587904346,0.6533164462927255
0.18694885208872405,0.17736708538523893,0.6812937547473776
0.1725482616964376,0.18803219006754573,0.7999627971354726
0.18322312583966316,0.1678061325119133,0.642965411555113
0.1691430238642464,0.16732533931592253,0.6936457480509952
0.18277519264875258,0.18595093237475158,0.7438150134302672
0.18358718962660805,0.16629947263964362,0.6334835936874533
0.19547645865698798,0.1519922065188314,0.5217620946254304
0.17957104897512952,0.1858861846769081,0.756726573979797
0.18003818069294328,0.16582276574972324,0.6433233512132629
0.19818701321959817,0.210031362214397,0.8074765324662149
0.1760766510410483,0.1731803912704158,0.6995839058848243
0.19200211697144282,0.17177548151464184,0.6342403064897141
0.1941079257931572,0.20898800069937226,0.8190701129267179
0.18317540931018736,0.18708856604879162,0.748400489809455
0.20100636861034735,0.18759266492077326,0.6845189327682343
0.1762093512111994,0.1756379692642474,0.7130039830500334
0.17053191859396813,0.17314075918918675,0.7220980107681868
0.1838844479182521,0.18105904467868555,0.712725008353884
0.17756062972785572,0.1794508653721457,0.7290516234964525
0.18021458960651768,0.1763270724953156,0.7009813843104457
0.18470664409482543,0.1850588344360329,0.7312072345740624
0.18087865426260769,0.17869408739479548,0.7114940561640385
0.18565867202366815,0.17278020163696514,0.6613222011052242
0.18080361445500912,0.17929326185245903,0.715103302786196
0.184474006073444,0.1873582991659535,0.7445943311453187
0.1910155353996986,0.17593518774288391,0.6592929076651566
0.17360417437821854,0.19741390995602512,0.8491380491511993
0.1914689199013946,0.19623557566269811,0.7637562051220042
0.19621036220914112,0.20279205423703903,0.7787155199997927
0.1902518666372718,0.17442791999411625,0.6540168156738593
0.18095941626581669,0.17519526389096282,0.6918416652442101
0.18727798967009177,0.17340247726854657,0.65892675100759
0.19838064383449558,0.1917517541743876,0.7145442792929327
0.1732105795898325,0.19144170929078907,0.8165881646821287
0.20372000924724065,0.192943794767833,0.7016679181196784
0.18433621735169603,0.16734412674760257,0.6365766230502663
0.1822025316425496,0.17217940008042973,0.6705691681613126
0.2018306127320747,0.17476873061887122,0.6181853631118819
0.18944189337613543,0.1752737538116836,0.66127798650615
0.17624401899657255,0.1696208395245855,0.6787228310250448
0.16555345806145808,0.18733882103114835,0.8295738587360969
0.19144864294879005,0.18260435399837638,0.6926366881265713
0.1852727812441756,0.19303265415796084,0.7720111567249296
0.17787196496598126,0.1837290046246384,0.7518273306881981
0.19732930385792471,0.1943843124135613,0.7316921997430077
0.17146121570200917,0.1885905795143342,0.8082911283867106
0.18548852527853582,0.17139582073179624,0.6544653937460777
0.18528871569531807,0.20314865003605284,0.8265406204654406
0.17810336295433454,0.19210210740752218,0.7978631343640431
0.16765211605645622,0.1567580587554867,0.6367832465624015
0.18810377874734263,0.19558667282787667,0.7739699531683831
0.19140097497603983,0.2027099554595689,0.7978535923272365
0.17731506897732455,0.1668870828668774,0.6592055798812293
0.17681068712534903,0.1742369346393347,0.7026551203392901
0.17484722464737074,0.16861206671361367,0.6783754615083466
0.17142367939074132,0.17876074154922914,0.7511257604950436
0.1864879201026636,0.18089596409265374,0.7019004985448608
0.17950457967954125,0.19683361648011147,0.8179937065797691
0.17808605488794746,0.18736138616878778,0.7713202825185621
0.17412841238154977,0.1576230558100668,0.6180671743233
0.17927695279369849,0.16097759363545858,0.6190287814807135
0.17977459040373606,0.17317043925333134,0.685138199879729
0.19123183950353606,0.1867687306534773,0.71519853079146
0.1828392821370192,0.17183469487660016,0.6663485737452065
0.17140936743618818,0.17321335663881843,0.7188251055455762
0.16932580753278204,0.15952224281114083,0.6468136452852112
0.1723551001276728,0.17138858991558922,0.7042935766082354
0.19199041162675684,0.19171462463956887,0.7381338653259011
0.16915663872266773,0.1740361454757021,0.7332620606103395
0.18371929223767272,0.17408910898769892,0.6754277543545517
0.1767208028017713,0.16897503504876357,0.6732372938698028
0.18775896137498732,0.16977720894806525,0.6379307175056711
0.19606206370480814,0.17846723999188885,0.6552376199880752
0.1904023316767036,0.18260266242702167,0.6964340260925811
0.1755753999768777,0.17344933506336968,0.7031129365482138
0.18889022976201017,0.17531629544112284,0.6634345016098159
0.17960446850968853,0.18542877703856792,0.7540390178614202
0.17237371138089763,0.1839916783341172,0.7773324439132896
0.172559372203724,0.19600473436432017,0.8461130363405972
0.1732555093853264,0.16709295541111202,0.675839722653166
0.1737127450484929,0.1923446928638302,0.8194257296670655
0.17036661364618322,0.1840952238013037,0.7870980172194545
0.17329896108487386,0.1882492216672752,0.7977498584054817
0.177099911948863,0.16638611314980023,0.6571777019483009
0.1869151280522736,0.17214025519110263,0.653453021506875
0.18191271564921316,0.17523077858365566,0.6884113523165765
0.17324968209078864,0.18316636356084148,0.7686384295415783
0.18633138701225319,0.17796457266920643,0.6867580106661871
0.17912003322868786,0.17409637246114718,0.6928112407321276
0.19630882523780366,0.16381912694078798,0.5797962817153549
0.1685581999098379,0.1836844166537074,0.793105388674152
0.1847577290178716,0.16818107210727024,0.6396542798804297
0.18214903622089418,0.1772828079398102,0.6987838672143886
0.1810242037003892,0.20844299808567973,0.8752586386067837
0.19025252278796942,0.1564806777144881,0.559680766142363
0.1961673006762173,0.16439616465612197,0.583156133880528
0.18822005409748016,0.22069588306559135,0.9068953033941168
0.18915368079875355,0.19923559167602953,0.7889647774541901
0.17693534138200226,0.1999622528841802,0.847553980526777
0.17894225590483007,0.15111164129238536,0.5650517860139267
0.1943738552896121,0.1897824129323702,0.7191420508900128
0.17903463561634939,0.17957129301595087,0.7237219355343468
0.17319871844583412,0.1743164490483482,0.7177677188600371
0.1754628426606327,0.18137626858578268,0.7487412525276418
0.17821200739854826,0.1815839837807564,0.7383564424280669
0.17865439043819598,0.15088453496854926,0.5646910480123322
0.17631273885146376,0.19588107273597352,0.827399504348193
0.17636010977229874,0.19390153410748664,0.8159528495036668
0.18225007345555813,0.1688356120308859,0.65204699113531
0.18551745857271115,0.1706403349181831,0.650291006821332
0.17303931496482838,0.1988535915518073,0.8602298938947079
0.1677428627948824,0.17096807761570382,0.7211518606524843
0.1779941861782448,0.1918932731605945,0.7971792574084496
0.1785451571979774,0.1936451240782297,0.8045310571988842
0.18758937791750127,0.20891933304947646,0.8471659473137471
0.17254713247973616,0.1545690352184328,0.6060317184970507
0.1772717876471222,0.18239862525738096,0.7468679986515061
0.18175120327329322,0.17111170247003396,0.6663598385531585
0.18045841852146519,0.17645014219718494,0.7007162272240789
0.17834032933250163,0.18366544631005624,0.7494964644864338
0.17052126245125357,0.1592018423459617,0.640400151724064
0.17945603716364936,0.1678222044044386,0.6565519124719905
0.1796241799869831,0.1783747796319421,0.7146854039430832
0.17038400134103718,0.1810278417885658,0.7690149354240315
0.18275168426030944,0.19265764207371194,0.7806091782470909
0.17561888267462533,0.19458795573489757,0.8233052934448983
0.18536352307111315,0.1788786943857247,0.6952753823970074
0.1840077201374749,0.1720851858934559,0.6634786073228027
0.1799457410976413,0.17312761916043146,0.684248587431811
0.17206620002440398,0.18665980057183337,0.7942280386993554
0.1773697568018743,0.18312237166318296,0.7505359090720489
0.17568370510210282,0.18219577213954632,0.7524646185183625
0.18490191890884886,0.19435575487127982,0.7807152879924568
0.19293584852816717,0.18130963935261935,0.680587046701428
0.17126991059569066,0.19720084775160468,0.8594670671551599
0.1833136989389772,0.17906693335451976,0.7040768589666857
0.18626741346124992,0.1965759717340788,0.7869115107703566
0.1951487625982503,0.2012246534664131,0.7749198685811651
0.18526114499666732,0.18615004740276764,0.7349088088882149
0.17913637541455607,0.17908381209441732,0.72058961668557
0.18189752793125694,0.18372848541367454,0.7351858320153393
0.18340438954728155,0.20424131523308378,0.8409903144293088
0.18811178273541665,0.20817659909456662,0.840864919753833
0.1797383515185609,0.1688513763082764,0.6612466137812723
0.19382309270870932,0.18254966824150107,0.6838693284123054
0.17874978592458396,0.18013395841107616,0.7280230168554204
0.18264321349323492,0.1826245193131312,0.7261398700589747
0.18325576427660695,0.17975192803847212,0.7080373627026765
0.1734098862703018,0.1819734277597454,0.7610490416563246
0.18677013647584445,0.18442859210499113,0.7197542103974272
0.1736580695626421,0.1673786956213143,0.6759184638924789
0.18740413430161385,0.18313234876409115,0.7104024105990315
0.18821638027190926,0.1823934657471256,0.7034109653785798
0.18132551410721678,0.18684399260236065,0.7546869136212432
0.19517289495160256,0.16802848514602253,0.604738097343334
0.1707355649172636,0.19108281107643985,0.8263235087827592
0.18914743001811718,0.18560627556143494,0.7169342747530121
0.18595356551042241,0.1710226980532656,0.6508221432650209
0.1798678232556578,0.16796268984755156,0.6558298627981033
0.17588627707857482,0.18111634001018426,0.7454608863635779
0.17503841005575393,0.18728550201732333,0.7843164364529739
0.17705663034208688,0.16078164799965844,0.6256848319411698
0.18050589745714357,0.17086015151127515,0.6695634503574612
0.19594747973095872,0.16310198369124823,0.5772056055354239
0.1754971989133574,0.16733227679887028,0.6685706525538163
0.18490125257867454,0.1830390840426106,0.7195142390179491
0.17170523548680078,0.19648997458285208,0.853147978671349
0.173171392266839,0.17387159457688878,0.7153121133657897
0.17994999347848142,0.18265481273238043,0.7371759796603906
0.1941063153702399,0.18777027355485026,0.7097670845591303
0.187675143293319,0.1731522639179195,0.6561991202289577
0.18670002742291503,0.1646856194785467,0.61427746455955
0.1746771410946764,0.19031623980601786,0.8032890790785575
0.18136577267001464,0.18242549504431024,0.730157036219019
0.1991596981696466,0.17562914814722533,0.630796036054508
0.18401192936022365,0.19501569154812773,0.7880776645966442
0.17228205882721642,0.19578020666041485,0.8461717235839364
0.18295474880203086,0.19093329035652673,0.7703177494945807
0.1744799825905709,0.16115636761494942,0.6370723217905481
0.18475047131059408,0.18818737597843355,0.7479676506270949
0.18249240235558334,0.1801480984513251,0.7131699554139997
0.17346839119314106,0.19054054402119247,0.81017955521772
0.17290034972061183,0.18894820489198014,0.8036317168617954
0.18289716455700739,0.1728868177256539,0.6718902287156627
0.17171917093662264,0.17369637530420934,0.7203410931320106
0.180386002504542,0.18290378192506915,0.7367743620890024
0.18390312798002945,0.19277088075007875,0.7763374245900954
0.16303082393761198,0.1670137319851328,0.7177399289223441
0.18467442060856257,0.1652222103059709,0.6239207894968672
0.18410381437079065,0.19149203290579137,0.7685448201568608
0.17528834042815442,0.1870016215820036,0.7815786335096061
0.17719735250585034,0.18011320144960682,0.7342841166055852
0.18153491249256348,0.16747373700843007,0.6471137446536205
0.1829635660850557,0.16403128687451793,0.6232458697351105
0.1805019284279407,0.16831487051883381,0.6554770442026997
0.16766436656856507,0.15611456477841382,0.6328987306615271
0.1882096458609757,0.19612779527173513,0.7764097031438811
0.18042101344038206,0.17706042136714478,0.7042440286986326
0.17644653720574074,0.18234909823106218,0.7500804511495743
0.1752425423735255,0.15965916124720342,0.6257565073066984
0.1934698408759952,0.1900450979444659,0.7238600978342047
0.1845899527327911,0.18309326775858495,0.7210211920431455
0.1871595212209684,0.16605700986593738,0.6200967447919232
0.19196934678494487,0.16970385911844604,0.6235571518225
0.1764927756654372,0.18219553485674572,0.7490138582631728
0.16609470930112413,0.16846760240228315,0.7132533173438135
0.16978886847967192,0.18000382128916556,0.76567929601775
0.17968197469247055,0.17972235726158675,0.7219553184653569
0.18524618467073886,0.16927027938565067,0.6438474271286322
0.18251455332669553,0.16382749246239975,0.6236625539589272
0.17423438226854854,0.18700912522985877,0.7863495335764771
0.17950748840644778,0.18541056936874,0.7543449611535881
0.17494465655265867,0.17142963044767587,0.694103111466713
0.17030049386409077,0.1748574959011024,0.733159916733686
0.18565631586298334,0.16232776289750597,0.6050306577256722
0.1764966233567315,0.18156989273967375,0.7454527471256335
0.18471380456098552,0.1827896753619037,0.7188941599546856
0.18659578670241855,0.17848994416350245,0.6886004578893155
0.16629051712522672,0.18007547129006374,0.7822182138751131
0.18585155962297004,0.1781409701050925,0.68948019787968
0.18070800275364626,0.19027253194818827,0.7762386270154155
0.174063356617436,0.1817014828370815,0.7566295709586983
0.17933805313401413,0.19161196267430883,0.7896370022958056
0.18267322070598513,0.18130446995569247,0.718794300818885
0.1776556430858767,0.15799685069091982,0.6078999170249569
0.18060205702912538,0.17584060555140849,0.6967838994830184
0.17902658274253067,0.17430109018557413,0.6943163874402905
0.1763490018218021,0.1710274419881031,0.6862950214506994
0.16724057475730716,0.16832160216227524,0.7074933958698648
0.17453461408023788,0.19011275597802163,0.8027791891962951
0.1738485836282222,0.1878917589422182,0.7931715983208802
0.1700876716585548,0.14514523417652972,0.559389362255076
0.18689782452167186,0.1790026867667829,0.690231077311573
0.17649814473533587,0.1547390754866144,0.5934287617791887
0.18406471858227533,0.1882346619220221,0.7510111822990804
0.18145392749778336,0.17561172897210636,0.6922513648740992
0.1832068580299832,0.19006213242916564,0.7645026716535
0.1866353161457396,0.1823326397427549,0.7090439391407525
0.18987706084918343,0.18378399980909732,0.7045822134110239
0.18577809049077626,0.18208975173806116,0.7110082323976696
0.18402494169328015,0.17367787536844034,0.6720712650711116
0.17885319966790675,0.18679187373171163,0.7648276574626887
0.1915564055054151,0.19401169738239926,0.7517978686352423
0.187381245234982,0.1839933727976318,0.7150842264368553
0.1840572703647512,0.19672888458021395,0.7971914626867898
0.16992648973292013,0.16361022550676516,0.6685845490325295
0.18901873214702702,0.17916952357358418,0.6833689026816162
0.18212814596612906,0.1881666799339781,0.7586234362681832
0.1820917001363986,0.18801081005256018,0.7579192788533526
0.17727705018589343,0.18719670076451753,0.7739112345374232
0.1787330194246734,0.18368849720615557,0.7479787318341491
0.1821427504945238,0.18630871727585574,0.7483620232250414
0.18697549941498418,0.17252620871745875,0.6553062251515479
0.17159395697025145,0.1627882775569339,0.6572974919885293
0.18891596753185294,0.19197397109283165,0.7515191698599726
0.1854905808827792,0.21067522736239316,0.8662177162727841
0.17152492602944755,0.1742433858084468,0.7243459518362748
0.17964488535257403,0.1792526159072648,0.719489539897512
0.1745725829081795,0.19006203885916026,0.8023140663091931
0.18445594105973603,0.15358418221701622,0.5615659849279157
0.17892246593179092,0.19563811089828062,0.8139733048045569
0.17174352373540747,0.19201926103336756,0.8269264420832898
0.1863073536247017,0.18443317893111427,0.7215666816990866
0.16353546395464993,0.17851400254767347,0.785847909926814
0.17175489445672149,0.19130263213816479,0.8226993040583772
0.18541515829871874,0.18057651813951553,0.7042386358139406
0.18259565604884354,0.19831218130555708,0.8122437549438976
0.18607860284755548,0.18104218576211978,0.7042302755759394
0.17419074256293945,0.19253634946721407,0.8182774088336647
0.18499093990781537,0.18312119201934532,0.7196092526784404
0.1780045751876074,0.1796409304380739,0.7283011141788868
0.19533634892952934,0.1948996947338977,0.7417958589272728
0.17707612882381327,0.19237869283614586,0.8040535660106362
0.17502915329089883,0.1814960524115927,0.7512808577268608
0.193962274284033,0.177434897047715,0.6570086761361791
0.17231796295835644,0.17642776157045006,0.7336888122395194
0.17653899952210778,0.1559941500186768,0.6004007630359505
0.1869676559629839,0.17987700313844499,0.6946495770592438
0.17845773324811853,0.18134091639915795,0.735977724297037
0.17887102396811727,0.19121079777942085,0.7894559702671063
0.1870243043688007,0.17385832602876156,0.662257915872369
0.18020552875898854,0.19756519132377853,0.8188716092120347
0.1828638909828457,0.1817970216590176,0.7207383642043433
0.17127465168237613,0.1664584843064563,0.6799516633811358
0.18049113250363638,0.19004777257056957,0.7759260559116277
0.1810963102052748,0.16943923961625826,0.659534363129058
0.182632213852455,0.17377697532972067,0.6777390073676578
0.1786910162001766,0.19009951373458864,0.7840322178124709
0.19491819853184053,0.15952852532304188,0.56192046790926
0.17824426657751255,0.1790722388995719,0.7241312238418769
0.17602909085151958,0.18702619994909286,0.7784292885127401
0.1864977906921399,0.17116211364129624,0.6496705038254521
0.17896924790140462,0.17781870489049909,0.7141936751106831
0.17593297177672026,0.17318449966155497,0.7001785874332337
0.18205040376308054,0.17402705611681085,0.681278665430586
0.1736168875905414,0.18838744059175042,0.7970851367761169
0.17935205626081013,0.19830432963424877,0.8268894861098643
0.17998011185675067,0.17252134255606716,0.6807493410915537
0.18294624309360982,0.1640173423803015,0.6232286624326097
0.17868572871498764,0.17468482500833674,0.6977883791000178
0.17837726139243124,0.18932397872211926,0.781063559528507
0.1669123751421198,0.16629647972141112,0.6967516915530614
0.1713199694743193,0.17497401130597953,0.7294771980724233
0.17239604501065808,0.19882263168539566,0.8632601268561293
0.18410319394027427,0.16280358491149172,0.6127193260323709
0.18046090474448576,0.17428930085240976,0.6887325597108733
0.1735338692570748,0.1884746921632553,0.7979692538182129
0.17941086675591938,0.1802685826953523,0.7260908162969693
0.18255523676096658,0.16896067554572936,0.6516420873836317
0.18966487310973654,0.17673099157568972,0.6681837785659211
0.17693307761825122,0.19354382024094793,0.8112887775040935
0.1748815835832917,0.20340934163842375,0.8772183925550898
0.17497460494894146,0.17173512691357615,0.6957302572513258
0.18249945867168196,0.16767966712461932,0.6448220064933234
0.1839037492692038,0.18045997057007496,0.7093926637629544
0.18617380295797445,0.18208352238327966,0.7094635243235335
0.19366081381714864,0.18469613785132097,0.6955260343917528
0.19060888246359634,0.18745797242882106,0.7211519770337756
0.17564942676403686,0.17503542288555177,0.7118464613808348
0.17258020674433103,0.2005348591867618,0.8722602784325765
0.19802969390495195,0.16990672988900277,0.6054987387222557
0.184697258477761,0.17326868444850496,0.6674093890968472
0.1794205835780311,0.19199891969025049,0.7914304861710266
0.1844077890714643,0.1747956378112562,0.676737346289064
0.1964886480506084,0.18751811089459006,0.6998781469511172
0.19195370828490127,0.19973291429463294,0.7800470000423047
0.17135829173430206,0.19755998791876855,0.8611196249993334
0.18436908606278415,0.19304379091626306,0.7758556164212456
0.1817239292769636,0.17768328195342317,0.7026222823898022
0.17814664678494607,0.18393630894323368,0.7518317709618079
0.17735907548619947,0.19408918353256643,0.8124150576313655
0.1904204154801504,0.1967586821205413,0.7707087590922704
0.19003289810211435,0.17101808635993346,0.6368270313643497
0.17993320448036357,0.15550918280899398,0.5863797241520721
0.1653904415885439,0.17270765642518832,0.7419271346433596
0.17573666649123998,0.19268530471473896,0.8119267740966933
0.18398544962127564,0.18741982306432617,0.7469059284155222
0.18197543637637445,0.16678673010177048,0.6417719469578516
0.1887259524481431,0.1924862677146105,0.7549903225618211
0.18243867953950593,0.15447194538685957,0.5726414247820558
0.18049986164291512,0.19205409462055212,0.7870038975518957
0.18202645506286674,0.17076433224866128,0.6634438505488266
0.18091053665355922,0.170471586998356,0.665918023498306
0.1780142970565339,0.1662203839354764,0.6528710662973718
0.1750323486198345,0.1795097001956612,0.7399186562762337
0.18026420203053029,0.18418069051179586,0.7443557234345979
0.17935201967501746,0.16428972805965142,0.6372369169120163
0.18077442352747528,0.1766104413989629,0.7003780674743504
0.17881193677084925,0.16893943666159159,0.6651649705803178
0.2014707373755441,0.19215416197017746,0.7055821794368092
0.17584715460432776,0.1610675303672401,0.6316140321812557
0.18256439882944325,0.17517416424274374,0.6856438881037531
0.17402469698207038,0.1630029201785163,0.6493499034229544
0.18003594447562332,0.18136187891317695,0.7296425127536864
0.18129293683567718,0.19047927707417953,0.7748745181479909
0.17169900962177967,0.1835468360772954,0.7777961933005538
0.19816057659357178,0.17131679242195078,0.6122145711695826
0.16852059128123248,0.17719546430641567,0.7547769880189172
0.17548769873748182,0.19041041576002582,0.8001154312819992
0.1842817058500365,0.1933080209662759,0.7776573388293686
0.17998825968153973,0.16981395691042314,0.6656765120259214
0.18685676011820845,0.17197304954008405,0.6527623055377928
0.1858866951393929,0.15753026842608042,0.5784721082132613
0.19784132422675235,0.19127276480720296,0.7140710635624622
0.18455948086372284,0.1689256973661844,0.6443759855067979
0.17261432461053425,0.17164888589017854,0.7047438627393882
0.17972328634698845,0.17219129014778026,0.6798856877781979
0.18546166976957917,0.16221151982115534,0.6050388738577027
0.16199841514221971,0.18450749520471355,0.8303013031740363
0.19245932950232691,0.16745121451697054,0.6102651132615033
0.1854231822402952,0.19954900641774653,0.8065280975705709
0.17623171519503317,0.14923443457848284,0.5630906699663082
0.17873357468115025,0.1879793771450406,0.7719835368994737
0.171991091440169,0.1871770309727556,0.7975821876825272
0.17150629889808472,0.17819384575908204,0.7474585282448402
0.19593808152250472,0.1831198622345624,0.6793975994874317
0.18442194647708746,0.1706103350599889,0.6539912269875836
0.18601007735258757,0.18859150258286475,0.7450752376182311
0.19254078770995425,0.17545097272963284,0.6515553105486079
0.19135344617640096,0.17015446824764735,0.627919019221017
0.18485906869509186,0.17122124786361853,0.6557495324373936
0.1815817943266277,0.1964244352158343,0.8063827971236333
0.16756443532078566,0.18750026034625233,0.8205814084774111
0.18787589598524804,0.16159187505075098,0.593965896825387
0.18523200657843322,0.1818414755911085,0.7117640089661423
0.18032706584382038,0.1809478156795402,0.7261683933400931
0.18357198413623585,0.1948013340560807,0.7887986543121854
0.17826152016862246,0.17900252394884114,0.7236700541250525
0.20355768421768466,0.16497476046022597,0.5648264318888199
0.16560777028395599,0.19502745851469833,0.8757285860804114
0.17610060195006175,0.17880540938971962,0.7314308296699974
0.18558140538106413,0.19116187212640806,0.760646638258574
0.1750554883687539,0.18832390605803523,0.7901717755152944
0.17892971001448138,0.16662987522018502,0.6518195061666716
0.18273089431746484,0.17386273877414216,0.6778423497394537
0.1810504342857158,0.16056141065003499,0.6106663653485523
0.17461872418569474,0.19196053730350507,0.812974312837952
0.19031870147457391,0.1593228958907538,0.5744201439150689
0.18054841641747596,0.1624011857420125,0.6225542598064725
0.1778304287987417,0.1972988265329649,0.8283105851342757
0.19161409125216433,0.18143279127163497,0.6859244558307004
0.19736814809070266,0.18226540506885064,0.6701456458317006
0.16880987136984074,0.1742926780349405,0.7362879731282491
0.181242636849141,0.16731124337938003,0.647260740733016
0.18697762709803015,0.18514950286865062,0.7228110922479156
0.18255495305816216,0.191248958268592,0.7737339135552788
0.17936081551627128,0.18227448875257074,0.7374770702944928
0.1912800385680648,0.18883515742123552,0.7258214629219276
0.18396916746943623,0.1780210047768214,0.6958829380911896
0.16973676098296728,0.18743081640000908,0.809670313043148
0.1855123102992226,0.17217284795054388,0.6585700310318212
0.19286678683704547,0.18493171185557772,0.6996109287058455
0.18421593861632773,0.1984545166179948,0.8058722699732602
0.18051291683281523,0.19462829652505326,0.8012074651644068
0.1782050114649568,0.15843985768458616,0.6085118302405899
0.179738299911024,0.174356652255576,0.6918762017730021
0.1874341351808953,0.20069123743077866,0.8039690170914943
0.18078772266339202,0.2059814531460404,0.862787864397527
0.19162279179796335,0.15992014110678215,0.573627698852629
0.18249548265153984,0.18021259771852305,0.7135113473858054
0.18872129297421436,0.17565468008446353,0.6658214243033622
0.19402716212185492,0.1656013307238038,0.5957997295822051
0.19395276479679932,0.18835757013694118,0.7133570396993093
0.17997103540195963,0.18661748813249676,0.7591081966460097
0.18558542001476366,0.17275513001851706,0.6614481353586487
0.1851124336830078,0.18875339598204421,0.7495628101332716
0.17541115079601552,0.14628621460140823,0.5489172961038197
0.18927151840998968,0.17474948579306895,0.6591033180324753
0.178499553959595,0.1745160671604247,0.6975707468076365
0.17477315983040143,0.19220435960742116,0.8136510191005027
0.17963746837004715,0.1634117064766113,0.6313365886619321
0.17972106144119407,0.1789887394053951,0.7177163231233255
0.17194638450366118,0.17592931166485629,0.7323754554558541
0.18513005346172984,0.17172050673861244,0.6574864775468482
0.1804949415604579,0.17413782697616653,0.6877634680669752
0.17589678095889857,0.17128032041629712,0.6894971002603876
0.17778795748894735,0.1651174708461942,0.6474986971676682
0.18353489535867554,0.17167661658146233,0.662961756366135
0.1754090495201694,0.15789435734621662,0.6151014308632372
0.17913237617329086,0.2045613613430064,0.8628331999207407
0.18060625317365453,0.17409250919305289,0.6870886639441925
0.18808783133196197,0.2068584137324764,0.8339636467796376
0.18792540202297597,0.17368882644546527,0.6581804541269143
0.1847424592947636,0.18643497975475376,0.7385144718522264
0.1901645295824107,0.17773708985128275,0.6717188012495565
0.19145770523190936,0.15984419104680792,0.5737256221354767
0.17952917886953115,0.18835729509200175,0.770667453409063
0.18164398460389733,0.18306752539456106,0.7325732568834321
0.17364804956560195,0.16056037173619422,0.6366922750515891
0.17979705982052316,0.16589926746203348,0.64461158362504
0.18590974226219906,0.17678002984785854,0.6819439815534436
0.19101981208799537,0.18570703280050788,0.7104343330522854
0.18281423670634322,0.18423685047300783,0.7342800697116064
0.18620275556219368,0.17183808997395789,0.6543302197977553
0.18611339241080233,0.18451820957942874,0.7227755500931973
0.18675547314929877,0.19043773542290354,0.7519872539994198
0.18598641508553485,0.19230150802992296,0.7651177531675029
0.18709022396626795,0.17133306226316733,0.6485270031268094
0.19211605540563914,0.19612858135387434,0.7606265964879116
0.1896571423329893,0.18108668899632502,0.6911771810110395
0.17312407623225495,0.1902063769768044,0.8098606503968301
0.19216682551504247,0.1685840301726692,0.6170889790932549
0.1735254485071636,0.20354401586232446,0.8848501311090734
0.18121983720642207,0.1766777500919317,0.6990280536872843
0.18009181253627,0.15168449449315202,0.5646258597828985
0.1884501259728031,0.17160555913466297,0.6452930636523582
0.17827443301738602,0.1764886016579291,0.7095162189947529
0.1811717416808803,0.1905670960338638,0.7758775995070005
0.17975157059260402,0.18917439534981575,0.7742596901433814
0.17434958848448232,0.18028502415880357,0.7472631584123259
0.17604885319720476,0.18045902010107406,0.7410387385763753
0.1767447174092814,0.17845416726902355,0.72677797193546
0.18436801353861504,0.19394004089621206,0.7807213308509421
0.18608997187660128,0.17759197511009475,0.685646699945243
0.1693923606138478,0.18795981074797335,0.8144393894035807
0.17420751676135118,0.18363046013398138,0.7670763157541775
0.18079803183427248,0.1582134685569467,0.5985323372111704
0.17973287064128152,0.1755745193473472,0.6986730857816996
0.16787181716456126,0.1637680167615466,0.6777076622100431
0.18069259681117955,0.16627397116246254,0.643490509375803
0.16477988418034564,0.17389030866590366,0.7518533544441031
0.1907270419596204,0.1865826921792822,0.7161160304064208
0.1726391513215865,0.2022614527194498,0.8819636308094576
0.18982837408390368,0.1865798225807749,0.7194910836691196
0.1761696668137205,0.16406112068235612,0.6474503967982346
0.18745017657430374,0.16318228913449773,0.6037993199202625
0.17907465530192654,0.16738102931442164,0.6554865573607435
0.18435370569549706,0.1858814842705158,0.7370694489589246
0.17090338809679564,0.16372721691696063,0.6654474096941145
0.18058117157886505,0.18676590912231394,0.7573652774900971
0.1810612360624143,0.1787827118044108,0.7112660589592884
0.18711428298576632,0.18912025024733894,0.7435041731043147
0.16750967235740216,0.17957275230640213,0.7735240030196167
0.17577094421214362,0.18865936821990967,0.7888639891048044
0.17359390434605043,0.18113639084848246,0.7554204817415067
0.18059978109916244,0.1972515308043996,0.8153472274894276
0.16856622356299528,0.18708462193210945,0.8132389694361234
0.19807446149150776,0.17486883035393944,0.6304135798914847
0.18198697245970094,0.15672589459721128,0.5864479921541889
0.19974774738537884,0.17594838365057194,0.6305371915287546
0.1740615957253317,0.20399788000695732,0.8847320936317576
0.18802156949657545,0.20372247595548632,0.8175789424962021
0.18022987269969454,0.1898544009708019,0.7759779157356022
0.1977069222758889,0.1922124444009712,0.7193093836265465
0.18014366516219862,0.19221986210739955,0.7894802294565672
0.1987786909470791,0.16627546285141936,0.5849493338417014
0.17631617400259805,0.1910108567806162,0.7997613241002971
0.18883546779471197,0.18858129662501397,0.7338732402520344
0.18845672842849515,0.17024242844558019,0.6380373332820694
0.17628829333183132,0.1996017086598059,0.8486196436096145
0.17078054573602208,0.18780617398066532,0.8069196253399628
0.1887748739110752,0.19841201896849417,0.7861852369103185
0.17835979447191577,0.19970052292951923,0.839317646517533
0.19404378805707395,0.1711628265054201,0.6244097155523607
0.18256720602071513,0.15467222716872592,0.5733353182654786
0.1860455854976669,0.18300738312607687,0.7149182431299603
0.16686781954678748,0.17902133955226696,0.7731948550816362
0.179241142022811,0.1905622732060446,0.7842076412800139
0.18016594814853046,0.19657235328407144,0.8135408205064135
0.1824131104248974,0.19361248560772915,0.7872925650640493
0.1835385729221985,0.19705147636652917,0.8012020254121943
0.18269162907184555,0.16084671414634377,0.6067421627881595
0.1778077846029661,0.17471262453880057,0.7013901265193547
0.1869086734810175,0.17204842798794145,0.6529842928896327
0.1863393913421646,0.16237825246138768,0.6030837154288745
0.1880287187597239,0.18348533222044416,0.7099199159625236
0.18020844455585652,0.17972776654499803,0.7198761793029529
0.16705576475396772,0.16716158428418082,0.7013321836377882
0.18824436896603747,0.20487250210584956,0.8227205039731693
0.17958219379767118,0.18265477636376598,0.7386855765512218
0.18109174628164668,0.17374646366570023,0.6833357466951641
0.17708554067758253,0.1671467745481952,0.6615264809309468
0.1799743883388752,0.19091209931005984,0.7829564006892765
0.19297631317288086,0.17645129416696959,0.6552684735648682
0.18622461320903416,0.1906691131129894,0.7553733670805941
0.16945359430720447,0.18637215620394829,0.8047758252723607
0.1822189927442443,0.18326067824042083,0.7313215611254117
0.17721265681989234,0.1688501262629789,0.6706638701533074
0.19638297126878004,0.20063210176493856,0.7670323999669787
0.17338790889653347,0.17543717631836464,0.7234482330207773
0.18317729078371905,0.19698713592813863,0.8024309962182438
0.18757776698072412,0.17025730815642184,0.6411064066498868
0.18197377911476936,0.14446310949951763,0.519102861736693
0.1871558243591057,0.17851946079488568,0.6866976287539343
0.1927408022841109,0.19145791776777019,0.7339282398506008
0.18034604711419672,0.1727069668839835,0.6803973186408924
0.1807847386430859,0.18890563953292858,0.7683482608958652
0.18848443107009483,0.17821373044780933,0.6802351245664866
0.16746998072807595,0.183423401609254,0.7967004058231545
0.18334219748572853,0.16075531765951823,0.6040907067678158
0.191720086254262,0.19161900033844595,0.7386758638874631
0.17476654325763238,0.17146112908696026,0.6949907392052044
0.19257310763854044,0.1885127552527822,0.7192736148433067
0.1915960366489711,0.17987215502009038,0.6778436406700472
0.20263424099725905,0.18212509809190458,0.6520373725667213
0.18939184279728685,0.21322356709999574,0.8618299747719337
0.18171076951149975,0.19365522993602208,0.7905708083357752
0.17460596680537727,0.1943015862928592,0.8264413234726594
0.18694754837275326,0.2033840572788221,0.8204657328428336
0.2047355686019797,0.16707189863743205,0.571820028326529
0.19752649339734946,0.16777066890270728,0.5962272041441891
0.1751645326899439,0.17026057090561653,0.6865577697654579
0.18197995848371284,0.19012140277358539,0.7699826065523924
0.19662661665986447,0.16037671757935087,0.5613518630099128
0.16516426398334913,0.1799880916443296,0.7870231036020857
0.19394342186290567,0.16647368411542757,0.6005549608058387
0.18003102921952455,0.17880298467408895,0.7154488047559312
0.1907773238653196,0.17672839321428638,0.6642738803892178
0.17735082047648093,0.17301768519348817,0.6936403500304187
0.16998117141255267,0.17126556842438329,0.7134058873501099
0.18024267005422878,0.18218356199882185,0.7333644245230744
0.16991591487777702,0.16973349715478742,0.7046632285204918
0.19133263241095702,0.20097595610828956,0.7890758319992865
0.17947202643374197,0.17931397938332813,0.7205244290873857
0.16864383018973894,0.17107796573842723,0.7179507581285601
0.1819886984572017,0.18076674063763482,0.7185431938697405
0.18079991878481205,0.17486352860102877,0.6906171719559303
0.17619848564409438,0.1645818049226994,0.6502996010654977
0.1838487779378744,0.18416298133299328,0.7297463863389355
0.1844118267416781,0.19320373063495,0.7765430946874579
0.18852964716122558,0.15736591280360643,0.5694908701112135
0.1725719083088161,0.19682961387911183,0.8508314900033518
0.17677704741465977,0.1770346766056259,0.718615218793903
0.18707532187910494,0.179038425112365,0.6897672221874057
0.18409972736387306,0.17299161058992907,0.6680705743080009
0.1831125407073679,0.19609521323702409,0.7978438433143625
0.17920797766344324,0.16792697084997066,0.6580453191176582
0.17655536301141753,0.17662852036529383,0.7172170712090177
0.18146903756427066,0.20226316857060267,0.8390586659538315
0.18566783760170966,0.19605831949637537,0.7866646231411188
0.18088689144169265,0.18274693743369774,0.7338670943797362
0.1844135598739193,0.20292599175285933,0.8292556786898558
0.18096002340343803,0.18775381671022603,0.7612389417253405
0.17902530378681894,0.17489150705453008,0.6976192996898879
0.1965236462633452,0.1876525019058358,0.7004373495155843
0.18186289825954763,0.1934229318388298,0.7886321685808735
0.18369265194544954,0.1833956927233803,0.726189596103138
0.18065539166628153,0.1860900617172657,0.7533130368378939
0.16338208732417647,0.1714883894069283,0.7435845103746024
0.1849087720204906,0.18388438876454163,0.7240564484939918
0.17941225855368192,0.20174764579576906,0.8458042221811987
0.17736280445093144,0.1701159728021921,0.6772331615641708
0.19023385766168915,0.19228075974186087,0.7479255348692566
0.1942302177993348,0.18365330141164923,0.6881179608712098
0.1789729138799878,0.17765779527834585,0.7132799735492276
0.17488760756373536,0.19070742391755488,0.804559144456682
0.1687914879704806,0.17943408593574148,0.7668282772551763
0.1871462619101478,0.18417324447604289,0.7169432245484113
0.18562555897635294,0.19477216211772044,0.7799150231039204
0.17657686220346272,0.18808470889070256,0.7820090762038396
0.17603947214669866,0.19935629429970286,0.8484250292186747
0.1739727180664907,0.18688700590976276,0.7868302997797958
0.17957960978100965,0.19590355049433736,0.8124728117644372
0.17810406038100715,0.1698559420454037,0.6729545737980548
0.18425943778600462,0.1901592002896904,0.760662259549867
0.17572808301729384,0.14974399610143097,0.5676041893179641
0.17591002695409244,0.17858116196849702,0.7309484524270641
0.1739359719070462,0.1751417100152089,0.7194699787694656
0.17583889809655726,0.1858605878709542,0.7726423979087377
0.17696805667637264,0.18250879959833838,0.7487724173897757
0.17750655199757465,0.16890636158874625,0.6698702681711204
0.18131843724447505,0.19551433948738037,0.8025347101970697
0.17536863813705433,0.18700349654878956,0.781231456229468
0.17062270709651564,0.19481726905525495,0.8487573050481293
0.18457200180652467,0.1856147843240894,0.7347527414599205
0.17369852983174106,0.17044789107816855,0.6934306881862757
0.16782638686902274,0.17949710793774756,0.7716135129502095
0.17615667652640568,0.1974542083481917,0.8370628423276847
0.19012753182547057,0.17922587993707417,0.6796799952975687
0.18658999679846502,0.17203241503630753,0.6540137045401966
0.1949199766799028,0.21006593120708708,0.8211879250834666
0.19661334642166212,0.1767769233229281,0.644803242660033
0.1750034093702891,0.19536319125835927,0.8306306247484917
0.18263001760099148,0.18712993590644533,0.7508619760747418
0.17989584596527633,0.16460553386117915,0.637066038107964
0.19026874460037002,0.1787257954973087,0.6765472477767025
0.18044022391484146,0.17992352082532018,0.7200363533501123
0.18059921741492854,0.17190974571260742,0.6750292025491923
0.18454244279545579,0.16403859924548703,0.6179532335110888
0.18360591539333154,0.19708471493614346,0.8010891948717981
0.1827474794492721,0.17961433922751835,0.7092537725725366
0.17896674937266277,0.17505056349955717,0.6987362956409526
0.17740773849542765,0.18316778634924696,0.7506312152932332
0.18844727297498767,0.19215900943017622,0.7543702128767062
0.1910663490777783,0.1730707818088438,0.6441258882208755
0.17862888454166825,0.1678801914303375,0.6599167415325818
0.1897704489031461,0.17925900713784276,0.6811334846123129
0.17222215639769595,0.20364186069349186,0.8921143708054704
0.16887683000761014,0.19815123705708498,0.8772739105205185
0.17393063226294628,0.18168578891565684,0.7571167148784685
0.17970649883932271,0.18826317636824605,0.7693832847518133
0.1905999858054407,0.18562855753704233,0.7115874482566241
0.17560880553804276,0.19659351824805119,0.8347731641298255
0.18253672500311893,0.17622109798147603,0.6914833055064362
0.18717386546092962,0.18360785685429445,0.7138168382924353
0.1746232246219248,0.16679025790785504,0.6688128578584926
0.18993684691407514,0.16032198774128847,0.5808351014229306
0.17499831495481008,0.18273494839433943,0.7584927227934488
0.18162075773436206,0.17728246791152621,0.700814540690823
0.1850424524812726,0.1902188105984971,0.7577656300933868
0.18845939772835874,0.19800410058782042,0.7853368013048111
0.17956487094865647,0.19853045173465236,0.8271687605150905
0.17674736180504305,0.17823464496471841,0.7255250865139621
0.17878440568716303,0.18234799968718982,0.7402659039445104
0.182288273894231,0.17386831286292004,0.679518820474388
0.16641831323849787,0.1754264896815114,0.7536820151623567
0.1720787797547825,0.19784272987226928,0.859157242298845
0.17596793079229317,0.18833844478286774,0.7861571376102497
0.17214082763354285,0.16887973331771133,0.6905958043305398
0.18075470451740783,0.16763291740591968,0.6507875837588
0.17986268606091765,0.20639121232913388,0.8695033736801072
0.1717786346246496,0.18910081825413183,0.809767865241673
0.17465476750791775,0.1756465080994931,0.7193992462518782
0.19112076400265093,0.1755205843050052,0.6567605825563996
0.1733593322170266,0.18271057954276224,0.7655231353603932
0.1780186681870949,0.19532710592280086,0.8163587976630872
0.18653916265420545,0.1802569588809025,0.6982821034871087
0.1843257478338494,0.16116039876625143,0.6030649546934216
0.179918649544434,0.19102765117145423,0.7838412056145686
0.1799786985482481,0.18222340994523026,0.7346614405581126
0.18650075702408495,0.1859660345509269,0.7290374404934348
0.18253759505479003,0.1932444825088182,0.7847396174241383
0.17650521444260117,0.16100914652382098,0.6289284250008417
0.1731731453209956,0.17736644967975385,0.735486148523006
0.18224470413340926,0.17685718527158706,0.6960816001474772
0.18286189572037503,0.1576193754037589,0.58852816208537
0.17912963080362718,0.1764525648322801,0.7059276807805468
0.19739944808516074,0.1769945314821984,0.6433378244675299
0.18288261664873498,0.1807746093670538,0.7150740281578227
0.18098937061609616,0.1700746762128551,0.6634349619765811
0.1999778176682729,0.20344412923908897,0.7673057493487856
0.1822786338727235,0.17334055092387377,0.676659399422516
0.18440966040507645,0.1758651384558758,0.6825300701676852
0.17561649270264235,0.16733700351779485,0.6681434170107953
0.17626102028331903,0.1790396415626486,0.7320940350579636
0.187865893881967,0.18265635862899543,0.7061226276246886
0.17553352217587323,0.1896665879284605,0.7956690334540407
0.16904630286544067,0.17524366250251072,0.7408837719580508
0.18300373064240927,0.20767294430226196,0.8615832242805812
0.1785104530483775,0.15966376873015292,0.6143268747429222
0.18093727219168573,0.18425852515969757,0.7420169627486342
0.17202603488006807,0.17915740205772893,0.7508014827393655
0.18829264014877783,0.17427599497137725,0.6600151491485893
0.17489855371170426,0.1911652549218889,0.8071264851885513
0.17720589751789634,0.1673760742624919,0.6623711507718747
0.17672846590321523,0.18161511149238257,0.7447306851204218
0.1912766585445044,0.18357472447571757,0.6983325905635197
0.18795557391076478,0.1918083297362008,0.7544779161671831
0.1852245839059251,0.20891361964525168,0.8579510143532747
0.18147655469799404,0.17720776383587447,0.7009597688669398
0.18372137505143502,0.1932811183066203,0.7798826797726013
0.17401542411829896,0.18372779384661014,0.7684824177177506
0.17067924146222344,0.15880067557012456,0.6374569903054408
0.18707421242806613,0.19042482269891822,0.7506369845224629
0.16705436781579472,0.16124066357609992,0.6658949719815844
0.17171928672336134,0.171072732192311,0.7050619327772912
0.1914182330336788,0.17070879447970447,0.6306023860248806
0.17999070835524889,0.19204728013658873,0.7891922946168368
0.1953587575508253,0.1729238390123274,0.6292210318769409
0.17705453715997999,0.18875980161166633,0.7837122043717416
0.17135632495616854,0.18908235753406058,0.8116558146869491
0.17029302913526315,0.169673229309823,0.702748843669737
0.18391399340079426,0.1926845114499099,0.7758219416124847
0.18105700452466877,0.17687448690185287,0.7007433224411177
0.17527612762041592,0.18704711457120807,0.7818926423796974
0.17827540108438897,0.1522432536272196,0.5735129636803983
0.19406991038865676,0.18282886893174252,0.6844382452989799
0.1636469979646437,0.16664857057244215,0.7128060521931746
0.16680330551999226,0.19415260399277934,0.8642071183385626
0.18208741287207117,0.15477447601618388,0.5754075713613169
0.1725644928377559,0.16572122659108504,0.6705969732712362
0.18612953709326213,0.1545426194559026,0.5616659294839402
0.19345893234817904,0.17473435057118153,0.6447588077592097
0.1863616029810778,0.18203906530622022,0.7085100320779426
0.18336457239950874,0.17330338466884232,0.6724493344340963
0.18590458963595008,0.20043383578633495,0.8091991493105353
0.1752309634478791,0.16496048738114882,0.6560512201677348
0.17783283864187657,0.19215898896541003,0.7993967258864529
0.18016380152152925,0.1806329533416974,0.7250788018373768
0.1826777387375817,0.1634721329826801,0.6211601575914177
0.16502211959694385,0.17301958166730885,0.745473285446681
0.18148919930405988,0.18559500071554189,0.7471243536006312
0.17880387741511333,0.17565083287909028,0.7027299110934699
0.17483026413006536,0.17471307174089934,0.7133380045008613
0.1816748433793616,0.17321862988986708,0.6782371604007383
0.1784755079645312,0.18562641472639377,0.7599161155117544
0.18069029936487271,0.17178028583005214,0.6739724614885826
0.1657869359098293,0.17599315574879815,0.7599703502411386
0.17767271052282566,0.15718549568947182,0.6032749507454701
0.18838051499601743,0.17414572916441884,0.6590157648047804
0.17798371885210423,0.1591918982860612,0.6134937453284383
0.18121936878154699,0.1856134501299624,0.7483386077425268
0.17995273863258357,0.19146485950302927,0.7861222928752617
0.17351381967721732,0.17239210469968605,0.7053738136095932
0.17479078256623695,0.17322729335996967,0.7049988080079262
0.17149156173301963,0.173678936175698,0.7211954624813728
0.18355980949085535,0.18306943837306816,0.7249377668355963
0.17405398187404353,0.1888118525332888,0.7975218437331807
0.18510166214866408,0.1726260143222038,0.6624792716540651
0.1952227441146855,0.19673771741739748,0.7516425306018392
0.20734993710849503,0.17364393466118183,0.596305628954619
0.18997564559516106,0.1970913826943344,0.7742644181232936
0.17619453317484296,0.194606260233974,0.8207193357723364
0.1761599033490852,0.17898124120761136,0.7321827428118939
0.1932458174960946,0.19004224533664718,0.7246844829615904
0.18536743751136991,0.17525362395040667,0.6757045661955811
0.17587618338066138,0.2111055581632166,0.9160169106838322
0.17327576586230461,0.17077370246881887,0.6970028490007826
0.182545647794408,0.17474148267772885,0.6833440522132794
0.17393567036966273,0.18775485704509018,0.7919873867868618
0.18726802336700077,0.17098668747999868,0.646061646322253
0.17163718184505117,0.15937179276068988,0.6372266870439962
0.17537633523147034,0.1694792727607731,0.6812736313772235
0.17048414114341887,0.17819760411945573,0.7519620491363487
0.16751773252672375,0.17163077200091073,0.7260769959473229
0.18532742787011253,0.17641145315059906,0.6820979204394668
0.1869678986303548,0.1903762057391521,0.7508037837911583
0.17019834298566483,0.17669837699159516,0.7444160428886577
0.19461235518892178,0.16919388066076976,0.6124682091487006
0.17986620345793314,0.20498344586370026,0.8616596274571815
0.17933099499946376,0.19530993960783727,0.8102890390379632
0.1816736580165528,0.17255798156518332,0.6746051293469123
0.1859840833534445,0.17394484814003067,0.6664271797091671
0.17543946386654863,0.1820211179959364,0.7525166521049151
0.1797601379838386,0.18081213033812157,0.7277037712881721
0.1914409497579208,0.18180708987974367,0.6884999789565146
0.1703041210388842,0.17347282897558206,0.7250137473032169
0.1845746662585325,0.18409483811708088,0.7265072766229747
0.18132403533971894,0.18022474921002532,0.7181880160897767
0.17523781590073112,0.17225306919088074,0.6976409090840002
0.16414551283572418,0.1709755747635451,0.7370020213992491
0.17451413111478997,0.1747776028288872,0.7149999947386059
0.1681608952696168,0.1859011295953958,0.8081613110913921
0.1696568090273575,0.15492000796873118,0.6184249755152038
0.19080878613048097,0.1700719017954926,0.6292786838095795
0.1960612579181613,0.18967374059927788,0.7123984722039254
0.18432550244644808,0.1670533718479078,0.6350362282718596
0.17306144693338474,0.17505850212873428,0.7226248499867917
0.17806615476200047,0.18044294385112525,0.7325532694602891
0.1944402530226614,0.17335118089360468,0.6343911766008065
0.18692117738406433,0.16904336712752346,0.6368639915151333
0.1716998856095433,0.17166748521195593,0.7086055111803377
0.16502193682900124,0.16762475984218073,0.7127825675932143
0.1766306056863236,0.18558128459414377,0.7675979146837163
0.18826839136918952,0.17991259699682335,0.6900393425153777
0.17784842556679079,0.19146905140556292,0.7954473083172411
0.19124947719733423,0.16623809577715992,0.6077825543921546
0.18221207770119469,0.17476128591565898,0.6847037116839867
0.19661342480549154,0.18877622124783097,0.7058328869715861
0.19162560817330482,0.1576955907182052,0.5620104314075083
0.18494392382475194,0.1689632077448016,0.6432393413342309
0.18586649141644565,0.1913564780517666,0.7605269619850329
0.17654259930937086,0.1796815107451805,0.7345621467707539
0.17434806535921388,0.18426724350375256,0.7701103148298105
0.1750330729064691,0.171660715447957,0.6950727278436559
0.17690908047660817,0.1817092383523371,0.7445024189685525
0.1846417161232596,0.1852829427678596,0.7326781055130032
0.2040961166491349,0.18702151400031872,0.6713577712792778
0.1909041929272779,0.17627198453354118,0.6614416508999496
0.1870405277206252,0.19528462805559865,0.776754801893012
0.18089445155387912,0.17970268805098105,0.7170075529505632
0.18074430103786304,0.18014730800879353,0.7200631348344961
0.19229435128649922,0.19190590463535914,0.7379618989636031
0.1768933361623097,0.21181679978759196,0.9147704673234034
0.1742739581509607,0.173252353121002,0.7072333378360385
0.1887750933080066,0.16927623158164237,0.6318430545656282
0.18986324798344734,0.19308005706077783,0.7535953302202637
0.18421813090608913,0.18918349159985573,0.7555363357302153
0.1806788469908956,0.17816153612046703,0.709333373856017
0.19302911838349585,0.1586578206505903,0.5629089619252006
0.1889503133473986,0.18360176471060707,0.7070735281871204
0.17226598273859495,0.18719028948760988,0.7963864211995313
0.1762748343139215,0.16982370785123876,0.679755044545094
0.19827727081199367,0.16397069142208973,0.5748046205969651
0.17789421917447062,0.2006294617143041,0.8467361244975223
0.19216715969140008,0.19197443527191257,0.7388069610848613
0.1786520918171116,0.20055307267222247,0.8427165399571449
0.180278912468997,0.19869851735962937,0.824824796883559
0.18074810455131443,0.17856742243064688,0.7113071683368418
0.16633502590222288,0.18950912438735493,0.8387236760907044
0.16516711146403154,0.16116477759787262,0.673044267787422
0.1775438331970755,0.18384682607889627,0.7538804568352699
0.18379801733841897,0.20796510392243037,0.8594494446127585
0.17933687694754777,0.16924464581684112,0.6649198304692104
0.18129729225463104,0.18110023152739138,0.7231229429685129
0.18816188068955983,0.19901296906061589,0.7919402618347866
0.17961750312143288,0.17353482534471545,0.6877660762336621
0.172574589230293,0.1540119481757155,0.602707204111703
0.18731722464452533,0.18210089581986616,0.7052255662582873
0.17651939625473623,0.18604533478610155,0.7707104016477242
0.18066341998992905,0.18229306138852508,0.7322625764302462
0.18444051443001186,0.15639601164071687,0.5768581375383774
0.16807807845527722,0.16794651253170573,0.7017364406809858
0.1771312157474895,0.16587164909912402,0.6541571377475643
0.19409277066607106,0.18623680282063343,0.7019159052297907
0.1882768730528534,0.20604976728262409,0.8288313097212824
0.1734445104639298,0.16365969092276786,0.6553086668396171
0.18187814627668608,0.1528142713413852,0.5652920565012619
0.1743001690009526,0.17273018533233478,0.7041311895209007
0.17553010310325884,0.17131331046338386,0.6911253871480896
0.16850618643077933,0.1772498711632212,0.7551643880771948
0.17637100394555635,0.18288271541545803,0.7534272212708919
0.19250523661631672,0.19055349856616904,0.7301281826753993
0.1865810230457171,0.18118459276297505,0.7030971886719235
0.17859629171122238,0.1744736578909503,0.6969554445856884
0.17917313412640223,0.18455999660716796,0.7510054298220802
0.18313571177895951,0.18611728769356226,0.7432591184501065
0.19630893717193929,0.18388242938258834,0.6819986461712946
0.1777520331558714,0.1743223086071487,0.699414270542436
0.1844516141165281,0.1767574871540968,0.6872126750488462
0.20446350462339452,0.18761510748348703,0.6730546252592271
0.19050095233307682,0.1620082974216101,0.5879671258848715
0.18725977722833256,0.2024891828914112,0.8143189378329533
0.18422799608992502,0.1602523846630978,0.5984561901725383
0.18417556516079248,0.18750012038262331,0.7465709159767222
0.1844259765322991,0.16236311644192075,0.6092586226444203
0.18204810278732375,0.17324468921176148,0.6769896929700009
0.17060823011670648,0.20516350294871705,0.9094725550026264
0.17908101740251492,0.18181892736218197,0.7360854281160164
0.1727578435391725,0.19126377595111024,0.8176981898890104
0.17944622751666608,0.1745305713279409,0.6939715203339959
0.18093086194093053,0.19534920516777504,0.8033411415197259
0.17661084413962394,0.1730896853199336,0.6969542890731109
0.16548361863515304,0.17412602954565942,0.750080464576521
0.16710812366725047,0.17280996335918752,0.7349131847337926
0.17760872558497834,0.16684530845101334,0.6578804507839776
0.17861557234652856,0.1756067517871476,0.703223969427819
0.18328415877193382,0.18455844390854745,0.7341520664422652
0.17412628298478616,0.1452250861163174,0.5468737084604135
0.1716780387213962,0.17094890892766157,0.7045100807794104
0.18160227278779137,0.18809524274257763,0.7604268417055923
0.18568824872434542,0.19452576979739788,0.7783248040211026
0.17492401353306367,0.18998313954921509,0.8002511303158263
0.18994412259071744,0.16953421116910025,0.6293125027441195
0.19215087795389607,0.1687510735439214,0.6180095288058692
0.17640947384535147,0.1672222988004796,0.6644898159111452
0.16748108988514843,0.17924614644078798,0.7717059073918112
0.1759374213803145,0.16520072258927299,0.6547823748095623
0.18946500913197448,0.18823244686938356,0.7295935407951547
0.18797365523826548,0.1888689828830206,0.7387683274392765
0.1807346299516021,0.19133932598741932,0.7820268092798142
0.1798551230528576,0.18104614700301383,0.7286205962812673
0.1884879309989408,0.18268898812296205,0.70396543385957
0.1947853501391838,0.17205027866917866,0.6265885939675016
0.17584003182833713,0.147428604624117,0.5540752217289812
0.17710770893492858,0.2045976421165868,0.8729018236771824
0.1933337460904499,0.17681619453622277,0.6559444333990853
0.17506765553113957,0.20497791465384008,0.885245845005755
0.1726185865914985,0.19312644250068378,0.8291485020636404
0.18453036906690298,0.16588116698133404,0.627978839295121
0.17235350897040294,0.1587670229615708,0.631069385307662
0.17503220635576658,0.175128106117642,0.7148861842220592
0.1787768059362014,0.16707218784193503,0.6548510989938684
0.1708520259011526,0.20165310498127234,0.8876283683578449
0.18998618976435466,0.17490504588215772,0.6574427648508612
0.1774793353419371,0.1717838805248779,0.6861862553758461
0.18566735593062342,0.18974059598405332,0.7526395541296386
0.19922292270422873,0.1563777880033055,0.5339635949485422
0.17577211302590387,0.17782147557273983,0.7271999714420144
0.18617672591723036,0.17522541183881543,0.6726158236045443
0.18453733393174032,0.1741962264144019,0.6730140929658257
0.176713872109153,0.1780577048499632,0.7246613031650637
0.17575329983642102,0.17078286339783386,0.6872295627464757
0.17537155668510518,0.18883252195727035,0.7916478851046306
0.193130098634986,0.16881273335377162,0.6151953227048598
0.19470364082606012,0.1752714518418099,0.643395528251688
0.1792607536533307,0.18446887219961214,0.7501300170792496
0.18605124989695418,0.18839099738843187,0.743832666886574
0.18225124163689352,0.17711356487578753,0.6974633683376543
0.18045946046064335,0.18720863063592477,0.7603293852574096
0.17434046665525957,0.16043340079719337,0.6334352713163497
0.1803308061729872,0.1836924511096132,0.7413733346334908
0.1962652660157644,0.1721174228952509,0.6222059836376864
0.1935354431136458,0.1725699685820395,0.6333205257399043
0.1693417738417102,0.1707204251188565,0.7128803624774722
0.18393399497256757,0.17326023181909672,0.6701329563220768
0.1778586445564312,0.17506919845960534,0.7031943753508323
0.17112660924858566,0.184556202542998,0.7862961998360877
0.19584562365902386,0.18216422534710752,0.6748387984263129
0.18788653805782185,0.16901895781955087,0.6334618703918156
0.19095528236041123,0.18473676904773487,0.7055933063607588
0.1955851051152505,0.1576570550634489,0.5504358575772469
0.18417523046054302,0.1923683183434336,0.7730046976861747
0.18970640780641218,0.18387710891641096,0.7057068364977277
0.17005922628655357,0.18532141810240557,0.7957311170779171
0.18359116834236885,0.19319734331188768,0.7799794761632922
0.18839856542374525,0.19405588999714848,0.764633688548204
0.17930263657336115,0.15874843751815118,0.6065077435359244
0.16746707014613357,0.16268851500370435,0.6728995432079341
0.18398136996373415,0.17127398644127406,0.6591644929330573
0.1815563129660605,0.18383023917619742,0.7371279851955088
0.18928358322942293,0.20883850399664003,0.8391562611328967
0.19145497357354474,0.1798083815659461,0.6780099735360597
0.1732774011902603,0.1804997536519408,0.7531262170111309
0.17793715746005262,0.17480517564489922,0.7014003001195427
0.1763123916173951,0.16708192661331198,0.6640595453289773
0.1756020563356978,0.19288703016647352,0.8136979324052841
0.18503823622181512,0.17026273679508497,0.6499345175929999
0.180911813843338,0.19261220899347925,0.7882968279615804
0.19992119758432503,0.19843556892117123,0.7424703869061328
0.17778639008592298,0.17920415101427867,0.726738143183149
0.18585063795690115,0.1664291167593758,0.6264660591930589
0.17301306129061145,0.16705693168151975,0.6765785820349035
0.18528675681369997,0.17919323582808658,0.6972610350020121
0.17959832004403897,0.16752955965186705,0.6544023330677472
0.17469990341063982,0.1769632756001246,0.7267506914511099
0.18389334053684536,0.160893737537055,0.6030329168708316
0.19320529804669564,0.1884202021161756,0.7164410268020753
0.18992856481456302,0.19418247487865067,0.7591405485500476
0.17747619124800176,0.1709159242571338,0.6813078611100475
0.1991965263564574,0.16984159397815307,0.601624918718208
0.1908423951386448,0.1873778005223619,0.7198494884879143
0.1909904587809692,0.18234247199555692,0.692927138037452
0.18370465525591614,0.18219799206200754,0.7196224389515037
0.18349826438767736,0.1656724144847774,0.6303733436976598
0.1813557104097086,0.1685979475171576,0.6539520991604167
0.17460771938721917,0.19831292171453674,0.8494064422525919
0.1728284643787575,0.18083274168108088,0.7570092238646404
0.19484432940595262,0.18759783338058847,0.7061936767680176
0.19301830464131722,0.16826845063412188,0.6127317865209635
0.18542920512363542,0.1836680065344385,0.720857356020671
0.18236820995663552,0.16794941978221986,0.6467652438452212
0.1938826971494197,0.15785252191301566,0.5562771897581809
0.17977385375932556,0.18290423206619028,0.7392856596605948
0.18720063483297086,0.19555621850766122,0.7775412654852012
0.1751814276209209,0.18099514064526487,0.747768427419876
0.1862613567087443,0.19539667650861203,0.7806056987760908
0.1840538947662989,0.18951615590799903,0.7580179494986979
0.16548913315185787,0.20179437698607292,0.9172467949710134
0.1933203215617105,0.18019053489422332,0.6734446427695638
0.1825073527636331,0.17532055224426515,0.6866602925667816
0.1793204732023575,0.1844243135185848,0.7496317130888407
0.18289838375225553,0.1754667385393793,0.685991510506347
0.18912151493835355,0.20010242865320116,0.793682457028376
0.18283550906017973,0.17720103968111559,0.6957129954403318
0.18328852349744812,0.15964603318313678,0.5982154861139647
0.19329992194819948,0.19550572014467218,0.7527458815201425
0.18188420472308223,0.19171461412615382,0.7791474490152326
0.1864263885418088,0.18544434416084807,0.726529893220952
0.18006030123024247,0.18200833321928012,0.7331340240871947
0.17740027105946063,0.16756451857783458,0.6627076603419031
0.18297646607716714,0.1784469068382393,0.7019859416460095
0.19346175274490215,0.17824674318820743,0.6629048965420729
0.17776301152272095,0.17431949835896574,0.6993552668468137
0.1735022073348852,0.17647701680020325,0.728964886055217
0.18688221306131347,0.19951708880079408,0.8000605640930609
0.17061014388493967,0.18529558103491636,0.7930101807203231
0.1792133772545058,0.17441566885652568,0.694232042063688
0.18507883712139356,0.18226359418056556,0.7146338081528663
0.1795043189198984,0.17401419105600735,0.6908702353359373
0.17910163968799167,0.1850749760560379,0.7541805663608023
0.1752409597632564,0.1750578164329384,0.7136334827307871
0.18159313974883973,0.19187815916611567,0.7812969111187043
0.18471206790190053,0.16087632333732593,0.6002657249022391
0.1679334391202262,0.1707466498496356,0.7190149292612961
0.17681494076755594,0.19265778394881086,0.8068197366666615
0.17332795145828073,0.17748914754943512,0.7355371506835192
0.1754051318779896,0.17088286026440655,0.6891637603196906
0.1763021392134809,0.17609659872211786,0.7152301116972263
0.17217453076925468,0.17292404762034652,0.713950240323798
0.1821188191284773,0.17784027654731582,0.7019608251310361
0.17964210337288816,0.18369165359248096,0.744211134708067
0.17659754423501473,0.1960470258227789,0.8270048513722285
0.1852491757859334,0.18634870092414965,0.736028650846516
0.17930382511962956,0.18126235726768866,0.7320666872561801
0.18054427058473707,0.1698556379536198,0.6638573329712308
0.17757058993969738,0.1844098781450301,0.7569377237000531
0.17970901690031066,0.18969924013531053,0.7773635543997517
0.17852547293204618,0.18327559468841673,0.7465354523337219
0.18541119434506628,0.18549471081149016,0.7307795588616013
0.18783328608532776,0.15810229244206356,0.5755225535103268
0.19067748380087252,0.1895840917023159,0.7320428658901632
0.1778130284846487,0.19374272635819564,0.8083925434665521
0.1697402712419469,0.15499393910565737,0.6185564470790762
0.179833411313649,0.1880324400607491,0.7675572578668685
0.1755854233319068,0.16395529360539937,0.6490020153323958
0.17702001483018756,0.1966420578622258,0.828392529527789
0.18690459964094353,0.1382323751936996,0.47207171660408576
0.18272662322698582,0.17967460821682305,0.7096645575053353
0.17841756044279794,0.16574229530830295,0.6487158271924183
0.19796369802385783,0.18530342789250023,0.6834759566685502
0.17208770826105782,0.1832039285422645,0.7740467340072513
0.18760043167155885,0.16676726418461105,0.6224253491539995
0.18797257326253544,0.20568473770362397,0.8282311350081053
0.1865416277376171,0.1818778266855731,0.7069619166777498
0.17177993199733277,0.1843900720083615,0.7823386029192757
0.17431393152996832,0.19228837571221474,0.8162765561153803
0.1803364122229439,0.1727283054849341,0.6805519970820378
0.19591184402541625,0.19198527704919985,0.7247406493237828
0.17691717024334203,0.17901164345972656,0.7292205910951239
0.18239708205492414,0.18905186722985035,0.7623579591474962
0.1787639795643276,0.18213469302872623,0.739157258362432
0.17811017521830338,0.18481371355005707,0.7569119135659746
0.19255171926679562,0.16683691271234308,0.6067819760697971
0.1602358281892981,0.17082405017281851,0.7540389158789155
0.18045927162348593,0.17697295997498108,0.7036100657654221
0.18748413871904795,0.18936735676692812,0.7433554524619033
0.17061717485735725,0.17713384535175838,0.7451409593321852
0.175223880514529,0.1725323321845353,0.6992901414163996
0.17282201252189336,0.18210709444683332,0.7644112721468151
0.16719414787404038,0.16800825889935053,0.7058157262074436
0.17421444880816722,0.16424601586107634,0.6557780749108593
0.17932279797697268,0.18128753155445088,0.7321296178487572
0.19799357295723735,0.1950350268828867,0.732523913360619
0.18845817539181015,0.17243798250903172,0.6496825210924361
0.18987424849010542,0.17029139909134983,0.6335319299373994
0.17059493265540168,0.18713905604540057,0.8038870434822274
0.17820006590999388,0.15694179033264394,0.6001220582413174
0.1776834008417559,0.19336225792464787,0.8068410287369819
0.18817171597985097,0.1852525162254309,0.7187717639770763
0.19110282606286383,0.1829243760977375,0.6955646802104938
0.16591244795707077,0.16583051523970094,0.698142403815726
0.17462624988246678,0.18696921319985343,0.7843563799373885
0.19067360529361838,0.17531649975659647,0.6572304518164511
0.17296466798897833,0.17960684903106144,0.749325573470995
0.17255139454120846,0.1845746740151406,0.7799106716752828
0.19795598676468976,0.1592770635977677,0.5520270711876237
0.17658954575174196,0.18334324596869836,0.7551027180066404
0.1739736320557947,0.18801829101088893,0.7933287900009203
0.175869820579934,0.1579245185045099,0.6136613897064703
0.18334457073207114,0.1618883987147831,0.6102629506182115
0.18608667729502035,0.18422672648909175,0.7213129302980124
0.18340271431027266,0.1925229195475652,0.7771036545645185
0.1736965018390813,0.1803125371454558,0.7502312122910918
0.18102833337815696,0.18438389049274867,0.7423362298322057
0.18129779223580117,0.1740122170643098,0.6840249709329935
0.1737754817266416,0.16670932828792379,0.6716098676769258
0.1714375377593569,0.17605401395398965,0.7352766237866112
0.17832673576159935,0.14930013041825768,0.5568437620649861
0.17394747766631363,0.18217230229351705,0.7598402924074898
0.17429363902594336,0.17998252198356499,0.7457674457311506
0.17303876777567478,0.1665118606722587,0.6733280765342895
0.1840691985257383,0.1817893635187594,0.7159772768844396
0.16944575523316938,0.17794097765801398,0.7550556665285485
0.18375573002033652,0.19844332077121413,0.8078296157338097
0.1836901832431855,0.18156568777386897,0.7162369019997684
0.19916345246794592,0.19165801794781404,0.7112651251645327
0.17772083438849168,0.16342507809702772,0.6382204905086388
0.17847743573973326,0.16266811554878383,0.6312737242207097
0.1732230117228862,0.16444940687810583,0.6607055594968898
0.18608466855337844,0.18200709185626324,0.709392626928838
0.1770010436294745,0.16517641523405502,0.6507103736357612
0.18584376209834305,0.1608485660908871,0.5964610533025547
0.17738685907236673,0.17275307878910978,0.6920077362609562
0.19196607091836032,0.16075005443736498,0.5769251509266184
0.1937591189544909,0.18133338275690325,0.6778178155720771
0.18866418626176884,0.20277884604699584,0.809792515867412
0.17197778771676267,0.17355695938188637,0.7184471961308017
0.17086268301674895,0.19492016840968537,0.8481674631989681
0.18673133275680423,0.1730104423231106,0.6587563024750503
0.1735092692462548,0.17852388072942227,0.7407320732070715
0.18213219069757156,0.17636140890995425,0.6937895405858041
0.18096895062333693,0.1852556048975873,0.7473967464126157
0.17776670629069802,0.19284887370439385,0.8035749589172014
0.1858177160636914,0.18390237210262955,0.720611440820491
0.17310083874597873,0.19071475478264668,0.8129062562726351
0.17360496473899426,0.16670914952226368,0.6722685016395102
0.18918762188653368,0.16464718890228436,0.6059973044697641
0.17609425803870946,0.16839402647985183,0.6723332594628166
0.19151662151929355,0.18608713656816014,0.7105761133868508
0.17478644878545352,0.18268502703821132,0.7591265110093246
0.18423054191554772,0.17486037579124447,0.6777398280057231
0.19128664295279696,0.17725581369714422,0.6652624131657046
0.1849225052421743,0.16666134676085964,0.6308661382673789
0.18763787809877824,0.19200638281090562,0.7568108542356738
0.18822019384220273,0.18717462194389903,0.7287986434595931
0.2022100991634292,0.19558941207029387,0.7199908049727345
0.18131765537187375,0.20300234505619907,0.8438358897946185
0.17624330338939337,0.1879575580377735,0.7827676591658576
0.18044752279498513,0.2011320367703935,0.8375401026818289
0.1769270709515477,0.16431689319121834,0.646124375294296
0.19122484026078906,0.18592940118267284,0.7108354803554533
0.19241982783240874,0.15032753912444022,0.5213991731237914
0.1793201394673816,0.1893525505082559,0.7771160056096442
0.1863818596570044,0.16085492823591155,0.5947731632247694
0.20321765778425735,0.20781244012330613,0.7765685415528463
0.1911966508308721,0.18091761537436407,0.6847275556629422
0.18761675179620338,0.17310473869359816,0.6561500373235292
0.17515054154541243,0.1708190310116945,0.6898010702431596
0.17704013283866185,0.18042937571644252,0.7367220845643169
0.16996886513576992,0.20137780380644138,0.8906207833153553
0.18960747273109885,0.18839911832275635,0.7299243870996259
0.16500084865937859,0.17872232180272202,0.780131271133347
0.16814822220142292,0.1797561990246626,0.7716774957586473
0.1826290941576963,0.1715040021588206,0.6653047408421383
0.1756824462916617,0.1903951239686556,0.7991414448747866
0.17726232079413567,0.1625732611464433,0.6350659330314237
0.17264678699984212,0.1734721063219151,0.7151717588699059
0.17481691728290247,0.171873793395258,0.6971510268541816
0.1805938030502241,0.19266534625952078,0.7899791900381253
0.1763404063867115,0.1717338105900936,0.6903341842319078
0.17365107933507917,0.18686187586242295,0.7881429610830846
0.18185364932800585,0.18922124513074554,0.7655675079669966
0.180789578061587,0.17792012460612494,0.7075635995043267
0.19027311777263053,0.18337883853367576,0.7009862459554514
0.17229295484134044,0.16207204470628303,0.6504737515790295
0.1763937807517988,0.20501741766950607,0.8788145308117687
0.17934690224345007,0.16036661880507339,0.6153806808174412
0.1752540623537365,0.17667786550851722,0.7228241320468107
0.18318832278846206,0.19379574941811412,0.7849613295720996
0.1750657319617844,0.1963815933373563,0.8361521795099817
0.18693501205811666,0.20120057401929917,0.8088403149020156
0.17864070162484028,0.19145149108489593,0.7918211795985627
0.17887694602325893,0.17451893612509856,0.6961150606233386
0.17875861119711087,0.18452939032178992,0.7525757188471836
0.18228277226373657,0.19253195277870677,0.7819277214660958
0.19228975107909022,0.1800073106331985,0.6761010917307054
0.19013346719450847,0.17350283928240645,0.649558655321116
0.1812617086101312,0.16868651635803802,0.6547798609430316
0.18252673123001445,0.15769435423191686,0.5900196289397404
0.17913123575298695,0.17200245227536462,0.6810786056520032
0.17741903821650884,0.1707266387187235,0.6804604507628872
0.19526903192962616,0.16713372266052567,0.5998581623671898
0.18180168320124268,0.16663449872421052,0.6415479585802497
0.1822101458904244,0.1923959779679226,0.7814931340516854
0.1788176409818468,0.18424265730725775,0.7507237908416754
0.1675714848141784,0.18715180711215876,0.8184674574212174
0.18595317562983132,0.18981840729829336,0.7519011537432607
0.17584612980807512,0.16540826718163903,0.6563025715015726
0.18113842396190497,0.16187388548067794,0.6176154293150194
0.17817856169244137,0.1818621991647311,0.7400564799279379
0.17454515108784188,0.1768229186008216,0.7265909010385313
0.1777375066889055,0.1801695319771819,0.7323695172849365
0.1780989633657024,0.1672161178139953,0.6581516006542255
0.18837951107219889,0.19010659498843868,0.7437464626115365
0.19863889897374093,0.19282687224133016,0.7190277079627347
0.17605292266307532,0.18440171027253283,0.7634165240741088
0.18519877699623957,0.1697958402462484,0.6468500612651498
0.17333582305426704,0.1746740276283539,0.7192629049871684
0.18128887455484424,0.17697788787422555,0.7004174314944609
0.1723304359729389,0.18002421365828175,0.7545052208810027
0.16684545901618236,0.18087112332952032,0.7843852874463135
0.18202957774632714,0.19135283596830782,0.7765377347921687
0.17260507620226317,0.1656155792502847,0.6698272252132568
0.17328512754658495,0.18277358142723912,0.7662145234682362
0.17403073596994495,0.18159844792554106,0.75617934494208
0.1860224391459116,0.19408233027939387,0.7745427430202606
0.1819935152220698,0.16309750794449,0.6214370210196094
0.17707769674022744,0.17265686667196983,0.6926725890946456
0.18383541710737392,0.18907000382270736,0.7564918991723986
0.18498470907574532,0.1850114012918819,0.7298516832361481
0.18598229597647192,0.1845308745234348,0.7233531224953472
0.1977773906180749,0.18014364659373674,0.6580309619164472
0.19321801057914825,0.1695340241199054,0.618648457054372
0.18079175019985963,0.20538883088351964,0.859490716317211
0.17714029196677752,0.19250777222039905,0.8044910090084205
0.18599851829518504,0.1780506396221038,0.6884497833411969
0.1866164876332793,0.18106726148616872,0.7023348426947646
0.18131747455989802,0.16761745507186793,0.6486824028260615
0.188617060443183,0.1811345872025362,0.695242449937543
0.18002150873731992,0.1973849605935507,0.8187075068269141
0.17896211451420482,0.1655308579393506,0.6455604207234629
0.18456098237393465,0.19020008680245742,0.759640986947075
0.194464300717711,0.15668515692835408,0.5486104983516783
0.17968761680400405,0.18988073585448828,0.7784661978519338
0.17474668076155778,0.16338947066371648,0.6488791098609573
0.18500798062992707,0.16538089016584268,0.6236535838777678
0.17473195601918987,0.15932894210994936,0.6256951767766071
0.17385990974321963,0.15903449245857584,0.6271399347878016
0.18157784032844024,0.19214196872756062,0.7828156148925027
0.19865226598828287,0.16389943259464718,0.5733608525833042
0.17715881206447473,0.168796884939636,0.6705671795563934
0.1802188678725739,0.17934817534846628,0.7177282649446204
0.17724469211281504,0.15721705994618138,0.6049098490235095
0.17985529845842943,0.17156257949171713,0.67589101090516
0.1883383337686289,0.18998896106422597,0.743284483105816
0.163531541795294,0.17529104927305705,0.7661583074285099
0.16750142854167455,0.18281595244864443,0.7929242968551737
0.18185650703570305,0.19510878927276828,0.7979301463448857
0.181437989796535,0.1760542384631859,0.6947510750341946
0.1791289677477922,0.18538950667985998,0.7558213971873273
0.18894847596879602,0.18625826916727245,0.7211398158605676
0.18572325388694047,0.15696810815842138,0.5759543079270972
0.18058896583771875,0.1811053138975191,0.7259874006661806
0.17837142933738218,0.1760842689186505,0.7068635901334137
0.19204977620395125,0.17798537563142172,0.6664177285762883
0.16945075718354244,0.1670486661863572,0.6907532791935219
0.18656517091058283,0.1761811677215644,0.6763382849312247
0.1800294308451269,0.1902214741003332,0.7788808387721944
0.17311913152834366,0.18305083669002345,0.7685507402643127
0.1836018651020708,0.20102214898134207,0.8225523683944251
0.18277629353609803,0.17081248991894735,0.6609855555205635
0.18283378461743938,0.17174780502503245,0.6658933701983856
0.1951191049474905,0.17333862435126624,0.6321196706209703
0.16454651373847157,0.16626087371126172,0.7065532478922372
0.18338583332403915,0.18713050011444587,0.7477704118623983
0.17654698545019384,0.18223824104325123,0.7490257661780201
0.1833667414086992,0.17515809022857137,0.6825561127773506
0.1834023610257133,0.18166951443432408,0.7179270413856002
0.18641541581988305,0.1781712032691145,0.6875568884976507
0.18377489126785482,0.19501930450707558,0.7891138093272363
0.1778444701737063,0.18535498293435831,0.7610862615078942
0.17010774579403082,0.18415730621848347,0.7886607725724806
0.19705762252184425,0.1641484916070391,0.5792645326084024
0.18530626635069702,0.17220504274147075,0.659476040115095
0.16948656991525343,0.17747678597631708,0.7521350278081498
0.17217340438095521,0.19841305403649986,0.8619975574631572
0.19298631063513913,0.172186604241877,0.63313612162307
0.1934877765617712,0.18173886840935688,0.6808640357045971
0.17999206188107914,0.167370635054537,0.6520878411409268
0.17572976779827837,0.1820943302538849,0.7516901200570472
0.17816183289698334,0.17517352046589285,0.7025832549571414
0.19140351888061097,0.17907498944869174,0.6743605875355039
0.18474471511522186,0.2062645786648434,0.8458405890928141
0.18471044831207317,0.15454181516580165,0.5659767280147331
0.18397458464144645,0.17370904488532882,0.6724246456456421
0.18441541318796614,0.17582199546328947,0.6822748342354926
0.18347096104504543,0.19059238162733755,0.7662922831304055
0.1775472365411735,0.18643144898814681,0.7684233877473396
0.1781204370440798,0.17971793122403756,0.7282596729309396
0.17355315580234165,0.18178533863771487,0.7593370344000206
0.17759099527747543,0.17533134877597234,0.7057303135226509
0.1733059679422164,0.18703070851221568,0.790686611311068
0.1768560847185285,0.15579977185904578,0.5982252294425104
0.1647575506881473,0.1802940415916162,0.7908228851874378
0.18618231694239482,0.1915826951614814,0.7604518919231593
0.180988682914468,0.1866880281811265,0.7552296971282056
0.1719415201683035,0.17538084775368312,0.7292063466168913
0.1843290483774155,0.16279987837039545,0.6119484658730326
0.16742092487069024,0.18670314295414592,0.8165236398002842
0.17609847241433135,0.16792775350761857,0.6696693724301795
0.19058994509484053,0.19407205145563156,0.7559268217635462
0.18273257988204034,0.18141448257973364,0.719162848051321
0.19377614672052657,0.21688557512126835,0.8612286803388597
0.18349959097125304,0.19267815847147476,0.7775393815119002
0.18246893132662803,0.1664089793491099,0.6379660279849632
0.16825939188454686,0.18048659990250746,0.7755085671059737
0.1879709153087782,0.18111971816687428,0.6975532249310221
0.1871644523154543,0.15860696262490473,0.5802755880259478
0.1723145340595408,0.17188994605099892,0.707368921120035
0.1841876230105405,0.17498956695290607,0.6785991637763482
0.18736783923057104,0.19709883847417436,0.7850805083638582
0.17973270095281593,0.17747937837921754,0.709272033989429
0.1820118661612397,0.2049453195418038,0.8512924064222365
0.17829173681484176,0.1895399094452945,0.7826493360721953
0.1879876410090938,0.20322237172889088,0.8150661974713477
0.18545907892341984,0.15255038179854122,0.5529542279290978
0.17942434675450394,0.1739848960776251,0.6910148946913349
0.19477578379934768,0.16647772451870066,0.5980092712074135
0.18983931029423765,0.17889399899729436,0.6789636919641021
0.1963012261252213,0.18367539252501972,0.6809707466612952
0.1977651728285754,0.17783605629972538,0.6464032795629533
0.1775752066841316,0.1787705435513509,0.7251606007161024
0.17898080528349392,0.15775485914865858,0.6020470126837452
0.18577562507394513,0.16550768637941254,0.6217591050141077
0.17714623990401426,0.1736012482630975,0.6977356580081528
0.17650525474902837,0.1756211140408802,0.7117131680838626
0.1926658144391641,0.19078586211966003,0.730725699987189
0.19118148652772232,0.1872063485957067,0.7176759166783183
0.18436030900783748,0.18573599244281247,0.7362538779268487
0.20440894220470585,0.1855699199658804,0.6632289101624212
0.1883947740643078,0.19326384146143102,0.7604448805598423
0.17757096847618026,0.17894791542207625,0.726176787391761
0.19480843680948626,0.1852231068732206,0.694133729975271
0.1788240405559378,0.18148320805412071,0.7352658381130336
0.18075353628237648,0.18057724992473576,0.722404953232813
0.1884838987233267,0.18946467637314146,0.7399288603312479
0.19010942499571654,0.1837163779597486,0.703365327430565
0.18463026761226847,0.1948813306936869,0.7847106141769992
0.19197117013520246,0.14190859616833806,0.4787624938870154
0.17632262613121835,0.17220074636841967,0.6930519868588988
0.18571792570683354,0.1878706996563512,0.7423661401107184
0.17164257745078051,0.173671436357142,0.7205172410825949
0.17977019997217575,0.19763459739119102,0.8212406584297142
0.17998836491946404,0.18985262772684933,0.7770092682903503
0.1805862782675109,0.1852116760645244,0.7487372648780602
0.18073198340959565,0.17138118274583644,0.6716087570994471
0.17887327047316995,0.20050279603090948,0.8413934381184366
0.18892112777372672,0.19761748503642992,0.7813709709230261
0.18292162350211708,0.17821436811277586,0.7009251594101009
0.17657588380222336,0.17613582208339773,0.7143434276941135
0.17847637144575235,0.1559603068473001,0.593693753346541
0.18646163586787695,0.1904656331660471,0.7533218965513007
0.18462873378525146,0.18926512356603004,0.7542982108517002
0.1898945357240186,0.17457712257713814,0.65603321392139
0.1957847779857597,0.17036552795231033,0.6147849142851395
0.18099322590217634,0.19131782239374429,0.7807906715255968
0.17598522221253668,0.17912577060007312,0.7337307586209053
0.16916869628384174,0.17271627193859632,0.7254076825933289
0.17245126917638484,0.18765081555995164,0.7982012322516515
0.17711718981127686,0.18714781533319574,0.7743337362078206
0.18616297841220092,0.18565927070323915,0.7287123995344725
0.17606319084672487,0.18228818673856867,0.7513676544334281
0.1722776736088791,0.18901245201056785,0.806909270937608
0.17738548460651574,0.17602877309050766,0.7104796278572071
0.1891272065514451,0.166022432735156,0.6134624142698176
0.1768962477392431,0.15949401279618722,0.6189730658255043
0.19656415759139306,0.1608442818031504,0.5639089199240866
0.18746761610653478,0.1685029992647841,0.6321251730082319
0.18859760292554212,0.17158247491794898,0.6446660669698407
0.17987866783449064,0.19042012162330424,0.7806379895614256
0.17860050680948436,0.18739965224741745,0.7693127791288049
0.1800854022015623,0.18019390869309881,0.7229564812109427
0.17687854608609815,0.15782958558409813,0.609625010890866
0.17357307783125017,0.1853996764088315,0.7800730280330034
0.18582678278381232,0.16844944825156252,0.6374186028359785
0.18546409302604422,0.17237669306633085,0.6598403554543888
0.19916791674627607,0.163865150624485,0.5717042809135774
0.19446205944335396,0.18664481607819322,0.7026811115203546
0.19214720382648048,0.19566756743628555,0.7581040188741514
0.19056092281267428,0.17770591889983847,0.6701579579637966
0.17213781558884445,0.18007783483439463,0.7556610056275422
0.18523648162561338,0.19559435551299642,0.7859917994299916
0.17784688143074237,0.20353033201009957,0.8632725565665192
0.19445300580667477,0.2027296615540463,0.7854322483751686
0.19515234697142833,0.17902040593695226,0.6611265912976273
0.18365882055409724,0.17871684825439743,0.7008476253199258
0.18094752724302435,0.1916869940592411,0.7830280756970291
0.17699363859875175,0.18244053212603234,0.7482784871510426
0.17337109615671614,0.19696192365516635,0.8476725758388376
0.1747514656501105,0.16857381703270227,0.6785283121465328
0.18070931561148054,0.1780895960319618,0.7088156778112672
0.1724339061149697,0.2012850141887048,0.8773507345349822
0.18629789523364798,0.1766003997254465,0.679558937403286
0.1773800362787456,0.17588235635201935,0.7096760097297549
0.1756021597868032,0.1688982670878395,0.677088865149453
0.17392862109458612,0.18946036755724308,0.8018252929252024
0.18072583100916118,0.17196639391796348,0.6748697363122423
0.20242950749340335,0.15756362361010773,0.5313633617056196
0.17826337076130855,0.18195110100104647,0.7402031075566646
0.18296976245719326,0.17819660963922543,0.7006436906164628
0.17756904385946864,0.18288239024523686,0.7483420947538715
0.18343164149453878,0.15605186613665667,0.5781547026051888
0.16777540594496063,0.17992094649848134,0.7743742044117147
0.17540340493124218,0.18281105677432388,0.7571749067607072
0.17547459175392502,0.1551899834732281,0.5994599128102841
0.19886065913086806,0.1845401145281385,0.6765547047674176
0.17303044229249656,0.1712283703224172,0.7006187392013287
0.17787402398450503,0.1815871226296625,0.7397770606523486
0.1897652718997117,0.17269805579079006,0.6465780306505938
0.18100673849167606,0.19847495326389547,0.820273071053227
0.202329048168697,0.201355116003922,0.7480641923334992
0.18689419849225358,0.187778885117059,0.7372025789381026
0.1734087432209725,0.19939010706730534,0.8614912044944554
0.17906667419800137,0.19470532285410877,0.8081086193297036
0.19596758791049326,0.1883164814427245,0.7058130526457239
0.18322102494170509,0.18890075531864986,0.7581048919622818
0.18042114341218843,0.17520192891341504,0.6939426640667047
0.18810657162187555,0.18912446727008145,0.7396045022273011
0.18748491058651512,0.1451595826678373,0.507558620958596
0.17692829331468723,0.19248627945218882,0.8053334872719349
0.17286302180713112,0.18474265840183018,0.7794764721408547
0.1934374617633637,0.18493429500565792,0.6975603059283624
0.1820505636053966,0.1679526169012692,0.6479112976378211
0.19712238657733994,0.1861657946065298,0.6907677863016631
0.18603391045888967,0.18296250941112596,0.7147218971162165
0.17746105761844022,0.17805109900571897,0.7215729508444731
0.1783105268132347,0.17541373169198554,0.7033445188760274
0.17792587555582903,0.1629099984308538,0.6345900958931926
0.19265804586999816,0.2055395972470999,0.8073350715498013
0.17790389860187214,0.16029789852454637,0.6199858428700318
0.1807056827366446,0.1810235622207716,0.7250660866693477
0.1679296931395368,0.1845471257897957,0.8012110501386869
0.16990108869802134,0.19856593113720625,0.8744260103080577
0.18427595122863732,0.19423980645464747,0.7827380919373701
0.17756022822814366,0.16179619207476661,0.6296240615951556
0.1886638237100422,0.15787799150608772,0.5718000906834456
0.17312226220112883,0.1756135059322492,0.7255768514988254
0.18673859222999895,0.17303634714807029,0.6588694156831332
0.18329205084432895,0.19274828060139199,0.7788023536417789
0.1825598031056205,0.18433065883701621,0.7358172859076696
0.18458034850961583,0.17392105130558064,0.671366439093731
0.17870341483705254,0.16652173272066834,0.65203976559103
0.1913565469365024,0.1752082651461253,0.6543192127503901
0.175420175749868,0.17094533967350445,0.6894608283026729
0.17426369575184864,0.18717119676690777,0.7871472952245856
0.18474977811843218,0.18752737617485227,0.74439805869045
0.19160570423746076,0.18314350504528643,0.694882783240519
0.17752148440901452,0.19057026668268487,0.7918493198198309
0.1820999688616319,0.16973614545576074,0.6575297415165506
0.18212725060707916,0.18929812629401943,0.7648395604155956
0.1816279513705859,0.17658045190099542,0.6969216519032695
0.1882980443990042,0.18514476687128134,0.7177173151353029
0.17793324966253132,0.18710188926534752,0.7705242810176024
0.18699940927267508,0.16300076199809138,0.6042840586374162
0.17882853903551,0.17020546389760463,0.6721827765630598
0.17331435315880034,0.19816500061173178,0.8548916919533761
0.19194268743939827,0.17134832241189235,0.6322112294598639
0.17664935522197536,0.18520637605470178,0.7653941101840034
0.18177026464448495,0.18366557353389545,0.7353544530252241
0.17623249874767502,0.180739763462368,0.7418595570704453
0.18275339028951523,0.21319079668618757,0.8929563299901748
0.1783028568482038,0.18176634924293344,0.7390030175181731
0.18057551643848913,0.18525342719195076,0.7490130991153677
0.17179162611958718,0.18020653032056622,0.7579329287559521
0.18013221483531555,0.1752646892351976,0.6954041471688996
0.18694158057660482,0.18154090898779093,0.703647142503367
0.17401698770340362,0.17949231423822182,0.7441360521590563
0.18651038570220912,0.18696443077879316,0.734352836508937
0.18529044998962832,0.1812060179680178,0.708109986107552
0.17002324686640166,0.1877714099591903,0.8103092518133491
0.16912940282766808,0.1777578742082142,0.755385356255241
0.1835388905296233,0.18138564710953126,0.7158463622091338
0.18089508975319854,0.18759218933785632,0.7606187073710964
0.17062685240820383,0.17527079087815867,0.7341798146663555
0.18618311660494707,0.1862559706719809,0.7318384886697104
0.17323285608785,0.17353276987728178,0.7131024256428338
0.20057121065260436,0.19119032580016848,0.7039411356234698
0.18782524659182537,0.172366326686897,0.6514903023277739
0.17331307057940504,0.17778000120428059,0.7372785028682355
0.1788060022677826,0.1795209469245821,0.7243657667073702
0.18259550281312065,0.199442264886037,0.8184334366601861
0.18738709232172837,0.21253714466719595,0.8673870897582043
0.1797580283466476,0.18274543277615143,0.7384673385500394
0.18417368123577177,0.17629579625781608,0.6857429107698468
0.18697446381533894,0.16444103095558707,0.6120677049707287
0.17465857720758896,0.19763946522574768,0.8453032630070726
0.17919728027032925,0.16545422411439598,0.6442855825726079
0.1897423713182028,0.18535591040817484,0.7133668113653937
0.17703218815122929,0.1717353511323792,0.6876452943596172
0.16395665826775088,0.17577634846391016,0.7671316907332302
0.17263656498202087,0.17176261893294514,0.7053118726361709
0.175964629079626,0.17445150487753325,0.7072529606004938
0.18040780362090061,0.17546000207928256,0.6954244747800241
0.17678646391826772,0.16944934601147957,0.6756702032724837
0.18191190339849303,0.16842689988899973,0.651012372893355
0.18103790680867718,0.18044814677844104,0.7205570870651969
0.17957053630062186,0.16251234454314456,0.6265635045761955
0.16668466946023855,0.17659526547174786,0.7594895552283906
0.17918859652187258,0.17499875003773674,0.6975820585908703
0.1829799060226594,0.18186251032781742,0.7206392941938017
0.18034387844211064,0.18110427065887838,0.7269682330856719
0.18287626503409832,0.17863614526107136,0.7034053611992044
0.1732174191215989,0.1749111548050539,0.72112351886138
0.19106911178464786,0.19502894394533773,0.7590391905354039
0.15924988388748876,0.16493162222953672,0.7217061603055032
0.16985324155895773,0.1867682527767111,0.8052142633335467
0.18347124619231053,0.18372647910189904,0.7288688657062365
0.18634550722284204,0.19771951754636521,0.7927184279775213
0.178861621793119,0.18088809553373547,0.7317841257479355
0.19712892372912763,0.1778863493013125,0.6487447244273474
0.1628845625181905,0.1973179043475516,0.9044313473911902
0.18242769800072908,0.1793923393594655,0.7092801190691359
0.1838245107496612,0.17320970937728136,0.6702572408587708
0.18140670195378247,0.17718874698818426,0.701124851608782
0.16671302635920035,0.1697744152136502,0.7184466494872687
0.17302843447031688,0.16831360637650955,0.683781291431648
0.19426891510403654,0.1892000587823537,0.7165328467902757
0.18367737705703086,0.16751447571379774,0.6397874229078855
0.18636925329161344,0.17083252485388065,0.6483501045358219
0.1809956757040424,0.18982971654080363,0.772558327688713
0.17596469164649856,0.19481760739217732,0.8229924198833384
0.17873240455577558,0.19659864261539783,0.8202130049095266
0.1919380207147177,0.17184683342843424,0.6348238508176463
0.17840669454742714,0.17620774576819193,0.7074159749910126
0.1779544764934886,0.1684052414693201,0.6653681537123488
0.19089416625531594,0.1783842130895963,0.6725413123305496
0.18879350901905168,0.18715712210115273,0.7264927847032697
0.18623773113030573,0.18448081394053722,0.72209220507763
0.16740922949254974,0.1702807006015353,0.7184830906045606
0.1902962725527598,0.17494195937021867,0.6565654581362249
0.19135942192110705,0.18557549964864625,0.7084861476250738
0.19393705982748985,0.1877587207610068,0.7103269528967049
0.18928857022797138,0.17383401692427036,0.6542075772199545
0.18609337316427146,0.218506306393394,0.905493320520593
0.17486647456566282,0.17542441715412946,0.7172582249722902
0.1830995664758718,0.2165689838359273,0.909718067835388
0.17841536621334594,0.15651617285412928,0.5970123264313406
0.19703475002651508,0.20001013580154758,0.7613384734487731
0.17109027221672146,0.1724702633909236,0.7158224825067173
0.16922830093083677,0.17839144310714378,0.7586877750407545
0.17863929030160064,0.18625843814388165,0.7627573862045329
0.18002859703747232,0.19547742743262705,0.8080795486194142
0.17318434921169112,0.18419205278345724,0.7748509226975712
0.18795954157537512,0.14817468489510127,0.522318175881119
0.17667796776099368,0.18289725912949584,0.7522005194743723
0.17469074256335196,0.18415654004112864,0.7679659383923937
0.1868480894520897,0.19380943959087027,0.7696596738696914
0.198104404637343,0.20655181869489636,0.7902490557011376
0.17905714112138635,0.1567459375122216,0.5961557123256895
0.17964552826878522,0.18485763451170623,0.7506873998551891
0.17578981865697813,0.196221539994581,0.8317975472738028
0.17661101388585357,0.1838991781189584,0.7581587080718506
0.1766364298414899,0.17313551976831995,0.6971128202648762
0.18431588875465968,0.17179071124484632,0.6607716354120737
0.18333467338208165,0.1861481465983511,0.7426208260922326
0.17216109989077166,0.17963195608587734,0.7529689120720238
0.1835004305327593,0.17350427255603718,0.6730462277252731
0.18462340246782824,0.16976474535152827,0.6486975310315712
0.18526009769358884,0.18544064006840272,0.7310837128695405
0.1800675110983928,0.18283681972740534,0.7377056467161387
0.17030830828995197,0.188764277692432,0.814782784737572
0.18765851681616738,0.19950440100366476,0.7966832709762974
0.18783746648857638,0.1827784804128773,0.706879638524897
0.1661264036271322,0.19329192748651441,0.8625475803842153
0.1745485474694423,0.17281640039989493,0.7036231591752206
0.1791969901108223,0.18407431489996479,0.7481951277030272
0.18558903973959198,0.1822845812660409,0.7127822928102605
0.17654306011896012,0.16877811746467317,0.6727996976184554
0.17278846156564426,0.17953861945832375,0.7496948481661814
0.1764613762828105,0.18784546322662038,0.7811650692653485
0.19353076788424042,0.1647182597447445,0.5927649696164214
0.19420131337184732,0.15839532566009268,0.5581595910865058
0.1806109227136152,0.1813045817921186,0.7270024415982917
0.18797275955617926,0.1874358109486854,0.731147487929548
0.17532606132991616,0.17485612372207596,0.7121367056043685
0.18707203857694,0.17280066364932617,0.6564351603984903
0.1906372880375436,0.19665346437237408,0.7692800599612629
0.17071918320298754,0.17791234309463036,0.7492558287520668
0.1909294378598409,0.16761085323130123,0.6159911983695149
0.17334591015508571,0.16774343396085079,0.6792397574047775
0.1774960245250215,0.18169308280102214,0.7419494783245552
0.18729588425349705,0.18040681786286591,0.6962609903716079
0.18435721117375958,0.17358043463072878,0.6703314388622004
0.17740602093038252,0.16699042236572217,0.6594501232381027
0.1744655471761475,0.19630892191837426,0.8386121173291298
0.18080098673828116,0.17684882815384356,0.7015936718169788
0.1746013310198266,0.1640125585525532,0.6529879118711108
0.185797868269306,0.19169441789972289,0.7626267148250749
0.17192923991981035,0.15548525191694776,0.6135387556307886
0.17847068107720004,0.15186555283999273,0.5707691158298954
0.18926569413395866,0.18702254895176698,0.7239692833862698
0.17427963730530197,0.1951218581312394,0.8326954334717592
0.17091403551722728,0.16134821962922294,0.6514866920803564
0.17458472952357942,0.2049850225136068,0.8877352729333324
0.18890767083762722,0.1759593517597678,0.6667773267292798
0.1814896807395894,0.19687847773410988,0.8092938239549751
0.1865369718879144,0.20659620546563665,0.8394915167794808
0.17802455364078232,0.1778601094497672,0.7182161495978985
0.17266423379064985,0.1735994767512476,0.7158371715888087
0.18037059150880352,0.19929217007353936,0.8276968480543719
0.1821193850072773,0.1583942534782239,0.5951824045193902
0.18847113695746334,0.18790988625015778,0.7317294758044735
0.1798193006986374,0.17626984104676993,0.7022040490435892
0.1808698203369945,0.18526747262775253,0.7478719908922548
0.18084432150139548,0.17483545829976213,0.6902923866415062
0.1863183182414422,0.16762845209317545,0.6313305809294908
0.1930878220964775,0.16206698439019693,0.5803938496659927
0.17608487875851775,0.1695245586168953,0.6787894534703965
0.1987880903928638,0.19859487042403562,0.7475038878353749
0.17221063535899356,0.1994304128502009,0.8677188405855158
0.1819737810462276,0.16483390478877902,0.6310464294831971
0.17038795473862148,0.17772517099835883,0.749613851485522
0.1856454128038643,0.16314509789697865,0.6094688588751571
0.17705719039925344,0.17487764689166946,0.7052955410061449
0.1737261526723152,0.1613195067902456,0.6407757558542039
0.18417190611080445,0.1619668736544204,0.6079476290322862
0.17362967554411005,0.19073703891942728,0.8105586702180614
0.1910528369350794,0.18254978494989804,0.6937860074537341
0.181965027157802,0.18280303546161364,0.7298272505213074
0.19347910378913466,0.18560603449977914,0.7008820686267541
0.16767349868908843,0.17396845211953352,0.739344339378307
0.1850806053092926,0.17872157731423652,0.6954892820840239
0.18896476550147645,0.15449740625776637,0.5529994228312891
0.18173369172234116,0.17914314457781885,0.7106175159591656
0.17906716923475338,0.16788726353884362,0.6583410238886159
0.17418802301184594,0.19031079012972932,0.8055134199449938
0.17571251083909525,0.18089359723843038,0.744930435592564
0.18202697188259162,0.1713106769874688,0.6664434162301773
0.19468126239615083,0.19644716191208603,0.7522406630694908
0.1713126528377667,0.17967527433477948,0.756950944292376
0.18765502008742727,0.16907091080268305,0.6345202528938937
0.17841213799785352,0.17084519034123172,0.6773372691867277
0.17933532329253662,0.1828746940819384,0.7409287341857891
0.1771921615532407,0.1796561712843123,0.7317263368072559
0.1666724151871292,0.16756033284137362,0.7053376691600968
0.18094365036905122,0.18567888123876583,0.7498405219638061
0.1741508764308031,0.18744586304766664,0.7892344033208425
0.1708121627101231,0.15796770520722345,0.6320844107011871
0.17611554445319552,0.15425609187324,0.5919755249142536
0.19377946127047146,0.18987761171807702,0.7218392021579629
0.16784755003176455,0.17157876195313304,0.7243404025267256
0.17866092938972025,0.18791710304127987,0.7719488727187562
0.1762993450184723,0.18644069127197854,0.7739149073848378
0.18631956005825118,0.17273531175139406,0.6587355171567706
0.17573146022178496,0.19474819032339874,0.8236896804972585
0.17747153253075312,0.18695750253080326,0.7717153313423413
0.17664898777383348,0.18518619301169106,0.7652814472097179
0.1663609685703742,0.20013412714943285,0.9024600448026543
0.17448836638036208,0.17770789781970123,0.731899211786501
0.1710416306729554,0.16116002897144652,0.6499004279489883
0.18592630780125421,0.18669603282190875,0.7352161963439292
0.19949196309874617,0.21962040426699211,0.8502618432955718
0.19073895251925313,0.1780685880374481,0.6714338437216745
0.18111762483026622,0.1988033510583601,0.8215840462672293
0.17998707091101912,0.18762838417254724,0.7646570582871872
0.17644004004472083,0.16481861770464443,0.6507514829147754
0.18594181491396866,0.19464037361149994,0.7778797559786215
0.1913045337293361,0.1744197174150288,0.6503751635654483
0.1888255012577602,0.1500885699760887,0.530058542460643
0.1853965850075897,0.16731691700267026,0.6327889858266137
0.17238873764080162,0.17851539788323853,0.7454976446954444
0.17270901211548886,0.1664591648184841,0.6743085574515878
0.1939530565369035,0.1674544532154109,0.6055818625011604
0.18045706798666772,0.20071808850826156,0.8352019136174634
0.2016129754130882,0.16844142962109734,0.5874692805779028
0.18702571323560493,0.17489324388120212,0.6677864862564022
0.17769129146433052,0.17693914937972452,0.714380250903889
0.180677866963604,0.17325779284778797,0.6821964135353512
0.17749717156375422,0.16917235433285432,0.6714042442645317
0.17831447411950144,0.15636980524192098,0.5965292821413638
0.19022297497352694,0.17649744638535894,0.6649956263325363
0.1750354251134476,0.19603458532206963,0.8343144550734154
0.1827153486450699,0.16980194474363397,0.6556753202838633
0.1760226342198095,0.17157611071401452,0.6906845318664843
0.17840705437460622,0.1786085243433041,0.7208712951073182
0.18448150326534488,0.14292110741172695,0.50368793492579
0.18708248581183584,0.1760030083508774,0.6735157906636378
0.18041545928774308,0.16431228720943408,0.6336058321206188
0.17827156187161247,0.1748873444468065,0.7005455224358657
0.1888268995439396,0.18079773584122336,0.6926859264073602
0.1817717920731056,0.18198740143885953,0.7261159717552675
0.18716398554171526,0.18317674644230367,0.7115511355288013
0.17560450402409933,0.18606811611572446,0.7748555019810366
0.18041077701579178,0.18155349084750708,0.7291886495006441
0.19189112265597386,0.15185197220951804,0.5307800110801386
0.1782347945313779,0.17314722879859368,0.6909269827049053
0.17625737969388408,0.2042950947067424,0.8753965080765141
0.1806493214427663,0.1759708355237427,0.6973224948628056
0.16922679098203267,0.19059600572758412,0.8308141099390796
0.17495796068976965,0.17427227121642586,0.7102978951428327
0.18190781586575264,0.18417036068693712,0.7375733695024649
0.19160401421349682,0.14592676087902975,0.5006511020804728
0.16877315488835162,0.18325502095642687,0.7895510458673299
0.1628057781728253,0.19703764874216814,0.9031476056462896
0.17315442668615058,0.18568991779058786,0.7836352808729017
0.17829534671328667,0.18213303642261391,0.7410907735864499
0.17237545488727374,0.19736424599091776,0.8549027243309538
0.17631755577375813,0.1857927925365478,0.77016036174407
0.177222041724662,0.185575763019856,0.7650050845847437
0.17951116736690417,0.16553601087598735,0.6436146150163597
0.1820968455381889,0.2014871033108704,0.8319040500847166
0.18938454182050066,0.18801453896020812,0.7287529258381541
0.17827175320566216,0.18725059265571775,0.7698953434164044
0.17421011710191084,0.15400164690029633,0.596989707776022
0.17438531354206135,0.1872856145525708,0.7872544525916044
0.17751959305595127,0.17927227879916383,0.7282141456826081
0.17307318712203423,0.1616872179004042,0.6453178551664003
0.18119951118575392,0.16483738839263123,0.6337621312615321
0.19060481000182117,0.19253118870935024,0.7477837978379894
0.18635839619933264,0.1661973825461312,0.6235156822333037
0.18243516548686195,0.16723909281451949,0.6426342887438685
0.18471945894246086,0.18382006434650475,0.7244502832167182
0.17156816211256978,0.17318747360281744,0.718008936424879
0.1825967872750966,0.17538685896422535,0.6866871035103157
0.18255257544287706,0.17962245781832653,0.7100554867761205
0.18427554141147645,0.17237324792827952,0.6640775384022736
0.170416794618597,0.17987488678993505,0.7621014529735923
0.18249891037342744,0.1663207885723681,0.6373779894595187
0.17193099518425295,0.16256713902746048,0.6547227793733519
0.1784091835433174,0.17326297568387497,0.690900396693688
0.17373837512566162,0.1630793117837424,0.6508597291873733
0.18088654810306978,0.15277285658876041,0.568161964869826
0.18726707921523508,0.18792226777418378,0.7365003413956334
0.17844968308354592,0.16881425301091021,0.6658137518534241
0.1782591579343575,0.16889046425098364,0.66695291074338
0.2051773816829019,0.19297817365599199,0.6968515363792013
0.17896931501615984,0.19610603633992002,0.8163747865198431
0.18883709371230614,0.17526503202402283,0.6633497135624449
0.1943387617630067,0.1921020523174167,0.7312079743036959
0.18402867563316228,0.19419724834387567,0.7835585831814303
0.17618829375761616,0.17201008312310034,0.6924982387930422
0.19410540622043956,0.1703226211877085,0.6198828952299339
0.1888097166647112,0.18366080907917162,0.7079127676279862
0.17499618737142644,0.15926237313533695,0.6243700207218196
0.18387742531597673,0.16726130476076623,0.63771452400567
0.16822597138274878,0.1880925308005474,0.8208752172181453
0.18728035740521162,0.17408057694179863,0.6625391934367684
0.20751016457740276,0.1709825317568386,0.5830197860582934
0.1867247026555647,0.19908474191461467,0.7984200258153241
0.17877110761907858,0.18633833214095316,0.7626418718144309
0.1711611241246756,0.1767744571350152,0.7406731977447828
0.175924529628246,0.17116425740169022,0.6887286136716002
0.18573085695397215,0.16245588580057332,0.6054776661502302
0.18068959172391474,0.20264734064240428,0.8448042811211963
0.19217997051845528,0.16492682177084958,0.5980166479410143
0.18320674191019223,0.1786115722791885,0.7020023987012104
0.18971713568297222,0.1831821739599169,0.7020039253727277
0.18697467951253738,0.18447989070803444,0.7192411884787697
0.19531629731565855,0.1690566191407575,0.6095580388171362
0.1758757458314421,0.16729481575716323,0.66691865443219
0.17752052619602846,0.1886984871642919,0.781309576624018
0.18223705619973646,0.17691354675796184,0.6964200882331054
0.18124779872098273,0.17641178278919376,0.6974527893924666
0.18000851795727657,0.16800968905473193,0.6555783603681493
0.1727513355939073,0.1819316241495248,0.7637082729111928
0.17681985329793848,0.17232616886789168,0.6918124101244114
0.17643001513605028,0.18235063544560667,0.750159406513383
0.19190445669652945,0.19410826903960032,0.7509375838388568
0.18260023971430156,0.19896604770116058,0.8158042285937552
0.17954675547162774,0.18582103328378566,0.7564660966833694
0.17927155436286785,0.19043142326732798,0.7833447072315632
0.18426781321975166,0.16262394303578134,0.6111970455820723
0.19256705739657665,0.18224090299827606,0.6867265086049291
0.1880656751519869,0.1851181773673246,0.7184627245675091
0.17811066521844235,0.193955835194344,0.8082381536096706
0.16552090567471633,0.180689966960274,0.7895677372446687
0.1719618092757971,0.16650383781840453,0.6774983254075471
0.18161118473353005,0.1831752350484733,0.7332986415119495
0.1809880756865145,0.1915388948243025,0.7820343649018011
0.18520031746330676,0.1487356465231554,0.5331289269669726
0.18965029473850853,0.17042975557920637,0.6350095882806612
0.17893896952428465,0.17112011297793053,0.6768794595159036
0.18266149808272764,0.18310665940580576,0.7287067105160911
0.1918958149899294,0.17683832534813826,0.6609749428605032
0.18179146886615313,0.20314341947307724,0.8424125753988573
0.17998476688324913,0.21177537059983584,0.8988281252978192
0.19915430084660374,0.18509526915327668,0.6783447235585047
0.19289879720446818,0.200008993182599,0.7776564465749
0.17971125913520067,0.18120461083523762,0.7300856466457092
0.18481111863273106,0.16948756516659455,0.6465388340841558
0.18170306064319283,0.1706837799623068,0.6641813271340071
0.16523331705133656,0.17883298719389906,0.7797034489955302
0.19439079153641167,0.17345066567196904,0.6350643705715108
0.18634964611126537,0.16373797073644838,0.6103471249338348
0.17321372099189772,0.18073632548180799,0.7547688758901687
0.18536464611603512,0.1859071285759785,0.7331879698942317
0.17326858730085612,0.17323897827466891,0.7112597857145453
0.17596210736747203,0.20545412676421068,0.8834522903250224
0.19147935569035954,0.1923053140057494,0.7431888074444472
0.16998862975300924,0.16747793134904523,0.6910928779162394
0.17812447371219176,0.1679179695005666,0.6619975741856503
0.18328723815239598,0.17385391597839134,0.6757367137335103
0.1873803410186788,0.17746547049664793,0.6802499654109482
0.17726506432598763,0.16637010652839754,0.6564751321467086
0.17202603937031735,0.1808898825351721,0.7608724993860249
0.17799930608239775,0.1771863204438595,0.7145326756778683
0.1845291445209179,0.17062014737719391,0.6536644804285678
0.19145586904076264,0.1958677250553276,0.7618869339767853
0.19319630589432066,0.1931059674543838,0.7407282804499559
0.18202070438619417,0.17648161660714967,0.6948748881819128
0.18062186323020796,0.2049819842552032,0.8580466477509096
0.1728112200596134,0.17543014251270828,0.7258217520218859
0.188534564352684,0.21521872777863463,0.876331235844726
0.1860937527231196,0.18692090038495365,0.735763013972167
0.19112568252289294,0.15225636394451447,0.5350215763507673
0.17896728496768677,0.15948321776794108,0.6117498948911735
0.17600222504679736,0.15116379318879905,0.5747870128454372
0.17848922728635103,0.19091834120924295,0.7895061419206385
0.18229270845026435,0.18678957847566796,0.7503842563894365
0.17982983987959708,0.17807530954719597,0.7122027669765333
0.18892076825278425,0.1979655909502925,0.7832150605713611
0.183463563047791,0.17056156838731307,0.657141758202459
0.18914236329498268,0.16731536185292706,0.620249000854263
0.17549997633285472,0.15832975360416832,0.6172636365415184
0.18831468122642042,0.1798288229795573,0.6894248612696182
0.17434886407897762,0.19340168554361648,0.8224985364897904
0.17981080416155118,0.1872053700035546,0.7630540925687775
0.17294449578293428,0.1640195456746343,0.6592840388383465
0.18806205064083006,0.16604489070591041,0.6170563934110158
0.16055022728565954,0.17578507781183483,0.7834624711432598
0.18002331411888728,0.17212707691484216,0.6783958928463539
0.1898794851137302,0.17505751742272382,0.6586152124218125
0.1853901256111782,0.18010969496709225,0.7018156686509478
0.17820645811378108,0.1794548219248559,0.7264317090136079
0.1850230581531613,0.1796470077804681,0.7007073014280569
0.17431963193634664,0.18095891803326442,0.7512574262495259
0.18830157952981036,0.17940477973357186,0.6872208935086789
0.17146208652159536,0.1716228435082921,0.7093279101848203
0.17973447584809776,0.18812581241320211,0.7684992640473653
0.1915772727823452,0.19193664896378743,0.7408845887739749
0.18130239902273423,0.18758716856057,0.7588822282672465
0.16926475206339872,0.1855294565705175,0.8006950940367932
0.18855080965487295,0.1738777536875276,0.6569993197816325
0.16762834062281937,0.1669241109046858,0.6975199448390224
0.17512876548901302,0.17935463580350605,0.7386258644735396
0.17408798822547783,0.18218596630359368,0.7593054963240033
0.20578406096074373,0.17616251344063072,0.6130820475192101
0.176076994416994,0.17500080265540344,0.7099212652356531
0.1834927842384766,0.1744336171024457,0.6781390212092777
0.1810807841045131,0.17914644227803023,0.7131979404479037
0.1894718427677439,0.18905139329021992,0.7338894859468392
0.17963401548992913,0.17354734709079706,0.6877725621945111
0.16919652123124923,0.16537209815526746,0.6818822119728024
0.18365756723467874,0.1790477237721878,0.7026539974107893
0.17790151691765327,0.1868629928946086,0.7693188639755076
0.17888194653967976,0.17992443803336636,0.7263138653544693
0.1768222866276957,0.18244615033249503,0.7490353894775952
0.1811615147811601,0.16889796045339242,0.6563091537240624
0.19146189108743839,0.1636451411074741,0.5935653328294648
0.18024786059401618,0.17314850507762297,0.6832175686955766
0.19091230509745047,0.18647395912994333,0.7148515600410392
0.17348258470286657,0.17440455038046865,0.7171010888127091
0.18526906054822054,0.1856591543432816,0.7322277877475023
0.19167475459786132,0.1704287397418421,0.6282973466928641
0.18832207009911786,0.16655532116549682,0.618914825565327
0.1700219167839509,0.18712326226034084,0.8065034488146912
0.19264241757406156,0.18997587639712232,0.7266098409677011
0.1747738840994543,0.18677633748798028,0.7825902490680378
0.19022081056277831,0.1899670896957884,0.7358137591869596
0.18379706604788848,0.19187768076462405,0.7719257103247649
0.1923480435627982,0.1474722875786275,0.5067495659076175
0.17871089953515895,0.1965268239620535,0.8199098339451106
0.1770640942942671,0.1870400953934101,0.7739575657030717
0.19146454362265417,0.19515160579779883,0.7581121969186594
0.1866577026277185,0.17035256220006703,0.6447768321680543
0.18809413614590922,0.18100580786091125,0.6964906538037254
0.17386667843036505,0.17734008699278214,0.7324007575366596
0.18333844028380142,0.19343726227817165,0.7823632733873805
0.19116351169581586,0.1770973744478796,0.6648621032350573
0.18272501360534144,0.18461910084225577,0.7367305558559858
0.1717697291056736,0.19342722581884056,0.8349971008605561
0.1738025751757975,0.1819194505053655,0.7590189637405078
0.1784252185474575,0.18365058885288513,0.7490566072493657
0.17445943039724554,0.1805061343795739,0.7480600738086236
0.1917892369362177,0.15453359018625068,0.5450440903574524
0.18809022464542802,0.18411917599149527,0.7130576628547577
0.19655931593513876,0.2016170256523835,0.7713550738160614
0.1858078904213084,0.17854347925108316,0.6918085069456331
0.1726202786248397,0.18110540344461123,0.759501748514415
0.19551019038812825,0.21224795904021315,0.829869577223148
0.19091977524308526,0.1622546181118367,0.5879674746574076
0.17986907138471372,0.18155222819352765,0.7313777025743163
0.18672434839603666,0.18191046050382892,0.7064448832567398
0.1832048392415813,0.18625225334610715,0.7437153620513234
0.19393418605391072,0.17801603409871095,0.6601004016028635
0.1809886067220583,0.1925854801325368,0.7878146736137007
0.1837878894081494,0.16986960627725012,0.6522171110581072
0.17274286938104366,0.19103459288976546,0.8164423422807993
0.1804137894540413,0.1881292143508531,0.7656244834103451
0.19782015568620215,0.16924711623398692,0.6028056939917995
0.1750705024689987,0.1702506404737201,0.6868697968980466
0.18417364578674084,0.187371121451022,0.7458782762550477
0.18487893827698568,0.18207661170498782,0.714395122212951
0.1784472753698238,0.18755847642974585,0.7708634169093487
0.18107357291410417,0.1890768523142432,0.7680681950215732
0.18650777867706636,0.17202702124652297,0.6542730931228866
0.1937851843352644,0.2196347208867147,0.8753750781753915
0.1773206812845007,0.1991346073585095,0.8410446332496979
0.18379061616760486,0.1628251140423342,0.6138785341436865
0.18791374282093593,0.18526660839269798,0.7198335063848647
0.19285078931420416,0.20096996152232932,0.7828329977761198
0.17524367223375578,0.16710120929835168,0.6682193302942862
0.17241109470492127,0.19114022382597481,0.8186261102716965
0.19351995272689648,0.15773734767855596,0.5567247519463765
0.1864579741378601,0.17365651620026046,0.6631870627792695
0.18536549010379505,0.18148305725472622,0.7093178842572181
0.18353918253892293,0.17847343408822694,0.6999782406733871
0.17530306742006746,0.17778924772866916,0.7289618465286521
0.18052527537314736,0.1640155316883812,0.6315765559848064
0.17957744788398602,0.20793601650277213,0.8794869197874161
0.17205621798034731,0.2120198049716798,0.9416678273736442
0.18395235200753,0.16674032647247633,0.6346226356904511
0.18787057387980877,0.18789100992544938,0.7339681094159318
0.16925993861217814,0.15811878145923405,0.6387736067124804
0.18314537832951003,0.18791631896474495,0.7530428571154537
0.18135556119471552,0.18195286494478344,0.7275920521847684
0.18662256961052318,0.19499715407384882,0.7769540113848739
0.18182009092203466,0.17985970374886928,0.7142208712487872
0.17427797294475045,0.17618208435112834,0.7240277254724011
0.1867980463196891,0.18850133474352093,0.7414495893949961
0.18623576280254972,0.18468363127217527,0.7231888722413058
0.17735768732709525,0.17623114357333705,0.7117320115960515
0.19325200851632565,0.16195695199854965,0.579331375948373
0.17817279404691974,0.17773968539156904,0.7169427076388007
0.17366913900674327,0.1817992784443325,0.7589101851838796
0.18376881721833163,0.17437337407706527,0.6767925916903521
0.20044154022458247,0.16365907215294712,0.5670434981970258
0.19094827624772678,0.15738444287981837,0.5623745078510326
0.18024846989097779,0.16745219971989792,0.6516127420717533
0.18304836684685477,0.18383852298448705,0.7311648024506084
0.19162086304028755,0.2064281666419882,0.8163420420932964
0.17195365077371547,0.19327494657552702,0.8332184046738936
0.17691841717114576,0.18320929785257234,0.7529419490776335
0.17175150518348128,0.16736105530903944,0.6833189332673574
0.1746316949824036,0.19137426411259972,0.809556730963672
0.1851664746046247,0.1869743013180678,0.7397359679204409
0.19480410436202017,0.17649973725859355,0.6493689528404847
0.1888542040834081,0.17922373508905914,0.6842513023008323
0.18308790285757023,0.1699494694711411,0.655146886271637
0.1830777052896208,0.16720397743418497,0.640187057450679
0.1816004989006866,0.20516443762637276,0.8544273752861706
0.17237017547875105,0.16174028122840714,0.6482576287809252
0.18099549593612488,0.17353639109344776,0.6825384822672327
0.18712479986300345,0.19627900214257774,0.781718950399255
0.19060262830103125,0.19773238356277628,0.7750805163581104
0.18475725713977165,0.19611525964221163,0.7908499070846956
0.18207150269453376,0.18356729328640262,0.733598016766479
0.19507308617235017,0.19404060843786117,0.7383930364981204
0.17735074543320992,0.19207484979395217,0.8010953066304275
0.17931009761245156,0.18535414242097178,0.7548606811509123
0.1906119821610463,0.17042223368881448,0.6317663366360193
0.16289806931602918,0.17426210300291695,0.7628212140552948
0.17373014705449158,0.1941066982946964,0.8294858476663605
0.17798136414417057,0.18062614263697108,0.7339315734829392
0.18354635385544468,0.180414268775832,0.710524976587343
0.17758620572247533,0.17684464166773262,0.7142708024628918
0.17361857083631235,0.18794615386916277,0.7945357066625001
0.1863145504365678,0.18029403305668976,0.6993229071556025
0.1821442450237557,0.19271232745539546,0.7835126903777969
0.1745891039663324,0.16504918852249997,0.6589711838184699
0.18465810710911865,0.17289100096277518,0.6655055815673239
0.1716189908002047,0.17430499303306107,0.7243079128566511
0.19760513104308405,0.1852586400711744,0.6844895137954885
0.17772021144068373,0.1925681179143827,0.8022054259257199
0.17484465570780908,0.16865435534097956,0.678627292670977
0.1834137218383783,0.17068889136559595,0.6580145157947636
0.18200841011098262,0.18260358112026487,0.7285574388535544
0.1791836073768231,0.16072333048942902,0.6179322545760443
0.18448481787052845,0.14732544172983408,0.5275525804954699
0.1734446619608133,0.17343899984485098,0.7116909707647261
0.18128734689519643,0.19787899303996292,0.81571601974766
0.19436826316301262,0.1833521299015371,0.6860797525864469
0.17851811994721203,0.18258347095991967,0.7426891511019986
0.19133477039295557,0.18389692597135962,0.6998044615537863
0.17864206100727228,0.1755425041456026,0.7027600523512316
0.18025830422269012,0.17792577885735653,0.7096803634595258
0.17784028866044552,0.16654960601124844,0.655361093310972
0.19425214596334525,0.18036113010824809,0.67109235505098
0.18738852754763147,0.16710948771142295,0.6249554828358177
0.18163437918823824,0.20279023684963537,0.8411966805650267
0.17314087106367385,0.17159685380997344,0.702300115870708
0.19233459294474073,0.17850538115996079,0.668134521161679
0.17054126869837496,0.15253034980497276,0.601205506371079
0.17572073873507782,0.17410560907222186,0.7062661468736905
0.17859100879055773,0.19497512869501848,0.811771710551441
0.17129645575223953,0.18041609550285592,0.7613473082682324
0.1804902608948055,0.17218111294202662,0.6769401979713299
0.16718370371709243,0.16948418267553625,0.7146879750775643
0.1667656039684747,0.16548942003308392,0.6925254206192063
0.18792810012413338,0.16556865276215849,0.6149620662680098
0.17836389161392852,0.18038448594916706,0.7310026977398899
0.17658639862393424,0.17607624660259893,0.7139635191898112
0.17423749939370484,0.19180427254060706,0.8138562194363679
0.17575240122640184,0.17820781899505864,0.7294797573200895
0.17294702505623616,0.16953798270916923,0.6911826478096387
0.1774278191805428,0.19553854171847684,0.8202690107484396
0.17399404556432543,0.18870761176299164,0.7971974633563627
0.18001878742679134,0.17619726127598057,0.7010227270156539
0.16764651893995328,0.18344108076671217,0.7959669047140036
0.16891483593871695,0.1906807316724753,0.8328500625221273
0.1908898745098812,0.18282622331348955,0.6958264478643885
0.17710977141218268,0.18657658057249765,0.7711408550951532
0.18082530619768672,0.17922534121873082,0.7146419045874894
0.17331922696383656,0.18920424058349494,0.8031667520219221
0.17537594134778925,0.1988917831120543,0.8489863659051499
0.181461583057158,0.17199190232884834,0.6722739892025658
0.17813460386954613,0.18947112065986207,0.7829535510237043
0.176851293002448,0.1697394317901805,0.6770628009404661
0.17798781010300388,0.18900141942236404,0.7809603328560653
0.1910869244383562,0.18505216346377598,0.7067577431617682
0.18700402534555705,0.17370061624262187,0.6614863825205932
0.17397755829951267,0.17906371836060767,0.7418411870019282
0.17707836633114407,0.16984853876320882,0.676810732142666
0.19365664549565204,0.17500529283893423,0.6454996290934971
0.19829672088486006,0.15213041819482762,0.5150383613964504
0.17233457399004162,0.17831792657657503,0.7445860897534694
0.19310386587119194,0.16126683391133878,0.5762020009768124
0.19789270322379604,0.193220200773069,0.7237265368551861
0.18914107368438818,0.17950210979363573,0.684685284221927
0.17703739046521108,0.17686658497716432,0.7166089866315237
0.17764979014108992,0.18662128119397706,0.7690483680587074
0.17444801495426338,0.17482179265447598,0.7155242935106005
0.18854780478943758,0.16859915004498144,0.6290136879473515
0.18701090675220128,0.1818342668604337,0.7049549630552866
0.1726125662603398,0.17842180019222914,0.7439887082064424
0.18675338879395986,0.15999757756264477,0.5889990980779589
0.1838858010664324,0.18145328187675347,0.7148636877583787
0.17496542416961663,0.16109588172386025,0.6349590626326298
0.18169580327640555,0.1812638277201024,0.7224373119967814
0.17999122591243719,0.18490908370526782,0.7495314453322236
0.18801995394274373,0.18036678266703393,0.6933667407807872
0.16964939555057934,0.17420213293520992,0.7321106717305117
0.18665968519456755,0.1957608483566392,0.7808908935247758
0.17894569114566836,0.17087200316374626,0.6754675253138787
0.18826570332817213,0.16913316443314924,0.6327927090654654
0.17760913045199037,0.17101899011179622,0.681378202819978
0.16986233852282273,0.1943458966620747,0.8497816403409539
0.18602876119236275,0.19628874755124134,0.7863770452138402
0.17777797920748425,0.1786666116070622,0.7237488702517859
0.175490394994478,0.1817291769365571,0.7506346825460284
0.18123123326660145,0.17746446118712994,0.7033250223465758
0.1780515061126829,0.18698541322609227,0.7693583515064385
0.19019393284887767,0.18489469294313565,0.709248139110299
0.17794371835862263,0.18396328362312253,0.7528407569472996
0.1882890329693426,0.17528750504860582,0.6653999071151703
0.1936414983260726,0.2107550043796347,0.8301681497472179
0.18565189849451227,0.1728453673793593,0.6616973398900658
0.1741147492401278,0.1840535037463028,0.7699146932200723
0.18633479608478912,0.2086349503300033,0.8513436763459822
0.185263031774369,0.17960643557511094,0.6995806682736252
0.18509777962932092,0.17940219077372083,0.6991017992374801
0.1867940095147625,0.18421646900419678,0.7185266238079734
0.17486188649619103,0.1719160104807106,0.6972131716271187
0.19096267649510396,0.16782421469554595,0.6170012740608336
0.1697752851820176,0.16999949189807528,0.7068136670742314
0.1788708699320916,0.1713372543874745,0.678351116833838
0.16512319959440097,0.16528714977891062,0.6981886861573375
0.1833808137949705,0.16822491523783595,0.6446962078051288
0.17904725716354472,0.158577960392798,0.6064206853144983
0.1799244498624475,0.18253747519251937,0.7366284865333447
0.17461077253446308,0.20846119963326432,0.9075110162632646
0.1959548539133558,0.15867950710431153,0.5546150296045522
0.17708699517430115,0.18236713053084042,0.7474695157628917
0.18596636954754375,0.1871560509377121,0.7375314755641723
0.18912161702689675,0.19155617377743417,0.7484928270114259
0.18884058376276608,0.1646546375110592,0.6071504081723018
0.17609199555987326,0.17504646590326012,0.7101201023117654
0.1914943719530568,0.20566856169201755,0.8129145525497655
0.18270795002461265,0.15380471550044145,0.5681455869132015
0.16570829987393387,0.1901923749772801,0.8460190291248806
0.193759256282974,0.18928850674878733,0.7188740781775332
0.18675560981212413,0.18775840583148137,0.7376399882716568
0.19414120814436422,0.17045307025571949,0.6204405103225178
0.18475103877948482,0.20797431306132882,0.855065898979241
0.18537795671307689,0.19679503795545872,0.7918688961636589
0.18438085987808764,0.17284765319553244,0.6662711806244918
0.17443738744024406,0.17726075107166556,0.7295497423983175
0.20071407699825072,0.15359412443811798,0.5161278470718366
0.18451526115635716,0.1695867537103928,0.6481130772649515
0.17381265849691396,0.1701694746154332,0.6913735492836202
0.18584893243562264,0.16689620151769585,0.6289850578409335
0.170987850573861,0.1967722420770815,0.858378192277941
0.1838826184577589,0.19562584273652514,0.7919500165807023
0.18671383395958818,0.1975604504829191,0.7903027180881341
0.17910954043497415,0.17229052876431591,0.6827694854630794
0.1818471926265534,0.1694418012707453,0.6568251043393031
0.174897514741996,0.18541503590270575,0.7742536313478571
0.1879845400561799,0.20152312181160484,0.8060403359038012
0.19047976356830632,0.1636027166290549,0.5964030745361399
0.18623483406261618,0.1916521308251627,0.7606102882854675
0.17678672051862004,0.16417470807088805,0.6458330565550743
0.17409164625237478,0.17467452846547812,0.7161430841129601
0.18464255043236238,0.2017113842360078,0.8216490937801585
0.1687753756006536,0.17618505947294488,0.7476508881930537
0.1741253429211446,0.17925503304353038,0.7423102856547742
0.18160256293112234,0.17432444861902638,0.6845963328512041
0.1778889478136912,0.16785526885740532,0.662521591733956
0.18919222128141555,0.1728530351939096,0.6493556360923044
0.17830490677366975,0.17955430054972224,0.7265885324971522
0.172633798279491,0.1668438238890487,0.6768305224906229
0.1941614140424372,0.18581090300927422,0.6994742167441699
0.17785038923282548,0.17812468835894174,0.7204071293384273
0.17744779483660753,0.17089452847226083,0.6812963135641078
0.18011930287824773,0.20224652711569557,0.8452538105735794
0.1790050067364385,0.17982512991268707,0.725259769431129
0.18399506426984383,0.1839255891656634,0.7278759878539488
0.18121510139631034,0.18535900075704548,0.7469521011994505
0.17493979362982764,0.1835973514194832,0.7636761690834906
0.18176225473015875,0.16970077212086987,0.6585568180730134
0.16612608949148489,0.15329153036977777,0.6217658568016324
0.17571219498366844,0.1789275514670679,0.7337427631534116
0.18958080719952777,0.18833901858339522,0.7297100409420547
0.17583876765649173,0.18035695236490748,0.7413436416909218
0.1702702012391092,0.1986657645103738,0.8731167487234219
0.17889158703200814,0.18486241666943748,0.7538779151492868
0.173534116965856,0.17802489889864206,0.7377505999228486
0.17688215365666754,0.18733703756963066,0.7764324140704727
0.1927674002064512,0.20285910247328168,0.7929717489034541
0.18068806375638768,0.17177677685066065,0.6739613802871115
0.1855458588782374,0.17665460256227938,0.6826053856874014
0.1771416999148934,0.18544919921666633,0.7646375714004213
0.1853028595103981,0.18459440992117096,0.7263482618497763
0.18431229799448745,0.17143336609099616,0.6588457059692678
0.2016407258605654,0.2021261492042883,0.7544415869117808
0.17346419220220285,0.1895310132762548,0.8043793448368121
0.17764555888421313,0.1891420743316751,0.7832567006212968
0.18826240506105202,0.2170039475994651,0.8870807081493887
0.17543699918424785,0.1700678315312408,0.6843928708854788
0.18900806585656776,0.1692642279309398,0.6310007321139703
0.16984255114764452,0.17093229223798467,0.7120258817406596
0.1806086325522725,0.17115631069869333,0.6708223687127899
0.17958460644131946,0.18747961958965792,0.7655423385889167
0.17821955367399375,0.19092371816257242,0.7907309566062299
0.18227387405868875,0.191743618474098,0.7776408945390563
0.17916321030876803,0.18792375764707767,0.7698218702901185
0.17658942489342708,0.18586857273522484,0.7694037897072401
0.17703523231464247,0.18893597767846956,0.784792811362771
0.18124932853880366,0.16874074120073376,0.6551237577429843
0.19368398938108627,0.16633307296663244,0.6006333994790829
0.17365913564037827,0.18294218559649375,0.7655352256952196
0.18073149165184432,0.18925336645535637,0.7704986285600399
0.19695939529525527,0.16788152015479046,0.5985067124017018
0.18498684538658808,0.16888174624280544,0.6426497300084485
0.1911619493521355,0.18104873690562667,0.6855377722907842
0.17945575536885094,0.1795245780158737,0.721763298979465
0.18880888608677382,0.1950205214543666,0.7680810181132962
0.19074488385802157,0.1639406746521624,0.5973459017489172
0.18002928437439447,0.18864081308364408,0.770101450802428
0.17753090637802812,0.15287837942391982,0.5794956017678081
0.18964380361137917,0.19131957699810664,0.7451842575763814
0.1805068987656199,0.18595165851902992,0.7531659978024277
0.18642070891678375,0.17132783277221222,0.6508280838389672
0.18136823443584965,0.18337213094273092,0.735366539557427
0.16661346012609785,0.1644493007731346,0.6869150948939905
0.1757566629426679,0.19242760783823168,0.8103681843611913
0.19936332934560633,0.17393506883317683,0.6216542893820216
0.16422604056902085,0.15822394982337792,0.6589938443890914
0.18587214415951447,0.16021760695662007,0.592975388835198
0.17366607210285465,0.17195798489048672,0.7022556761591087
0.1874158746572137,0.15950098119788056,0.5842673754192883
0.18947820912220295,0.1774611781224588,0.6726957084561285
0.17574227655526037,0.16998386264073384,0.6827262340772405
0.1833436555491208,0.19758026166107023,0.804937925007888
0.17563868671817498,0.1717728478199311,0.6933144974792739
0.18499455680706273,0.17255999351665757,0.6625059441315329
0.18399370208783986,0.20007522754902635,0.8156541547132924
0.17812524593800322,0.18319147559745375,0.7477405849803641
0.18079633710555215,0.19067916706973395,0.7781085022071156
0.17432988351211115,0.20190290442118947,0.871353214726587
0.19102424354246617,0.16995199739559075,0.6279412244808837
0.1872803752647473,0.18412091066625738,0.716150373346158
0.1876645123008567,0.16609575290501685,0.6186345595212828
0.18030384087833953,0.16751814801122009,0.6517783949511966
0.18758579756901805,0.1818187565501672,0.7027118164511754
0.1845238517872704,0.18242442161850225,0.7176547656894171
0.1765592126196668,0.1821628311743822,0.7485467861656101
0.17236129467160813,0.15913869434324837,0.633197229988236
0.18103084238077405,0.164708074165926,0.6336382942120602
0.18081982678928246,0.2001950751044958,0.8306338844109443
0.18356144077952763,0.15929842806027045,0.595432393623162
0.18491692598846088,0.18681806999240816,0.739889381467145
0.19118067963737756,0.18304816531924714,0.6959289273979283
0.17990318125357616,0.1898908863364816,0.7775898422791278
0.175637381258334,0.17329807191465896,0.7020035884804474
0.17273126785607373,0.16946931893598038,0.6916484804333559
0.18175316293812746,0.167669724715203,0.6474150040253231
0.19132087315333904,0.1867886775088261,0.7149699625256953
0.18246830150306295,0.20558903944427134,0.8526907860851632
0.1851268527625615,0.19835397974773866,0.8013639163304598
0.1727635780629767,0.1821392781700423,0.7648561094391907
0.16368253647179934,0.1731141079931264,0.7521517606390318
0.18088014379339973,0.17436678680943463,0.6875646171062627
0.17414304854306478,0.17119426248445324,0.6959465996397924
0.20080122560820335,0.19051830274867884,0.6997880731208954
0.18658075006795866,0.1720067491975332,0.6539085578394044
0.1742901735151497,0.17817819975307372,0.735429870588385
0.18021583771810043,0.18304987789949137,0.7382807170788861
0.17915078889074768,0.17501507777475922,0.6978204145726522
0.20261293100809147,0.16986823239677115,0.5916119558626993
0.1809431546326716,0.17618927363389184,0.6973973339310109
0.19272674472941742,0.20932520661864695,0.8266896576411062
0.17802206462840825,0.16101120432653485,0.62358115303433
0.15979124511579865,0.18573478534419555,0.8494507020445975
0.19732594210970286,0.1959721918931088,0.7397516531909216
0.1807215793989804,0.1826890344561843,0.7342179882306458
0.18840898559639083,0.1957247040690981,0.7734488013287707
0.19211195129992245,0.189090236047254,0.7240061594612004
0.17948996730887254,0.17515885196062775,0.6973027731697676
0.19043623161434628,0.1961392481658175,0.7673920394610888
0.18422981586036513,0.18144438091859805,0.71348049882558
0.17654342316141675,0.17481911418018592,0.7070165058828706
0.17430338645217175,0.19547244877915837,0.8345933589711151
0.1739762482990125,0.16761807157662595,0.6760582132710212
0.18606541370802143,0.18043301300240022,0.7010062235804825
0.17704068836417364,0.170990198279319,0.683403343023845
0.18077850076050508,0.19171759138838948,0.7839294539572301
0.17362065201670032,0.17763193028228927,0.7351195194798169
0.18127369578731428,0.18073203817666067,0.7211859261149871
0.17533231284948197,0.17930618666752907,0.7374920490470853
0.18923038366838443,0.17890901936785975,0.681227913133472
0.18563388567684808,0.19517290590947226,0.7820388254016812
0.19514415132444465,0.15802840127717224,0.553582572390629
0.1743065710387419,0.1879301846865338,0.7913080032758892
0.17135898650590203,0.20001897666648263,0.8754660594430838
0.18877515396838496,0.17991727049725367,0.6882117045922871
0.18872549777320333,0.15534919040134967,0.558213869585077
0.17341139313368206,0.20139166835860117,0.8730203109659238
0.1901467302537837,0.19497813095324418,0.7624539783552723
0.17849908401310052,0.16090223890636388,0.6213042465709486
0.1939114612535927,0.17865383862191098,0.6634669131478547
0.18409687195377386,0.18866407076329733,0.7532125304014695
0.17483404325527876,0.1762352310529089,0.7220288949594917
0.19353835406685568,0.18780701135934308,0.712039802259242
0.17336611343409633,0.16855972050775858,0.6838690569874721
0.2081232443393533,0.16325306578860888,0.5441634650089597
0.19135426787476678,0.18054026748253402,0.6821915650607127
0.17422812689682524,0.1696006830620234,0.686460247218572
0.17113798475837214,0.18239440843616844,0.7736120570958849
0.18681991214056035,0.19685724605291244,0.7860899000017695
0.18441797056765605,0.16684068078765868,0.6335645079924258
0.1999096836691081,0.15993596420455597,0.5499281584904248
0.17956402926149997,0.19033930108169805,0.781555758460517
0.17856450187691583,0.1806226118399756,0.7315150013971619
0.18469974921599772,0.20521189353404326,0.8403470724398775
0.18286884791478403,0.17934240988267036,0.7072960285884411
0.1734468250967853,0.18176826785693434,0.7597041213259808
0.1804574901815549,0.1860101367697975,0.7536962673755478
0.18403989059316703,0.16776732339049083,0.6399010725931351
0.17278392552385138,0.1892584375448574,0.8059687098938721
0.17875277531591902,0.17887008956301556,0.72094035650779
0.1839137034872764,0.1729233426121376,0.6683751144223015
0.18365415768369017,0.19903675703900808,0.8115076670123414
0.17708591467381005,0.162085157098557,0.6329422489926226
0.18704105422306008,0.18250600537840808,0.7084327338124656
0.18668154444518772,0.17668162496990278,0.6785974765014773
0.18485159152373012,0.18087258252436222,0.7079873180727341
0.17992336577753187,0.18095221410768308,0.7278221677422394
0.17992700311664944,0.18700832447418214,0.7614661618376289
0.196856348096353,0.18200358908155095,0.6705579492764983
0.1995038237661609,0.1595378933005415,0.5490515982737816
0.17672351323098176,0.17727800048348943,0.7202097681089787
0.18011803334130766,0.1894341979731734,0.7741268066643722
0.18389912039941944,0.1882415747398933,0.751725045990648
0.18086666439241528,0.19155925909343927,0.7826719178405747
0.19106660371308704,0.17515420331993672,0.6550291934213321
0.1821667893159155,0.19115342709491895,0.7748581814774659
0.16865737599880665,0.17753803038617835,0.7561959839045566
0.17619291941857232,0.16981036551008877,0.6799953477441482
0.16745397666931436,0.17309198747888635,0.7350795121573409
0.1913476156809233,0.19173836332042052,0.7407375462507597
0.18980901835808983,0.18329060231426414,0.7022353493383587
0.19678230707133265,0.19991244464588664,0.7618187167179827
0.19871886734815633,0.1524244107147724,0.5154236841302259
0.17496780012672875,0.17669375516265934,0.7240975486397805
0.17016960072802514,0.1806775760095342,0.7679255016787084
0.17889230762615344,0.17520325923277857,0.6998806203250871
0.1815772657778552,0.15214559330819732,0.5625461583564322
0.183830732329506,0.18036612951075118,0.7091639567484145
0.19192878708185848,0.19231651175289002,0.7415068573959746
0.1799206099171941,0.1773279616968963,0.707689695780251
0.17916397017230865,0.17342818470927743,0.6889118643138571
0.1899897701896638,0.16388956300693286,0.5994510277750149
0.18003579338094727,0.1542547482978188,0.5790778952339808
0.18900964883401544,0.17613515132850432,0.6673476836056859
0.18244167102583464,0.2011532207638031,0.8285016241843075
0.19539128427074473,0.17122473108595815,0.6204203608078168
0.1828592884924984,0.20623189218954202,0.8543831351282506
0.1868492135283337,0.1924003869109742,0.7621139218195354
0.18847503580345218,0.19360762941550655,0.7619450968841581
0.19209084806113502,0.14955726374472803,0.5182821813199702
0.17328364159597626,0.17502877035284284,0.7215266784637221
0.19280174732641026,0.18082269277101778,0.6785347881185799
0.18058172520723242,0.17681969852305357,0.7022842337867662
0.1787399502550727,0.20670759871728395,0.8767351590601472
0.18141087953396043,0.15676966684987037,0.5885516189776419
0.1886178058421165,0.1722127736193113,0.6479386878331632
0.18603304837663295,0.1925717123684816,0.7663784129357394
0.1884560933324039,0.15695705481604544,0.5675436274028652
0.17992547716717405,0.1665714203535188,0.6478872374767074
0.18266451844915993,0.1837873738631587,0.7324212441421405
0.1810259235955783,0.1888434478530455,0.7669810218078448
0.1703254558610813,0.163698390389142,0.6675360991364393
0.17374815546311903,0.1838691209452443,0.7704779402602651
0.16812108038626675,0.18307761274842813,0.7915581582195137
0.1825701371017231,0.18501545068179584,0.7395264791117997
0.186666409389717,0.17837857950456862,0.6877433380986256
0.20050950151871072,0.1796148546100347,0.6464274941002712
0.18479839554314847,0.1803239462408259,0.7052222821404129
0.17682841132235294,0.16561781837916872,0.653841865764438
0.17805836443073686,0.1875639684731203,0.7725779629219917
0.17385882152221918,0.18489938247479074,0.7759133605857932
0.1789700004678846,0.17974209608314556,0.7249376752749533
0.1736524400463921,0.16662909349587918,0.671623695380964
0.18451521246413535,0.17734147281388957,0.6901407808781145
0.1890352283872195,0.1775045247522967,0.6745013923601403
0.19809501086673403,0.17277925214144446,0.6197998203197691
0.17195511439270192,0.18783922157545602,0.8016000109230026
0.17102557305759297,0.17748201056734791,0.7453973595189667
0.1742556466599677,0.18624968233938413,0.78189536437378
0.1736183936206233,0.16896608499889104,0.6852159066673891
0.18167506555139284,0.19483927352930794,0.7972435462715455
0.17901793467080382,0.18963787276329913,0.7800216945865189
0.20674733669899553,0.16785200115042073,0.5700291139517896
0.19504272167174241,0.19414149736587727,0.7390252562639478
0.19150442391012434,0.19209041938742685,0.741969383715709
0.18154529366973757,0.1783973925476983,0.7072471555295475
0.18708843104808812,0.19671775173105588,0.7842160571293926
0.17838814689823493,0.16925218420443963,0.6684983631365901
0.1764831459750178,0.1891863571051598,0.78866656833544
0.16958989818211262,0.18650345067712634,0.8049031937653698
0.17302166658761214,0.17657287770384547,0.7315435124406998
0.18786036043221743,0.1899566403505111,0.7450035762121799
0.17938214642413416,0.19497379856433664,0.8081841000026733
0.1833894227585528,0.18260661279856671,0.7230875739935896
0.17274706740064782,0.18025457187224447,0.754019004966078
0.18341582711386842,0.17162522196090815,0.6631119237349166
0.18146902084809965,0.1878101752758747,0.7594143321643312
0.1826554769651499,0.20095690981703157,0.8264570672897682
0.17472407812770263,0.19613129793361245,0.8363546655934151
0.17902740529868275,0.19566261588456738,0.8136330616061223
0.17795841637262458,0.182258971662615,0.7432015543770621
0.19375778092422066,0.1762447499936458,0.6515596400385106
0.1820472608558048,0.17658299347642495,0.695330393225132
0.18297348666784594,0.17632427122607727,0.6903965898370581
0.1892969204548972,0.19099014371774492,0.744809494940188
0.1719186956505795,0.1761026220816215,0.7335015054902577
0.17877598346133158,0.15892101289829833,0.6092597606761729
0.17576553216720336,0.18925000178357074,0.7922486284233707
0.19572105367268622,0.1572562055923761,0.5480054576639763
0.18309658060508294,0.1814624125364749,0.7179949079443669
0.18321560288195823,0.17124996112461302,0.6617884023924081
0.18197772360738315,0.16128016807527978,0.6115043416817691
0.17777001866280442,0.18357855003667653,0.751412139355452
0.17743008558684753,0.1790341660877835,0.7272394963965937
0.18189283756513883,0.1678031940232178,0.6476516370856579
0.17700098643379036,0.19018057135089103,0.7919762153604012
0.18290321553689481,0.17021014202944373,0.6572336176626442
0.18622607089005636,0.15283997051890016,0.5522318654277711
0.19352198154499584,0.17991438251257447,0.6713158963927209
0.16305921077499627,0.18733549422290852,0.842243094212055
0.17670063513957313,0.1959615794642618,0.8260387935163277
0.18192740916127803,0.19041421674338552,0.7718145242144837
0.18325826617715285,0.17480024430985053,0.6810074487401737
0.19848664138435887,0.17509398092820572,0.6302387911636222
0.1838812232890621,0.17576900694624464,0.6839687309918274
0.1871205881674587,0.18527723906657817,0.7229415020089364
0.18952165549926023,0.18882300639385316,0.7324915246658713
0.1838319556552689,0.16080230834760248,0.6027369286947294
0.18995403452880244,0.19528343270445045,0.7648346773199035
0.1738767237824208,0.18712085509534226,0.7886096086496737
0.1842042335669645,0.18954259083140734,0.7575427998004122
0.18082280955329944,0.18384550024373117,0.7402025251923695
0.17461179867463855,0.18277693888483845,0.7604121822961531
0.18254502478828236,0.16709267071342018,0.6414454233919851
0.18016964054487905,0.1853602105598352,0.7512931154797853
0.18430260162991907,0.19539476490099547,0.7888915490891939
0.17925707375081784,0.1999803074559733,0.8366772050762042
0.18457819266371275,0.18194558484304066,0.7148492621955365
0.18546410867954194,0.18152409618473675,0.7091619889214976
0.17173962828783157,0.16350888890506698,0.660935918149472
0.18349963359096433,0.16410330821684016,0.6218176351849604
0.17165762826117723,0.1623893854498513,0.6547299213458242
0.1710626497281974,0.16064148483457502,0.6467892611880736
0.19099484607990375,0.18519863893940366,0.707865378120426
0.18777392633083717,0.19860752896022216,0.7914172742939396
0.18329576664549782,0.1918190592894994,0.7737170469615033
0.1796577195752389,0.17776171914993638,0.7111396017493756
0.1911240290719498,0.20624573216094316,0.8175096188565778
0.1863189785729368,0.1924376092267215,0.7644825573738457
0.1726781862719683,0.16889937576769387,0.6885604854595082
0.18644303906804335,0.18327593482085242,0.7148345976714781
0.19938621044282975,0.18794324419625844,0.6918394400991489
0.1657952057817994,0.18132494481656528,0.7920913285598865
0.1742817165855572,0.17115611672422146,0.6951739924178697
0.17567030203118073,0.17649834415327104,0.7200895239015308
0.1827430123278129,0.18671527273307528,0.7481285932171735
0.19166179076569578,0.1636419665684181,0.5929296920080644
0.17624606920817637,0.1852218298752263,0.7672331671437533
0.1800738466468342,0.19263681439739033,0.7921017796500655
0.18364253745145848,0.166724123555292,0.635605046494989
0.18884796582611696,0.20552974602752477,0.8235712010301972
0.20000602406318177,0.18812786771652454,0.6906185369341177
0.17858544199848617,0.1826596296257084,0.7428356317354967
0.1861558584920667,0.17502610723388518,0.6716205885038711
0.18202137092019333,0.19852166110217803,0.8159572711233828
0.18417623016979914,0.1653538220457095,0.6263230707858467
0.1733573494687875,0.1986248546926303,0.8573322974079608
0.1909329442379463,0.1948509794928105,0.7586484358209703
0.1736045315819324,0.16236308680446038,0.6472359089971726
0.18020557000423768,0.17955668040558936,0.7189382681264667
0.178988411498944,0.15949670176959496,0.6117530227382401
0.1707768552630387,0.15992439861891597,0.6436726946962756
0.178501116067265,0.19311619425314422,0.8017663833497456
0.18109470086962523,0.2006612304268093,0.8319472060934252
0.17814042707134004,0.17593215430040082,0.7069263073562111
0.18062266362862242,0.17811799187608393,0.7093129361634641
0.1759857430932191,0.17106293758968244,0.6879133244649015
0.1763139373823421,0.1789535689976337,0.7313861338028769
0.1710474551232628,0.19531086753107768,0.8495353960476149
0.18408588416584734,0.17266120914093294,0.6663259907012997
0.18418995644003688,0.18437624144785567,0.7295524905105338
0.1797705586820589,0.1573969599070682,0.5974112818829795
0.18404893456818852,0.180475756050096,0.7089188337667657
0.17954957453470236,0.17959813010994247,0.7217958073462015
0.1820490132563986,0.17922345579254026,0.7098278286767826
0.17481271452978106,0.15299279871641092,0.5891607998505457
0.183923621707884,0.190863269211831,0.7658791617074426
0.19211849588366223,0.17051706701257544,0.6273059054426222
0.17957952853862275,0.18319956951444438,0.7417302551041988
0.18388145117652066,0.17098121121330204,0.6579304787907275
0.17210793797345564,0.18135240317602766,0.763197820639082
0.19365289624233872,0.21096165637755146,0.8311864139440641
0.18125817654403173,0.18410363440414956,0.7398487448182662
0.19156676349354587,0.17607325921800124,0.6581165590462607
0.18526252094810056,0.1840356686723466,0.7234904717176734
0.17609528301800154,0.18748730917027603,0.780755207146697
0.18249486486803443,0.17832208553955406,0.7031545004422246
0.17088077493356826,0.18448470890568988,0.7870090064723327
0.16964283072629385,0.19172045790769807,0.835404934596697
0.18014461476149568,0.18763508701190781,0.7640255424461685
0.18368963313335088,0.1741028649503503,0.6756116980224838
0.18037295829159491,0.1646578227820241,0.6356708004792255
0.1894111877246547,0.19429234181143668,0.761794187264129
0.18180126128936586,0.19612224246459414,0.8037471326011164
0.1800959031741634,0.19092582271501643,0.7825043225926844
0.17653266991078645,0.1886891246094385,0.7856286583074239
0.18882195637941904,0.18108951681404717,0.6942493305738013
0.18147951141899926,0.16341803512599562,0.6249633043376255
0.17598630396006756,0.17581683161828277,0.7149239957152088
0.19632819357396056,0.18106808389902745,0.6675968515426269
0.17428143185520062,0.18158875396433555,0.7550359930119481
0.18252109480200715,0.16672971025838718,0.6395409275021701
0.18786126390769467,0.17649565747136445,0.6733461430000698
0.18598660022274346,0.16412289310667408,0.6136081468772313
0.1825529089132673,0.17256642000417022,0.6714021744917947
0.1725707433147557,0.16762508522324893,0.6816050215922745
0.18052926137766215,0.18441598987059388,0.7445662207047943
0.1746958250580331,0.20198196330098014,0.8699805118439005
0.1904953084186075,0.20081771025859754,0.7917135152073158
0.179294256172419,0.19993086939352975,0.8362279561780727
0.18824747479983184,0.1859222317260305,0.722040132918436
0.18316805351571644,0.1701074145988349,0.6557225034251363
0.18087446233993346,0.16759571594216127,0.6501510186725707
0.17836387940282272,0.17726972698222784,0.7135398008180669
0.18246180068095313,0.19926408267343051,0.818056613035563
0.18188506085289435,0.17483762981911305,0.6863544990101176
0.1782611781210759,0.1724046833474426,0.6866592302240072
0.1830989399615847,0.1822697763399466,0.7223950961578347
0.1769324258495925,0.19584879288228102,0.8243191839028128
0.18144992576822933,0.17697272628189453,0.6997673090485586
0.18363904177846285,0.15719131508095274,0.5837065693811746
0.17447733465387302,0.18605391133114463,0.7797798585188586
0.17147620326191376,0.1900651095187854,0.8168195169614827
0.17061464855668154,0.1730287582152065,0.7210914142248104
0.18344264149776762,0.20659205030583777,0.8536294998114896
0.18839213503314428,0.1756760587688252,0.6670982243856131
0.18948437534233786,0.14681113647686259,0.5109188359301695
0.17304964723936644,0.1637664118342775,0.6574206515250104
0.17996381667706654,0.17865490785056484,0.7148931947883044
0.17805586082775388,0.17807568649214228,0.7193005941884667
0.18681817816901725,0.16628521595983556,0.6224512898023797
0.17588279413142086,0.1742076126165422,0.7061953571406956
0.1667590753158769,0.18308531195087183,0.7980693806245935
0.18262349170024758,0.19287590151086115,0.7823522602742321
0.17296156821710257,0.18150522782239628,0.7603147287455788
0.1684193170758739,0.16358298174823016,0.6744059037898862
0.1864088623415938,0.18863577553129005,0.7437188006503699
0.1848517557315682,0.18145546943518365,0.7111399559876306
0.17808628026745674,0.17649600080964145,0.710307389315252
0.18365200950589838,0.19638386527712148,0.79707194966696
0.17300950156229544,0.17597021639677746,0.7281115502862682
0.17069731729000504,0.1730792766183573,0.721038142674806
0.17264924850301902,0.190143127999441,0.8117216218116953
0.1745785244165616,0.18875655856530052,0.7948088633984192
0.19024074987792386,0.17664115543474015,0.6656888995444187
0.16636429197749425,0.15655470045911735,0.6404902109253833
0.18499395207199767,0.20333023902380978,0.8288391988303232
0.1868773635454883,0.17987006383684986,0.6949480738218882
0.19556496253225555,0.18495180650056886,0.6900612704502759
0.1748998447996098,0.18265605442385505,0.7584686800371077
0.18304331240202767,0.1800522120112482,0.7104996642849628
0.18294201408867378,0.17786463200149277,0.6989353027430624
0.18525870388064247,0.15164761445441804,0.5486792918507465
0.17302649590184663,0.17799090089126415,0.7397185051003402
0.1881132357577735,0.17292602128454293,0.6534682197632826
0.18588997912166164,0.1792093766167013,0.6950852177574138
0.16805516964777445,0.17817813648501393,0.7627146296877477
0.1861537219849065,0.1737645753863669,0.6648514682741709
0.18332158313260408,0.17502365128508213,0.6819908989911317
0.18385504047582524,0.18334273227852127,0.7252601393653619
0.1705149001763073,0.19130263635475206,0.8286820460185552
0.17358775663141837,0.16141292525009163,0.6418247888683558
0.1790691961640292,0.18194376383183586,0.736831161686648
0.1810008110824881,0.17912884008630978,0.7134158091007748
0.19098368727500326,0.20683684750349365,0.8212054638868683
0.18745395809399454,0.18369426199722044,0.7132111978674918
0.1766743965479593,0.18007394157302087,0.736235380533543
0.17878559225103002,0.17690286263806454,0.7098047501494541
0.1759402812849238,0.1710499589942524,0.6880173096814588
0.1687684138377307,0.17257438840733247,0.7262874943245401
0.17481828145983,0.16152042594320662,0.6379219896909463
0.18219059796611706,0.18819331602638162,0.7585095914339233
0.17934314847817068,0.1747836678105895,0.6957816279542897
0.18280124491721106,0.18037645264720933,0.7132142492041319
0.1820594211352525,0.1611272789875608,0.6103901588537074
0.17151738373152114,0.17861694277063456,0.749877009387927
0.16932105725682065,0.1824100448324204,0.7820057763493952
0.18368752303762304,0.1655227803775844,0.6289092392732788
0.1784515942010257,0.18647121441181114,0.7647520047261464
0.17343424139143507,0.18478962993921075,0.7771800358326889
0.19354168397063443,0.19055921717895827,0.7262477740985499
0.18075109312590512,0.1810860704213308,0.7252297518888069
0.18256813822992254,0.18479647669975025,0.7383351662927644
0.18589331072811716,0.18229065550142398,0.7116482835410304
0.17452195196299874,0.17782945567644037,0.7324548816846956
0.1817633105889758,0.19520323543810278,0.7988588839386465
0.18963794810946277,0.18814474478789872,0.728465721998631
0.16865518202330448,0.17685687853073156,0.7521670962544318
0.18657360404827322,0.1787447656896158,0.690048125223035
0.19145402965435948,0.18179580155158462,0.6883939804741716
0.16953150448452634,0.1659650686535897,0.6840325578787876
0.1763344708744957,0.17863925957501392,0.7295185050152312
0.1765857666900967,0.17489768740733444,0.7072919281570781
0.17514411240505234,0.1792097614441139,0.7377339704419696
0.17343265983288206,0.20507642203526597,0.8941592787926795
0.19778638392174752,0.1797555093815579,0.6560386352626505
0.17472260461257788,0.18105724257724412,0.7500875050932568
0.17545552719527627,0.17809687073320507,0.7300817066346246
0.179630704359756,0.2021207806373541,0.8468528873142629
0.182874789850169,0.1829609870831123,0.7270602317139964
0.18316922243676367,0.18300839852585965,0.7261503693491888
0.17271484317540886,0.18326596519441982,0.7715953229281813
0.16740472189717673,0.1852954239502219,0.8081935946425871
0.17933985566867278,0.16048458423406628,0.6160626360611363
0.1680977612640239,0.16647621167978302,0.692907572378902
0.1836773142076322,0.19882550410862077,0.8102552280375012
0.17864209231123518,0.20237414836862794,0.8529577010504193
0.18098586612467588,0.1934483679052817,0.792594311240107
0.1753708286242422,0.17513998170055786,0.7135735326237677
0.2032785989135618,0.18308880814871495,0.6547113609598766
0.17046682766417282,0.18693035171501665,0.803266850162634
0.18567992242718478,0.17678481869883084,0.6828138284501389
0.18201303508512506,0.1842243969524208,0.7374438698285858
0.18449583822072488,0.17878851218638275,0.69805646256532
0.18858550338593866,0.17475982465534856,0.6615557527771826
0.17679916635159626,0.16498779199313698,0.6503865055814998
0.16786335115210485,0.18119981569760601,0.7815870158503082
0.16684975635220728,0.18825838046362628,0.8286399901703976
0.18411748934068742,0.1860633435517426,0.7390028184664936
0.17446833629088415,0.18455498169686016,0.7712286627902609
0.18540550074642012,0.17974874961601037,0.6998106803393512
0.17886164852111605,0.19683039777614314,0.8209160487459594
0.17376883708654722,0.15748722191611952,0.6185644314497224
0.1738707460743916,0.16524900871223516,0.6628430101917502
0.18672037126632096,0.17926957214141154,0.6923163833957527
0.17988140128591923,0.16978363638806743,0.6659033981933065
0.1850443094847272,0.20268808072549452,0.8251433462107991
0.1772729922654144,0.1597930566735358,0.6193445220868887
0.19536287720671708,0.16140090441969654,0.570225551611943
0.17979382707913777,0.1870873646429316,0.7624698070562312
0.18209374519298865,0.1795358644078053,0.7113691042518738
0.17136728463834502,0.1607218356943693,0.6461083626786618
0.18954159846982502,0.18302397139110438,0.7018194025217201
0.1861317846020332,0.19380044283656803,0.7725732772832246
0.18202977820161695,0.18953231462843295,0.7665356515123937
0.17785320561755275,0.1607339842126202,0.6226144973216698
0.1830196103714525,0.18264365115730935,0.724751030166105
0.18684190135969547,0.18526823990312308,0.7239716515339553
0.19654727466842134,0.17469861301049644,0.6344459022434432
0.1856410668543419,0.19010598541808044,0.7547143947842678
0.1873091346285539,0.20045391734143378,0.8032385480814569
0.18420866303954755,0.17965982976282846,0.7038747669266344
0.1704137980921705,0.17833160615988128,0.7530587757364076
0.17343457690467476,0.17666126822755177,0.730311512779651
0.19178368471310298,0.17569385378314717,0.6553938828069642
0.1662924046664988,0.15607319732669123,0.6378715704990986
0.1782450026129525,0.16662115363538438,0.6542744645055754
0.18961614880985717,0.16633782412777703,0.6135438614167721
0.18242032793759394,0.18788221298006155,0.7558489480801235
0.1909698223945055,0.20502201612329887,0.8117618489640439
0.19183665891832744,0.17410611157783,0.6469363690840078
0.18502510248573342,0.19979975560961247,0.8096185522781317
0.1883952278911585,0.16344591560095256,0.602169794165347
0.1875323696442003,0.1725680515257665,0.6535834413990038
0.17637392408931898,0.16632132307184402,0.6595154225458905
0.16548197294645625,0.176240475339747,0.7628654232965524
0.17187752289325342,0.17960805278077835,0.7540721474166985
0.18205812676103478,0.17533029857521112,0.6884081518630405
0.17941525925742952,0.20512529795144258,0.8646159674125873
0.19589439748389942,0.15444177117007646,0.5331534362980469
0.1825975546876284,0.20466043291598834,0.8470016653868537
0.1761474085359386,0.18425816959139305,0.7621921361619175
0.17421045915884503,0.18604959729994175,0.7809496511107396
0.18739086027809534,0.19430578142039107,0.7700790807312357
0.19285453353905338,0.1705394343088691,0.6250277455077801
0.18157320495963564,0.18282586263189904,0.7315278851933396
0.19510332910196027,0.1841713049877753,0.6876935704037007
0.18667330656489858,0.1568554665347274,0.5724196378209981
0.18230831210294132,0.18262918821969,0.7274994030157015
0.17466593471478753,0.1837750414498912,0.7658908514034682
0.17012843509983172,0.171830323360879,0.7161079409764083
0.1740755660914087,0.18216804790604293,0.7592567462146884
0.17398467977941304,0.1865534737030553,0.7848591834418124
0.17932929388082838,0.1579578071469836,0.6020087672833082
0.17699496821140315,0.1676682746051579,0.6648114112747808
0.17304230110276544,0.20475072598491864,0.8942941985787399
0.17966301583208025,0.17783883214454693,0.7115478472432517
0.1849757782726135,0.17733938744724018,0.6884111456991412
0.1875269705262828,0.1497761609416743,0.5320629915881364
0.1794609084010585,0.20243350871153876,0.8493967297372695
0.1811850018818893,0.17433156919526116,0.6862133615027931
0.18763121736053823,0.16139383767581086,0.5936849914572836
0.17893693373305036,0.15951780887235395,0.6120469742470253
0.185268903209474,0.20267958277071554,0.8240971913030034
0.16848893306613624,0.16719925479222916,0.6955902245889671
0.18123069002465678,0.17752331278390893,0.7036518636361156
0.18031622207359776,0.15754476711411333,0.596423138624865
0.17555953103171737,0.17686147490147086,0.7226122908619044
0.1711056120427489,0.16976884252522897,0.6999702762251071
0.18771295850708355,0.17680550754154947,0.675528789008801
0.18343591908882453,0.19599667709803736,0.7959001586125666
0.17843096417279258,0.18891106176624006,0.7785143257518834
0.17929311614820614,0.18547499872365314,0.755606247657984
0.1750818977850737,0.17369088481515388,0.7064744349926674
0.16981246150462742,0.17889553784697712,0.7590464015708569
0.18756714199002836,0.183644909623422,0.712517705422664
0.18236476745636906,0.18815095802992582,0.7575528977272354
0.1782733031108438,0.16694353244145105,0.6559789402047476
0.177033388861961,0.19582999873061807,0.8237429089962613
0.19010229019385189,0.19201725834464295,0.7470570617525152
0.18256196856459864,0.2020782774270214,0.8330227737066127
0.18352191164431925,0.17327578691765824,0.6717224434571987
0.1882243291183828,0.16652824730111432,0.6190923768830353
0.174667778727782,0.17306255715110327,0.7045521391950318
0.1996787397263518,0.16861155517910875,0.5940119380844403
0.18483283252665297,0.18050740274302293,0.7060834428547953
0.17015078614529874,0.18162080217076224,0.7735538880106367
0.17845671721216738,0.19323253405119506,0.8026177791946366
0.18670308456363235,0.17187197537963536,0.652758231951432
0.1884699291990445,0.15771387185655933,0.5715175482599237
0.19127411632357688,0.17473298551216246,0.6521163862085378
0.17682534545343503,0.18857142982271852,0.7836627123073245
0.18110867057311225,0.16635584848645557,0.6424642625792096
0.18386722199705902,0.1816245253458876,0.7158672650636607
0.18614843590258634,0.17405513229914182,0.6664312364357513
0.18000087427811431,0.15861810031603274,0.6034309597197286
0.18197133198188817,0.19685129957319944,0.8070023886389737
0.1787621196568827,0.17053962882261717,0.6743018546321883
0.20047558649473107,0.15174962865453004,0.5075412444657157
0.18527265887689331,0.19022179810536016,0.756840210289918
0.1743795154248097,0.14844744717736624,0.5645585545844435
0.1814803977207163,0.1655278979124789,0.63658609614834
0.17552996612280272,0.18574051533582633,0.7733181879660407
0.18125181453558872,0.1792704259583361,0.7132090031184427
0.17494131376216646,0.1641865338469964,0.6527133665077738
0.18367639795284266,0.15206669234497788,0.5556875759899355
0.17671792139609518,0.18794020546594492,0.7805671568350221
0.17927861841389833,0.17317925827137573,0.6870828175783533
0.17492219412315138,0.19311959587628025,0.8181900335386774
0.1872872204126946,0.18548255117663476,0.7233945320887017
0.1792500232736785,0.16130147382598728,0.6209286436524053
0.18067461186470263,0.18914948041086788,0.7701662063902446
0.17637587148301462,0.1777935766736192,0.7245524889492948
0.17961307429953974,0.17211218592030678,0.6798624565417825
0.18258240006000842,0.18291434481410884,0.7279690965307969
0.1820339248459417,0.15664800134694823,0.5858688232822875
0.18117713243089165,0.2028648207590734,0.8437313181197537
0.17053576699060924,0.1837927496816938,0.7845436300120037
0.18473934219294783,0.19318956267224185,0.7750897073276898
0.18931909478097503,0.20163978969816115,0.8009746184007197
0.19406665484583435,0.19831678485843038,0.764256924901666
0.18654438575524881,0.17515635333443574,0.6709199680693914
0.19368863572727354,0.20441021452288094,0.7972084368455193
0.17380854323309536,0.18752881055113763,0.7912661138106265
0.1883246624419117,0.18037803568579808,0.6923046296499423
0.1829623023681458,0.1555227242178182,0.5767457167514851
0.17107197310227246,0.1777796619982322,0.7469351038690676
0.1848560036557478,0.18373871168704206,0.723475078126756
0.1818879518368667,0.20008641867529586,0.8251586603707909
0.18118798883764373,0.1927380490034184,0.7877897973210631
0.18343703841183048,0.19013350151217703,0.7639324245824682
0.19033627147502094,0.18828711870383205,0.7265410719258538
0.18345212595744048,0.17510298445302103,0.6819380467798122
0.18142188559717073,0.17105228354891,0.6672418994569077
0.18757643028817125,0.17152191373209058,0.6478527901687756
0.17752427162517861,0.18582587500222056,0.7651115746527366
0.16597246398672394,0.17937889952135305,0.7795202674806468
0.16862844056365703,0.17986277980877155,0.770111965542067
0.17257313819004802,0.17113765248820081,0.7019496415183496
0.1907875626191863,0.1765701218222842,0.6634086629374228
0.18008448758712442,0.1759915067358996,0.6996244286446117
0.16483344946929987,0.17915974777954408,0.7835772908677738
0.18737908460336758,0.17407994454461279,0.6621867366214191
0.17883571523414682,0.17634690770347453,0.7064970637327699
0.17766405165000698,0.15977779400309794,0.61789536478295
0.18398418420596563,0.16086592046416814,0.6025839717834471
0.1979527133198143,0.16216917531689012,0.5666463138379343
0.18839646080998262,0.19124412719930703,0.7497175190661696
0.17322139554464708,0.18251146520086886,0.7649832446172309
0.18239812664748564,0.18344200608828132,0.731597459584549
0.1830440883892389,0.20331302147349492,0.8375742850950663
0.17305313751718773,0.155842304434338,0.611617367664459
0.17022629809579634,0.18531852161546386,0.7949331162645162
0.16373614302582679,0.18234916033708218,0.8083075482986439
0.176422755943606,0.20190993823457595,0.8610563723601186
0.1832909490626076,0.17772852703125985,0.6968621619588592
0.16628224297680974,0.16289123395643343,0.6789133459799288
0.1880111753224907,0.1790764317997647,0.6865359549950327
0.1770597185642428,0.1725389857145973,0.6920771517556452
0.18522904332750917,0.1820606994716158,0.7129589242552812
0.1861099537701648,0.19757482601589813,0.7929442946299617
0.1722740335386229,0.17914873880626078,0.749670371985029
0.18577731701436576,0.19435136066189163,0.777012839789958
0.18776473961822782,0.15012438093611327,0.5332437876232295
0.18354227142193735,0.17195749478605654,0.6644654326288343
0.177571759561995,0.18299220994281987,0.7489491024409698
0.17079073826748123,0.17908720523401472,0.7558208749695012
0.18415728039136312,0.1808813062717875,0.7107039482427423
0.16983527067813714,0.1798071896269163,0.7643123192762477
0.17968593312376613,0.20403417868211246,0.8572411652058207
0.1845632959575806,0.16345928281739774,0.6147445635316073
0.17233345979947526,0.18294622485578516,0.7714475471593241
0.1758793065350702,0.1800171844283524,0.7392409430635724
0.18209183184548308,0.1666239702670434,0.6404678841717981
0.17846155801645275,0.17965209548446,0.7264987312982389
0.176592309150851,0.1645930024668755,0.6489127585334782
0.18209204053594466,0.1822104314963376,0.7260637593340576
0.17456814784032357,0.18801186563354993,0.7905901926609691
0.17632024726123635,0.1753760092335265,0.7110698356029934
0.18485844863226536,0.17116478987771416,0.6554463200042562
0.1924683173376837,0.1800698804912511,0.6757989174033503
0.1823704187098435,0.18699120595556845,0.75117010162446
0.17550767015322177,0.1974901320122688,0.8403628849013088
0.18441895958665588,0.18932679668835356,0.7554906339382413
0.18183721952088644,0.16037210067165797,0.6069829981038631
0.18845576838791056,0.17029082003512705,0.6382973631644151
0.17938658593422413,0.16854673956837443,0.6608450623606945
0.1858168539314708,0.18124007191789704,0.7062872346676279
0.18128155019656164,0.19389574385035005,0.7937693808019923
0.17786025095104194,0.16911371622325294,0.6697039703156629
0.177268862116908,0.2067107003599026,0.8840283538151928
0.18243346535896598,0.18878352522656724,0.7607350162070826
0.19068677000493106,0.17486383905341066,0.6548112333654912
0.19105987733600638,0.1863712543028596,0.7137618646275539
0.189201194487954,0.1793488575853925,0.6836577217995726
0.1968460068354155,0.17510984555888134,0.6355721793406084
0.176095276522725,0.1595538883140042,0.6221284890618081
0.18727251341747117,0.17206211708996766,0.6517887481857235
0.18020186073484223,0.17589102756096198,0.6986111411258076
0.17931335875575052,0.18400806582866927,0.7473401131881462
0.1865480248518032,0.17372692741750964,0.6632443710717406
0.18267862146984765,0.15011870430813046,0.5480592282915586
0.17971546755821513,0.1789989931863146,0.7177957186380076
0.1728038946051973,0.17539182922524824,0.725630805438322
0.18936532412689636,0.1684161332493518,0.6253316640484796
0.17394999834719888,0.17428533217609532,0.7144888379247099
0.19133104679989385,0.18446481805947512,0.7027861933986436
0.1826719422834408,0.19210840358866477,0.7779432452092939
0.18136924392100431,0.1852453504055536,0.7456906556023353
0.17477921816404812,0.17845800817880578,0.7349730106827392
0.18880931818447708,0.1701752470921266,0.6364900220375183
0.18042354500780527,0.1951410657404562,0.8044463694257714
0.17866810364861785,0.17579317941787417,0.7040606400864281
0.17357790148452223,0.1761337356269912,0.7266693199320561
0.1883066564196073,0.18611569275406745,0.7228405800523495
0.1751535139179047,0.1621032271859918,0.6400284223731595
0.18052938756403816,0.16630155803652782,0.6442250738554842
0.18492585734532482,0.18385571188493383,0.723834480512781
0.18116095847477662,0.1711609897233155,0.668802984613183
0.17422351595886232,0.18861440013866115,0.7956124600963215
0.17456067111270007,0.16713642055228256,0.6710355763736541
0.17205942217147904,0.17406901769483557,0.7210823803138491
0.18984662045117437,0.19567466902698738,0.7673282183311378
0.18412066469383756,0.18121684920637596,0.7126676922689151
0.17295119013391871,0.18951834952218155,0.8066920465488002
0.19158570874929454,0.18819544065910393,0.7213243699713735
0.19136952877292085,0.16254319897591707,0.5880936202202852
0.18673497654986948,0.1713775017814578,0.6499987523710787
0.18210370418722976,0.18605549434822374,0.7471319430621707
0.19099788117210725,0.18274583413416054,0.6950120771996623
0.1811641687951658,0.1791554129550761,0.7129191926528602
0.16973543142091782,0.1726965354245428,0.722869317251
0.19652719523247167,0.19823367842282022,0.7542654758160816
0.19013670777900382,0.1653398182874109,0.6066152066831332
0.18298875255066172,0.1689886506424432,0.6502511710904219
0.18411246398781958,0.1844303377668283,0.7301533793807781
0.1845613015735202,0.19164066670298108,0.7674451008710425
0.174383040792629,0.1998587830327455,0.8593655802283722
0.1883852719217378,0.16268468827827862,0.5981608176094149
0.18695730521813014,0.1660878530048032,0.6209324255575844
0.17963707340819204,0.18656869966293424,0.760247854587383
0.18804344385681254,0.1563875292135654,0.5657603744726947
0.1730234298428534,0.17686719133974957,0.7332370619110675
0.1859401156559273,0.18459014174157723,0.7238359579738535
0.17476977175290265,0.1725545269556263,0.7012341191868087
0.17565067667518175,0.18809344248267282,0.7861822402087248
0.1885066527124875,0.18738550806666926,0.7288098647436662
0.18567460435834976,0.18699713617469393,0.737834539344385
0.1702256661360872,0.18915392889868737,0.8174673776129655
0.18201441256412795,0.18076802013023485,0.7184487112203942
0.1753788156643585,0.19232042883871805,0.811502964594607
0.18615009260059073,0.19633477737811536,0.7861117624695233
0.1742688466404317,0.18154468309281055,0.7548376294945373
0.18505820277785676,0.18104779537507548,0.7081436726821821
0.1694431132589021,0.17698782149357545,0.7494422113192839
0.17862355924104648,0.1900324404245301,0.7839528056630036
0.17634846491715095,0.1601811097684616,0.6247919981624167
0.1665639834782703,0.1749826457053368,0.7503581692475664
0.18457476153265379,0.1630043718882681,0.6122417331054013
0.1839743483121193,0.17053697781488678,0.6551836107629054
0.1921426252980696,0.17789092722994043,0.6656041418792112
0.175349404626493,0.19781469357633977,0.8429723151395684
0.19376470003420576,0.1820360754169741,0.681424817800484
0.1922418898742803,0.1744819296856913,0.6475276006030646
0.1908195747491115,0.18609305811527813,0.713202816294987
0.179293969324148,0.17613051582650618,0.7034844300784769
0.1952294378971898,0.17988866055780645,0.6653128849666996
0.18110377372438854,0.1923235704892202,0.7858675032681222
0.18821834370710733,0.174156520747233,0.6596409165115011
0.17480664126252052,0.17322041036834535,0.7048954746707582
0.18337458092057177,0.19595469617857877,0.7959374491593175
0.17633943427639673,0.18761201070552266,0.7803813779385715
0.17892626771847717,0.18885257149121779,0.7760323470765544
0.179505873497716,0.19145261411425413,0.7880110625798211
0.17786403914357216,0.1920094841869785,0.7984159410230655
0.1867000705602881,0.18037202888231,0.69829662351526
0.17395540758536898,0.1939724833205795,0.8276401712313812
0.17780526449579626,0.1944379819423943,0.8123380505744766
0.1739143822427845,0.17205712138315576,0.7018230453923242
0.1778499415560181,0.18910771921767722,0.7821634238426889
0.18254099059142087,0.1901161607966752,0.7675873804711371
0.19197469806628556,0.17605211379195843,0.6566079543900873
0.18635629487316624,0.1668870981351771,0.627223771618395
0.19301775015742928,0.19522786897697536,0.7524068064130087
0.18244394767396996,0.1933572529846261,0.7857605298083532
0.18451161898417806,0.18955497860256687,0.7563479165750194
0.18669184201330932,0.1705581608149249,0.6457601977398147
0.17848171588672654,0.17108440620293522,0.6784135035982143
0.1844831733680359,0.17065300609086134,0.6540054785926944
0.17800296572115368,0.18525699736750018,0.7598581114619395
0.17700744103127733,0.14563175649457794,0.5402696967845535
0.17548129259783593,0.16665487166160048,0.6647709846139981
0.18014313360938122,0.17703569669121957,0.7051931103112774
0.19390637232979105,0.18704560121810182,0.7067617199553305
0.1797801773471034,0.17658209647931009,0.704093734621903
0.18163767807608802,0.19560125503164533,0.8016027102628617
0.18393997296908574,0.1912017623261207,0.7676513160619637
0.17657208991277817,0.1760260090486946,0.7137368601739269
0.19252322529432903,0.18481191415467305,0.7002371477445015
0.1922114183620198,0.17611785109369,0.6561413061119702
0.1815462884750912,0.17578461176689392,0.6928514640724921
0.17884040674392682,0.18349047130698487,0.7464223199744989
0.18357165657308602,0.1768322226966212,0.6909139736728641
0.18509024202269272,0.20740684622142422,0.8504329806977375
0.1756507922509639,0.1833058282008874,0.7589252885943408
0.17858437271029123,0.21271322282457378,0.9111280027202355
0.17977571180772864,0.1778719594609286,0.7112860695981477
0.17908886048254016,0.19126671347419702,0.7888079308426302
0.16857406936094016,0.17667002838667084,0.7514206002552681
0.1822531939977574,0.16939041735943364,0.6550799727597789
0.1788531557543023,0.1960437081500813,0.81655650711977
0.1846098003128684,0.19982784781423968,0.8115920582781531
0.1824047864238125,0.16470984393091664,0.6288751856784695
0.1867543396271936,0.18345728492142943,0.7146141031466372
0.17977753779253972,0.1758584427622198,0.7000787990959045
0.16977428429085606,0.17345072369159736,0.7271461882890491
0.2106193042497571,0.1570258856343646,0.5081485100124102
0.18257632636195975,0.1890675503682313,0.7616954133063683
0.16914086307032006,0.17565136607984846,0.7428800101818629
0.17568861278860387,0.18705386437074417,0.7800953186172248
0.17618406434605374,0.1725131955305583,0.6953704694308944
0.1821930082126325,0.19162774823402112,0.7773500729991308
0.18428745601805813,0.1724944723558909,0.6646924050212502
0.18020022372964012,0.18892273165896661,0.7709354005431016
0.1807704481507152,0.19505311220002589,0.8024160679133217
0.1820461123772187,0.1891130466563135,0.7641637870742147
0.17613837333909305,0.18911547751581761,0.7898078929569722
0.17582296599700203,0.16468523179703984,0.6522767440915275
0.18877824244468075,0.17146113256229847,0.6434064169121144
0.18168607635673992,0.20342351096269096,0.8444428656241356
0.18141454409912197,0.18352446718462814,0.7360185361526059
0.18778034245644767,0.16578137271186635,0.6165787706917181
0.19982864395726416,0.20045956584247115,0.7529429358217975
0.1861788193544654,0.19052923856894818,0.7548078726473977
0.17334790636893943,0.2042529929387486,0.8898462990977763
0.1765955004754282,0.17297572880189674,0.6963695477564434
0.1865809697894835,0.1661221468854176,0.6223686532256557
0.16844187958514292,0.18452426264928848,0.7986390497458798
0.19830997106148682,0.1864528760593133,0.6880787452538405
0.18067130460466585,0.17232365180399883,0.6770508026809245
0.17220528941907,0.19229518668726484,0.8263113587700696
0.1831714701349325,0.1732780454561647,0.6730199051487246
0.19062349068236362,0.18058699432846467,0.6850519516823983
0.18458189290194893,0.1702060627962756,0.651234316142428
0.1749256683523417,0.15567591439139494,0.6041189688556092
0.18766346479461535,0.18204862170116654,0.7036458686600752
0.17708219820875273,0.16884761668912418,0.6711437845887879
0.1875559931530244,0.18923689801137675,0.7423750938087872
0.17606958637699943,0.18611512535174982,0.773075737568331
0.19024563487397878,0.19338321758446145,0.7536741522581601
0.1822230057481772,0.16598126694054072,0.6364798257187176
0.17410134980419853,0.15479037190542821,0.6018929320380326
0.1909905455993499,0.18557512726411934,0.7098525575633564
0.1897056764054241,0.1864599012646842,0.7193242914516317
0.17834583826635883,0.16331903313928997,0.6353892764800512
0.18317905839381168,0.16060762087250954,0.603822412028766
0.19130909549659764,0.16391912800215622,0.5954715728828598
0.17671218606881223,0.19084229078708145,0.7970151573600988
0.17924890069725655,0.17862143884789494,0.717557755431543
0.1830151720858873,0.1809891282149773,0.7157282465822307
0.18886004113654062,0.18957868451388674,0.7390588484144995
0.1797469079023623,0.18484041487847577,0.750168202902942
0.17736514956181715,0.1715484410796725,0.6853005868399709
0.18200305797278477,0.17494027665720585,0.6864735024171318
0.18138503050596308,0.18464762707303378,0.7423304265927679
0.16745680756931716,0.17836196951784652,0.7665377799867126
0.18585151000820507,0.19296271763190326,0.7692308640677263
0.19499627030754568,0.17953334944201751,0.6642862924389227
0.16618427893953786,0.18099603699515684,0.7882576970040384
0.1745036249374128,0.1755861162522999,0.7196762605782109
0.18395662009899313,0.16549027207518438,0.6278125354392533
0.1817874091876692,0.18101494551451414,0.7207041791286005
0.1765491918756719,0.1919735299205564,0.8041584807736526
0.18301178945654573,0.1810098630905811,0.7158547735072994
0.19982262796818737,0.1821654291417353,0.6614137271919805
0.1775787901576663,0.2083690159739149,0.8918239381702303
0.17669059675201865,0.179794170415572,0.7345844815824312
0.17424875392509417,0.1752920735712436,0.7190414321419136
0.17303530491963048,0.15808947098160717,0.6246671512025327
0.18908472008353927,0.1648299876723747,0.6072938501939332
0.18357653445887492,0.17008719510861112,0.6541532961311742
0.181732096342347,0.19254630630999853,0.7843760633315413
0.18218887025758998,0.18881284743456514,0.7619172743005809
0.18977723721795847,0.16575406813443752,0.6099470612563213
0.18338412439346613,0.18251350226765203,0.7226007306026835
0.18185314354129953,0.20650694041559736,0.8606226835999349
0.17104824465562066,0.1645021888424931,0.6694145799217387
0.1856065646431343,0.2172020680770634,0.9008413490036992
0.17997071748233293,0.17075178846102304,0.6709524202062305
0.1874203149565243,0.21203523391221601,0.8645553388905742
0.1726878387393495,0.16316709472289137,0.655327529425525
0.17895869410869916,0.17868271524831347,0.7190637811100244
0.17949738834031376,0.17117644373213994,0.6750875032365283
0.17858299108733663,0.175923029053323,0.7051233059017356
0.18548735920359197,0.16364308533202024,0.612672938037168
0.16951452312672396,0.1696564478617367,0.7058772644057473
0.1866651432181081,0.1865570815764062,0.7315617646774397
0.1897199362973145,0.17057035119231423,0.6355175610188147
0.19301644449438377,0.18318469456538433,0.6900173449690689
0.18618768833500776,0.170760219807085,0.6485940122410294
0.17439186903214532,0.19938449997875926,0.8566024368442515
0.1795941451990941,0.17780937460215893,0.7116566882537972
0.18653460631451213,0.18475529084087225,0.7224144275602359
0.18024412249971303,0.20096490975445286,0.8375580166542919
0.17768205474582077,0.18655701260365817,0.7685470139289353
0.18065966887393897,0.1826615777717938,0.7343176183078394
0.17956048228935226,0.16002288106107726,0.6127343815204349
0.1832223561225874,0.1772943385193497,0.6947533107487259
0.18386452406687012,0.17662895241855828,0.6887079117693432
0.19172178674564744,0.18431384053603056,0.7005663926667939
0.17916396195904483,0.19387056189181423,0.8030106072598555
0.1875217331698755,0.17233278688184622,0.6523659141472697
0.17261558758845114,0.19668031444522252,0.8497512680890481
0.18446631727112145,0.19304802032438717,0.7754695948862076
0.19223357220707757,0.18346434691996585,0.6942821973687071
0.18733602738801733,0.1851142584163179,0.7212401175587237
0.17537389544067483,0.1783226092351861,0.7317087238824256
0.18437322345349202,0.17421820343606564,0.673732340897102
0.1768552962408744,0.17328398770413977,0.6970895999418006
0.18408900415813453,0.17578682809841772,0.6832935441943367
0.17692992009277567,0.17896398874254382,0.7288986999763509
0.17704044299147245,0.1751267367413944,0.7067692253087133
0.17723930801265417,0.1976124039907028,0.8328423623734972
0.19036297817797448,0.17540236999935585,0.658753982521299
0.17734866927633341,0.18113463895462772,0.7394171012938477
0.1979304206142455,0.17720911700480882,0.642696138420944
0.19106754085092734,0.19682892297242782,0.7684660739261051
0.17717301982152317,0.1917224811370558,0.7999100612487231
0.18180970096935598,0.18923852999725888,0.7658476376941379
0.18156236375113313,0.15635581434236734,0.5857811726231371
0.18411229712001148,0.182965927767461,0.7222001454948374
0.17117480772387045,0.1920750431820791,0.8299997240906298
0.18812373336058658,0.17690224699405457,0.6745679810149972
0.170839872043825,0.1759304532345673,0.7371256588290044
0.17622518834462786,0.18055238532214543,0.7408270437869289
0.18628550899462068,0.18084901917679963,0.7024111530896272
0.17337887350238163,0.1831372599964254,0.7678978257670854
0.18369968611380774,0.1826176233181378,0.7219262380011745
0.17583831533838484,0.1861962265768387,0.7745537502150284
0.18217399867671866,0.16968400448556942,0.6569763267806269
0.17896811294190892,0.18298093284515224,0.7430426049601158
0.16961453881512845,0.18605853328023153,0.8021631531747918
0.17655554578661992,0.18739615105380011,0.7782035417899206
0.1972393327658279,0.1470560956697478,0.4920727235727243
0.17681213066658044,0.1854092540757905,0.7658369002471641
0.18488447366611965,0.1862272297543435,0.7368235258107957
0.19018478828848098,0.19594726033160337,0.7673971280511872
0.19144512839217842,0.15644774407083023,0.5560222135962128
0.18872422004530134,0.1539339124276925,0.5507184631773506
0.18370064898882102,0.19214273931753126,0.7737737460371261
0.181124220637101,0.18599247631334376,0.7508243559861448
0.17771526501336213,0.19234267254216142,0.8009591777693318
0.18633318038938435,0.17041634183975096,0.6462420787758488
0.16677285619956012,0.18557453929739354,0.812929288295964
0.17597431198338773,0.19067457017472697,0.7994040072621899
0.18193559245531749,0.1600449669737629,0.6048567269803977
0.1735150968376497,0.1972059242341934,0.8483753109501898
0.19044761687544354,0.18023711068880116,0.6838474160271524
0.17000674895244625,0.1850285132849118,0.7942538406088898
0.17811298916130036,0.19403172346318343,0.8086536761939765
0.20546742210349336,0.17508436039011951,0.6087795286939204
0.18826574540386304,0.17244731044774292,0.6503961205745207
0.17943044419431844,0.19108974640532206,0.7863199973607912
0.17383507459423758,0.164631967176876,0.6594294473911418
0.16701548788700837,0.17586255767660958,0.7535981199645381
0.18833458867364095,0.17783219295300132,0.6787504826026284
0.18327375331448875,0.1873485631661701,0.7494175280542584
0.17766690021019058,0.18093124110128542,0.7369478554890411
0.16349399484202307,0.17852989816861825,0.7861444592678217
0.18152192060073277,0.1815834448196094,0.7248901090520865
0.1829414522508895,0.18644721170181194,0.7458518013439926
0.17837155693907772,0.19725718736091033,0.8255642877592058
0.19456453300269713,0.17472527451214329,0.6410483585434057
0.17782791396156347,0.18440647951946645,0.7558232930096546
0.1916891725049677,0.18682305028622825,0.7137755800092592
0.193784308898731,0.19885778317725453,0.76816221098193
0.1818737238425851,0.15931348666163486,0.6010405700839314
0.16250550667128266,0.1648348114587328,0.7066518163659616
0.1760144390341547,0.1834339797736639,0.7580854190477618
0.1833368293049978,0.163875624386046,0.6211279251295622
0.1922723943026224,0.1788164723989412,0.669968628966016
0.19822368249258143,0.19469961202981748,0.7299814543362289
0.18519918462804946,0.15505631616697083,0.5672612240597276
0.18433787674842642,0.18566239722297875,0.7359442324928309
0.1828961470250195,0.16315890001123112,0.6187057619959124
0.19472962540773212,0.20500263076868575,0.7959889536280651
0.187615848347994,0.15723270858522453,0.5715546395970076
0.17541508438240033,0.18036235633640252,0.7431650293666648
0.1775038463296046,0.17235051958107084,0.6892837654564383
0.17622109315514833,0.1776610240975631,0.724436682418988
0.17435033238495587,0.17402158468984835,0.7113355219536694
0.18631020682829022,0.15768991427444165,0.5780140342696968
0.19841288544278252,0.16925949756644662,0.6010673011498449
0.18674700171375308,0.16732425413025742,0.6282524113029281
0.17462336766475908,0.18066852026504335,0.7482877120769998
0.1727713779573109,0.18524876151667338,0.782819255803419
0.17591804783790413,0.16905023175515313,0.6767368852617633
0.1802059174622814,0.17427489523732276,0.6896271609023856
0.1837767068440955,0.17982741323922938,0.7064410689944874
0.1808777927734141,0.18284821423443703,0.7344639283654695
0.17244036728477755,0.1810570412286975,0.7600136980238662
0.1816575245927504,0.1759324287733265,0.6932409161450845
0.16440256879071635,0.17632295453188576,0.7683757952267415
0.17791513908129095,0.19043249542957774,0.7893229106569337
0.17998101777242595,0.17081061365584205,0.6712408627925365
0.17964984976395798,0.1840058842941663,0.7459281734453812
0.19045124015906575,0.18192932144695115,0.692719676368414
0.1715909587281951,0.17591279986929723,0.7337962372991145
0.17250333096363643,0.18622903619182107,0.7897182937327631
0.17192219920939664,0.19012092316753085,0.8150251905332324
0.19088277430605965,0.19495685525802972,0.7594024960345936
0.17243209309721175,0.18026934028652886,0.7554819868311123
0.1854893175439105,0.17983968250056862,0.6999846903303848
0.1794137958522268,0.17086005076866878,0.6736385582534272
0.1805657027355624,0.17505739287235525,0.6925866373167289
0.19563097476943886,0.19634586716501648,0.7480710421112637
0.1904375228370534,0.2073719999562592,0.8263707572530942
0.18024900473868627,0.17536759627618714,0.6955244854635245
0.17786335915364293,0.18665109252776738,0.7682925430961002
0.18956668189495304,0.1867837414329005,0.7215600339974204
0.1945835370982504,0.18366701622346499,0.6869389785836454
0.18779684430033664,0.20434510199714198,0.8218727134216562
0.18069622878218716,0.15059410017982597,0.5567028202956188
0.17217410922548645,0.16708007121032467,0.6800097397744727
0.19675085879708998,0.1938961026072768,0.7313620051624653
0.1761300016162297,0.18514235312471206,0.7672875256038107
0.17758071907521278,0.1746463568338557,0.7019137971902389
0.1807887396123844,0.15644537115422652,0.5887831918207299
0.17642199236435824,0.16955162685546582,0.6776458266527224
0.19010108804511888,0.15411669844699966,0.5476912284809671
0.1849158587198326,0.1765766368256904,0.6845093638911067
0.17089110116285575,0.17751972872178426,0.7462046171746564
0.18089705051889093,0.1860179108242087,0.751907841692557
0.17953749318703074,0.17465290314025875,0.6943001204233329
0.18602240225285332,0.15175870281450154,0.5470239153034091
0.18821687926780906,0.17673360016842077,0.6733381228157265
0.190092940736738,0.17734161725990766,0.6698913529685703
0.1786039532852764,0.18395397542378608,0.750005657544585
0.18384292527418186,0.16846089697344344,0.6443592909369332
0.1652210804393898,0.17893940458011712,0.7804052862819623
0.1901168490545211,0.18214879492475808,0.6950924948627824
0.18125841400528894,0.18358187241316412,0.7369692223460937
0.18433586470006877,0.17971087182891418,0.7036659525804464
0.17944068683759498,0.1615764763525648,0.6218014337715307
0.17257219592835848,0.19450304568167057,0.8373483625465336
0.18329938870231646,0.18017245511624788,0.7101630618509684
0.1789650021251719,0.18951723532978404,0.7795783179562825
0.18449177026511318,0.19140065344765866,0.7664333929067246
0.17987778789686448,0.17933348211022643,0.7190075196187183
0.17533043924746605,0.17369859365878085,0.705516932426031
0.18349029039755368,0.18506639734846883,0.7360956105951508
0.17659793479819355,0.19246954619889897,0.8067452564590031
0.18341389049737702,0.1874607166125306,0.7494564137959684
0.1764139764834303,0.17482304988238104,0.707557600426886
0.17468630875486466,0.16998847069978157,0.6868796504719786
0.19305433016271611,0.19977143870549666,0.7757994269243356
0.1803360724330664,0.17601969534662779,0.6988047019455926
0.17489333987851952,0.17492897032073837,0.7143151958074202
0.18167324480118482,0.18278828122345375,0.7309182007993054
0.17810891355719283,0.15651352343902158,0.5980246654237148
0.18908944296616867,0.20049215136852302,0.7958781252290675
0.19264889652454453,0.1851104512097888,0.7013300031675759
0.17790608503472533,0.1995664752332134,0.8407046628226327
0.17861920078803056,0.1788307702744059,0.721259359050043
0.18562446039545025,0.1864624750171478,0.7351535176260239
0.18843165605342949,0.17774087864817337,0.6779162340533303
0.17362430181298316,0.17709953367615403,0.7320376948905308
0.1770852625726522,0.201139211908872,0.8534827218999355
0.18132062413266578,0.18594171532574708,0.749731123946956
0.18429140618424425,0.1672625377029115,0.6362886915393058
0.16952907152789942,0.16536273127870368,0.6804893711679322
0.18707352172506955,0.20795523335070834,0.8443484245880901
0.17926078194052833,0.17759407344651923,0.7117790744037362
0.17975323269741045,0.1757769714435296,0.6997202195259411
0.18662744748328336,0.17295045046722138,0.6588015435309125
0.18614452457537592,0.18363979236408084,0.7179356613842585
0.16813517626519578,0.169581238148344,0.7112208212737782
0.19545260170738182,0.17002212654105542,0.6140728007332656
0.18329530797182567,0.18207224070237052,0.7205434888855493
0.18709575551910243,0.16883493662232998,0.6351557056578815
0.19997127608128037,0.1681577105939284,0.5908734139692241
0.18563660653590938,0.16951835628419357,0.64382967623939
0.1881120146385124,0.16315376415183613,0.6015233230545074
0.17459337358281662,0.17415977148796757,0.7111367913918774
0.17801378462240333,0.1664261965673915,0.6540291068714185
0.18487246771960816,0.1884711548668829,0.7490090686564476
0.1777921271575993,0.19513040807549392,0.8162926581492936
0.17646069502214895,0.17519224954291931,0.7094625209721941
0.17825415427970595,0.18789987444426118,0.7736138044102847
0.18236641069168677,0.1926092717456237,0.7819930830723127
0.18138552366002925,0.16267035901066967,0.621165111400222
0.18078515471132592,0.1966857985218523,0.8113818789826921
0.1753808066513113,0.1786645427663394,0.7336295528743216
0.18373172616693625,0.18457694602080968,0.7324643861372901
0.18319914168631907,0.15389173385540517,0.5670972740324993
0.2112683822708653,0.1750645353498726,0.5919699578592337
0.18350466052550368,0.17255516172813923,0.6678585785079086
0.18707235738939723,0.19998954772809638,0.801772906597249
0.17605246871039362,0.16912414183140662,0.6766399966101349
0.18017179717851362,0.16526097931990227,0.6397281990016566
0.19535665974092048,0.1822463717187465,0.6769483666138126
0.17842412436758087,0.14684332731905525,0.5427703661840214
0.17602917661523318,0.1619815252084629,0.636153206881343
0.1748777641190141,0.19009562284878562,0.8011059813953404
0.18521317186945174,0.1825324599020775,0.7155671411723005
0.18593865990741715,0.177920653154177,0.6879723303258797
0.17787312512974288,0.18104982963232538,0.7367601459564843
0.18529039618082957,0.19449941999526388,0.7798538023214288
0.18506730618775774,0.16597714093972016,0.626675469205009
0.18114710761192238,0.18801606080526986,0.7619004389567531
0.19643917454396498,0.19602469364341538,0.743358314258919
0.17965924291214597,0.18915837642859848,0.7745684228261355
0.1794712748660643,0.16670620541461292,0.6502779093852671
0.1785515322182308,0.18590070772182785,0.7611287678882872
0.1865540264314298,0.1861910465763888,0.7300354175225883
0.20841456849407392,0.19352686328085728,0.6886604152383826
0.17419968899162253,0.17515715962009767,0.7184694780144907
0.19042610790435305,0.18598655130858024,0.7141171596957879
0.17939292806195262,0.18403205061338754,0.7471423319825634
0.17134084837610344,0.1869330392183916,0.7991850193120054
0.19000949371344766,0.1973337299934204,0.775401939734725
0.16772653378362298,0.20261024147216447,0.9098753669412889
0.17210380132450032,0.16587915773693607,0.6733096935984979
0.17531604468030196,0.16499067434095793,0.6559050231292263
0.18553531740115684,0.21069742918698628,0.866128516327341
0.18534726667329735,0.193698166055066,0.7752915305104328
0.187458083511168,0.1732910694803535,0.6576994022933575
0.19837291977835564,0.18450925910629737,0.6780626068144084
0.1698055562336167,0.1714614867725798,0.7152974818178173
0.1813482807822815,0.18472439251456185,0.7429041617235173
0.1802684666826131,0.1717323615917131,0.6752837245020745
0.17274131954786384,0.17504970902061956,0.7239131283003214
0.17984589372534734,0.15507802790774075,0.584267039581183
0.18809855818006724,0.17001114123405536,0.6380226536301696
0.17881314101852908,0.17992706858161434,0.72660805487529
0.17006257380993822,0.1843260781394853,0.789862667194535
0.18036114471322426,0.1979166086234587,0.8201134942819716
0.1974870136982418,0.19020266773008906,0.7099336057828964
0.1737084444945752,0.17731090166858146,0.7328999003992421
0.17357285531862104,0.1983550957149969,0.8547136903559437
0.1885432065939286,0.18872774488236946,0.7357875544206254
0.18067754189510474,0.16941248673739054,0.6609149398696014
0.18860279767163335,0.15704341484014583,0.5675600582898755
0.17734653498902703,0.17590316300495046,0.7099273916614186
0.18181053007097603,0.18281063615267673,0.730489241194278
0.19263194684081694,0.18556829153792756,0.7037684753814775
0.17347116767187648,0.1963508588940302,0.8436610006041766
0.17301789952647154,0.18031724533652072,0.7532009444871474
0.18273953685667652,0.17088871335684,0.6615356229760699
0.191806739321353,0.20508363482035755,0.8085411147130259
0.1838579956339117,0.169681026645763,0.6509427356320446
0.1758192478491779,0.19359340677950754,0.8167103917011721
0.17458147884199499,0.18599521673211375,0.7789784897812456
0.1896939693865575,0.16277777624186995,0.5945248370655997
0.1967981888533768,0.17285370541494963,0.6242623782807319
0.1828533222441448,0.16635558370394538,0.6363328939060129
0.1802952086569447,0.17953581789836975,0.7184651154254633
0.19724554736006508,0.1644444560797614,0.580213128313852
0.18683819308257865,0.17539082259734318,0.6711198632815027
0.17457449076246928,0.15735258068695576,0.6149385297822381
0.18432966527396705,0.174679585635224,0.6763945751754835
0.19342154601188197,0.17493704637160554,0.6459313812119494
0.17935185504675052,0.18202003286369106,0.736095162379437
0.1853347852742754,0.16624451282948396,0.6272136806776702
0.18240346788138798,0.17462352403131157,0.6832300146417768
0.1718227808429021,0.15952695377138712,0.6374413988301576
0.18040089915558252,0.19045114594432125,0.7785501436065041
0.18121201254356153,0.18778434850068323,0.7603488674215858
0.18598460975454417,0.19869065515993584,0.799478275950749
0.1826268827045518,0.166173124595936,0.6361228033655776
0.17095038227316264,0.18709127003069262,0.8019360249901848
0.1794163492513705,0.18459104472652468,0.7501604245550468
0.1791751652777125,0.1742075497158589,0.6932185580704973
0.18255478745148715,0.17548920395181558,0.6874057136691831
0.18526230307833458,0.1801442274934647,0.7024862874474563
0.17992456218710615,0.1715106446810814,0.6753421723195343
0.17012952543061508,0.16157773934891592,0.6558399493944472
0.18864637994061556,0.16078703029986158,0.5872735556056601
0.17649950759449104,0.17581041557916796,0.7128088757517576
0.17233674098746737,0.18901153062593584,0.8066273612313756
0.18726070165040024,0.18533268886083437,0.7226966879227494
0.18367109648242577,0.17306398047150978,0.6700236609263392
0.17990118712875897,0.19385823528599747,0.7996513952019403
0.1779666578129361,0.18948110136850316,0.783748501447469
0.1797585814687296,0.20827513438493736,0.8804872239853012
0.1762273714185652,0.1777060150261909,0.7246661741487981
0.18729882737843817,0.16410645115305245,0.6092213856870541
0.17159915570085318,0.20924959715576394,0.9280325215199887
0.17474156293483378,0.16334927212432906,0.6486680685498979
0.1849788339129143,0.1917856752934126,0.7664967515157084
0.1886401507984455,0.19286923608405204,0.7573638776227556
0.1917911486085945,0.17374063769230708,0.645184298597824
0.17109651873900558,0.18602110822853027,0.7949963519481064
0.17330238539374096,0.19313975458333718,0.8259537470192655
0.1788620122358666,0.18264386954798717,0.7415988889416539
0.19091129222927106,0.1490227459792751,0.5186845933678754
0.16766126438405632,0.18416798461994968,0.8002324515018289
0.18484592004734102,0.2000265962414073,0.8116305526407285
0.18391791563812682,0.18057757179759482,0.7099774447994323
0.18459903835819244,0.1895710639268496,0.7560768743335953
0.19326272057323055,0.18332631174247124,0.6898708211651797
0.18761870853741083,0.15327886800351767,0.550472118738223
0.1886797925856483,0.1760710786091184,0.6681747784511176
0.18352580226891654,0.18603344512207473,0.7412224517768228
0.1997184469130534,0.16971285573247197,0.5994081046734179
0.17411648278439767,0.1803355977145351,0.7485540462928206
0.19037461694477176,0.1795376840100396,0.6804356908968536
0.18133258971240518,0.1846704624592203,0.7426710370861005
0.1671699140249129,0.17850004055617147,0.768679228590268
0.19094119059406364,0.19805437695176367,0.7753925514506909
0.17667364207197342,0.18397726330849418,0.7583319262412355
0.1774170341955458,0.179193216167682,0.7281894703824638
0.17318029824947373,0.17594426753069953,0.727243622997296
0.18723994621886,0.1839410383186115,0.7153443537206062
0.18690390337955043,0.16304517374469554,0.6048304593999403
0.17409383744058143,0.1887993349443102,0.7972673644561523
0.1729040434756863,0.177830624456835,0.7393154138399922
0.1802627353608402,0.19301799625366498,0.7933863644495313
0.17448332325664825,0.1556329492446757,0.605404271726873
0.17954069179554819,0.1659803603864601,0.6459836999989542
0.17970500657398483,0.18597554155562065,0.7566597288965308
0.1728018196462381,0.18163554016832678,0.7617717246138531
0.18299862086493807,0.17711418920678715,0.6946182905968653
0.19816359949712067,0.18629877196160502,0.6878093267759069
0.18125941049831237,0.15904283331165595,0.6015843978079758
0.17912174546276055,0.17774599347039757,0.7131797043422401
0.18165226716700633,0.18214053056976115,0.7274367263926006
0.1835562121348653,0.16377900417467953,0.6198591856487102
0.165184096852113,0.16294631169486778,0.6837602035986977
0.16253009233339924,0.18399773502758981,0.8244487719401478
0.18003875940658165,0.17478621245822917,0.6931074890180974
0.1904460462532865,0.18085806959375367,0.6871136060221332
0.2001274016321174,0.18177381955771893,0.6584496599818506
0.20198662863732644,0.18447878613294072,0.6657806362737098
0.1860462530023643,0.16008114756506445,0.5916869906735801
0.17391510842768143,0.1839295526934647,0.7700857844053047
0.1809018362874738,0.18746569558326037,0.759891101187119
0.1860054486896584,0.16693387851490943,0.6286583502723528
0.17819754401980503,0.16615948464587868,0.6518579438612724
0.1832559142111142,0.19360574062289201,0.7836349579280455
0.19599533560171106,0.19441495916792387,0.7368285511722305
0.17806047953028645,0.15701245592118707,0.6009893728438782
0.16555766581182682,0.19475547939386104,0.8743508111451052
0.19106137864346628,0.1698856197659158,0.6274717612586196
0.18032071930516563,0.18370818207668094,0.7415020447561548
0.19042515038418187,0.18674815519604784,0.7181202426263498
0.17598839000461905,0.16615262033738834,0.6600016076875285
0.1735521932162887,0.16479788111103186,0.6614602730370884
0.18108666040305843,0.1995333569909151,0.8257557826627718
0.19355811205005197,0.16506852387708246,0.5944908361542968
0.17718906030148177,0.16680614294933938,0.6592175766980043
0.17988191279938834,0.16873825372002857,0.6600900105640433
0.16533419016799464,0.1741110742813517,0.7506679299378036
0.1723237875397318,0.17867027617378034,0.7466773915012372
0.17594682684321244,0.19998279118562898,0.8524324869994943
0.17650140452483737,0.1810929702043719,0.7427304647081401
0.17670395724842816,0.18953014163009277,0.7896265811066544
0.18623615341671673,0.18072547067768183,0.7019339063837632
0.18448025183265396,0.1924467383508819,0.7721516906866456
0.16762947376737405,0.16441247891757527,0.6825319936060285
0.16828993215927643,0.1787956311556188,0.7653198827944229
0.17842973619559177,0.17862857173504315,0.7208920131678198
0.18302388892754715,0.17355747799089122,0.6750893487997262
0.18609324834631422,0.1886950039538877,0.7452984199393426
0.1878127801219312,0.19077452141643655,0.7495470826055786
0.17229761681749228,0.1733056122923377,0.7156547755558931
0.17786376609466908,0.1845688847181119,0.756584028736279
0.1828017282255958,0.18078819819166586,0.7154647795794361
0.18482489250851733,0.19766708054295024,0.7989566694115365
0.19925977498920533,0.18848165036442255,0.6949804614198959
0.18739271286427286,0.16086239552998555,0.5916046245100381
0.16604690713787446,0.1927703940812915,0.8598196530257822
0.1879324802353429,0.17695120186649055,0.6755149599872939
0.17499833391439928,0.17072695450917172,0.6898748794272835
0.17311065096785522,0.18453286360276025,0.7771495448176758
0.19503437248486977,0.16925544178952057,0.6114585868640774
0.1860672621326908,0.1714038195298942,0.6524727571006933
0.17878770875965339,0.18661030878085694,0.7640922842436777
0.19381565770277648,0.21651831050157272,0.8591581943133549
0.1677776928465802,0.17626613727587984,0.7525800071129867
0.1755122688726833,0.17850014857806204,0.732143396033904
0.1696567887358569,0.1828627024116416,0.7831263541036311
0.17931356841541196,0.19115006786908137,0.7871689193206058
0.17820609819431843,0.17978355295541476,0.7282778438586146
0.20341773232156746,0.20176321298893468,0.7460667821673673
0.18335185148536418,0.17383816963286416,0.675412703114969
0.16926689414380486,0.1718317260274796,0.719761100620033
0.1766910471890071,0.17411284424745216,0.7024285962530301
0.17850982262581458,0.18514556753979972,0.7570763644927633
0.180514036888494,0.1713418737357957,0.6722018732025269
0.18034808397596902,0.17983750093258133,0.7199272543970131
0.18053226319533058,0.17182259565744712,0.674796811945124
0.17611077495526017,0.17038716104403182,0.6835877082172593
0.18106698532975582,0.16715079030715094,0.6470024896797066
0.20296516411501958,0.18077690859307816,0.6443317953763109
0.17614596412625003,0.17961579702440159,0.7358431268484888
0.18802705681719556,0.1924215293153844,0.7574523141839635
0.18096727874154644,0.1874259469030269,0.7593966592120538
0.18257830709347422,0.19170314536008445,0.7761225723685617
0.17599255355167098,0.16509072134722397,0.6539522214127862
0.1898187849256372,0.1744800836375209,0.6557837976166944
0.18143736121740056,0.1645362696604271,0.6312716900858598
0.19752494445535226,0.19895746180882537,0.7541197503918048
0.18473118506784816,0.19174779661057043,0.7673192620861995
0.1707532892836059,0.18938704893919148,0.8163066698392093
0.1892072832170124,0.2022154702331431,0.8044905441539406
0.19169184235064657,0.19607897696157803,0.7620510876741818
0.1826190872842653,0.18879066436771083,0.760000865362277
0.17348889198626152,0.17488876064014736,0.7198660341322441
0.19956231595506627,0.18274168733974505,0.6651640952575103
0.1813102911039072,0.20882012127606714,0.8759575659444993
0.17907282696272975,0.16025509801467158,0.6156997679922642
0.18621931337163689,0.18248218127848978,0.7114309406462894
0.18237591600847175,0.1573294502991683,0.5885067099220636
0.18613526694003293,0.16459786548564925,0.6156698156645896
0.1868553486962667,0.18145559415832155,0.7035152864262
0.1807614080649785,0.1782629894254699,0.7095706478418393
0.19519270746814663,0.1835028909142153,0.68395429647904
0.18451188451220332,0.15675027300053584,0.5785549981387543
0.18387946647767076,0.17654439045532846,0.6881920688555797
0.17382235768985835,0.18695422102822928,0.7878976148315119
0.18990514480487036,0.19612894678102463,0.7694838753903889
0.1881378093956538,0.17300818822628422,0.6538196050087838
0.16705851873567917,0.17683446256010113,0.7592217596564426
0.1802301529465075,0.1811529469563771,0.7276970296712971
0.1788990741897147,0.16613572950745573,0.6491689799596102
0.17882077108463632,0.17935129884183465,0.7233572367306949
0.19026365013619612,0.18370575159022884,0.7027393382525694
0.17171263337859174,0.17473411314408482,0.7264119749947067
0.17853073234801978,0.19963738222669186,0.8381603562516928
0.1932054897800839,0.16236276662909316,0.5815712936365838
0.16592288847476455,0.17169796620946637,0.7334609909950766
0.1715897627449975,0.17502016666307282,0.72859921631145
0.17145850488361966,0.17519446801155883,0.7301735664645895
0.1748066588257133,0.18582336734204746,0.7769919535929511
0.18915197211826307,0.17608238323254558,0.6665665804092984
0.19583114252840966,0.19032166197895933,0.7165441623188332
0.17748619971789575,0.18944702141753308,0.7856781070256516
0.17645614020198178,0.1683043939588508,0.6704464566856831
0.18240593085954057,0.18721372168444694,0.7522437512742208
0.17098435676082274,0.1860674510875559,0.7957888877395405
0.18060516247607436,0.17387917992994742,0.685911621969047
0.18084943801981815,0.18825755475074257,0.7644898223880121
0.17296739465900898,0.16189840450004941,0.6469335143808342
0.16648199169616953,0.16591768977672253,0.696277648986041
0.18129683484252163,0.19052508411042918,0.775110520999952
0.18988413624031025,0.16732110472917794,0.6178562730522192
0.1923583143810376,0.16002559860897939,0.5719825470659539
0.18683992099278465,0.17326389431775652,0.6597299638256467
0.17165996103354556,0.16845213191902025,0.6900393732226964
0.1861786950988625,0.18199996228575863,0.7089960653965561
0.18236656920721148,0.16409711556801318,0.6256471022294219
0.18066315837228697,0.165486385087118,0.6392359467619778
0.18035122086488203,0.1805463153164219,0.7238449215391026
0.18877673885725552,0.18078044780181468,0.6927784037031437
0.18065903364402872,0.18327336181618498,0.7377066019227544
0.18791605733827932,0.1776530381007171,0.6793088355984447
0.18421398161287875,0.1825269688970883,0.7194186224995156
0.1839699176014112,0.17905760104581128,0.701514697231246
0.17858041903359656,0.16677770356624147,0.6539222172184058
0.17253467773939915,0.1906631457286345,0.8152746309996634
0.1778080338988755,0.17560858973297905,0.7064280897702082
0.1792230429911598,0.19609054400973625,0.815132594400499
0.1770075328166472,0.16922847467078397,0.6735785351818133
0.18503383728791511,0.1791884905460488,0.6981884634702236
0.19430366323083756,0.20381093575222964,0.7916008025515117
0.18327601289047116,0.18619880824717563,0.7431349367501263
0.205011196053634,0.21539782110726613,0.8067745776381676
0.19889804166442587,0.18096317516704546,0.6584437638053882
0.190768367583608,0.1794394155688659,0.6785161356068978
0.18535146816285739,0.19387095791654657,0.7762061954110645
0.16771025839588363,0.16515621457864782,0.6866378698601675
0.1796701051812036,0.17419079267046242,0.6912156729980853
0.1728284933723949,0.18366748692001209,0.7734111679837288
0.18612043624159194,0.17380617140603039,0.6651938599871156
0.16195156206337227,0.1926749693730767,0.8809730980998346
0.17445483246565863,0.169881337620161,0.6871769381553795
0.19949938754639698,0.17579375366147584,0.6305470668786908
0.18331771424534452,0.1641922357460306,0.6229198101019339
0.17326368167057393,0.17895611633730252,0.7442766717983441
0.1757034040483458,0.16864966904415707,0.6752838380496596
0.1834429917447964,0.1680980191692477,0.6437859415940195
0.17634045738849166,0.18541686755452447,0.7679285262155732
0.17243890080293098,0.1760616413871849,0.7310510609856671
0.1748506013273378,0.16234171707073589,0.6425011765353953
0.18412195874059145,0.1962514415780366,0.7943183017300481
0.17725346179405962,0.1795396032730578,0.7308156464868497
0.18522718797555854,0.18815603539525516,0.7458734158048408
0.17263648688155736,0.19290385117395079,0.8277731651941829
0.17425922617266937,0.1871022992112327,0.7867721108515726
0.18163536847678255,0.18716745270068796,0.7551803035443581
0.17880671949795718,0.16437177721714885,0.6396391452081616
0.1882590099689507,0.17506429857478334,0.6643203881472128
0.17947186535656165,0.16407950959026457,0.6356400729641924
0.19539911674971033,0.16494986524870126,0.5882824199043963
0.18241580423698553,0.1965990769260508,0.8036533760835578
0.173592587541149,0.19394622212120868,0.8292187135414819
0.17817784156678856,0.155780052225641,0.5936768079323163
0.1842154018228116,0.18102559441361604,0.7112629732211186
0.17942216262453387,0.16798813253021644,0.6576006598311002
0.1868543848589557,0.16444041515329993,0.6124577447817647
0.19486814030997426,0.18912173619146855,0.7139275613251576
0.18113318461658093,0.18507815204044334,0.7457393979263051
0.1830044625742969,0.1496279735225079,0.5444018802659554
0.18757282491214197,0.1753355337444183,0.668196652703422
0.1961506947194277,0.18804627756981063,0.7037766436018535
0.2047135363414516,0.15860640576043464,0.5305286973270041
0.1766954390552843,0.1945912895528544,0.818307989871854
0.18417744287185195,0.1744881090961556,0.6759139835749195
0.18379860337074175,0.19303952873098695,0.7782405638984139
0.1806916426989245,0.1741849217343389,0.6872754039945316
0.18286916555483376,0.17079216401264777,0.6605387170995098
0.18521832806705793,0.20194066678918976,0.8203327844217444
0.18158643357736826,0.1869536515320936,0.7542064064700184
0.183024866348618,0.17523189606368725,0.6842343259803333
0.1812096021149393,0.17379059442425804,0.6831348503582001
0.18711437384670918,0.18038447116094583,0.6968169707141871
0.18522174996711815,0.17907110298415582,0.6968463639236181
0.17932542389076178,0.18468729019286304,0.7510774951515485
0.18628508070720956,0.18678543180909132,0.7342801221106993
0.1800353199620913,0.15920884337488395,0.6065967688889005
0.18320675318893487,0.17762705064002562,0.696628527161377
0.18102409492311672,0.19315877154285815,0.7908271636638181
0.1827205129134678,0.1603987702143828,0.6041947258908206
0.17618792009024614,0.18477191239960597,0.7649327623061429
0.187265922035592,0.17164608188215139,0.6495900618748518
0.17895854082202867,0.19541508677763697,0.812562988665905
0.1777254891229909,0.17398818170568076,0.69763871416259
0.16662462494097433,0.16537791878130229,0.6924421814733216
0.18001240897328,0.15719115820615298,0.5954653838450871
0.17173903576055832,0.1892636560004924,0.8109027477868008
0.16891330013101777,0.16393308673707607,0.6745063097382133
0.18139419672631202,0.19997996492045986,0.8268178785606353
0.19071031948856507,0.19196519702436457,0.744402281979695
0.18830672783665478,0.1675308432376708,0.624145746611996
0.17179422530317376,0.180139758317371,0.7575327871918102
0.1851468104361299,0.19398093446879258,0.7776581952971945
0.19197433693287244,0.18749765632513912,0.7162293592044953
0.18087361222076234,0.19867082601993602,0.8219597330675205
0.1950583271656042,0.18219193543588375,0.6777046504846369
0.18049176377077902,0.19921364865195013,0.8267061362503417
0.17875500121342733,0.16148155022751892,0.6236555591214692
0.18782045958912746,0.19806758240044306,0.7883463959376573
0.1793274379784048,0.17377364704876852,0.69021031273348
0.17151434815616362,0.1730650924839216,0.717520684461168
0.17398584144084545,0.19166106333234711,0.8142102952699825
0.18151849406052617,0.15972013526394335,0.6044570600467735
0.16567100709012136,0.16970437213399933,0.7225426719889666
0.18746375843924368,0.1802134352358466,0.6946059138041251
0.17360827342121604,0.162650737969179,0.6488788566882456
0.18681690350614588,0.19035315129969363,0.751287215800985
0.19486369997527522,0.17427035358794307,0.6377296212876529
0.175339430857492,0.20390710820469715,0.8777666692085132
0.178162443251336,0.20278253443352198,0.8575462462534246
0.1754016956207624,0.16553618719441798,0.6586948135565338
0.192300467647471,0.1657144493857639,0.6017377430297981
0.18050714690346117,0.17455827967815418,0.6900462492200956
0.17774132056102127,0.1721267264622338,0.6871037419816279
0.1916494092810696,0.18374081669218303,0.69784100662706
0.18730540976042895,0.17663566369393566,0.6760918643829225
0.2004092240193396,0.16086161748040737,0.5531762224163352
0.17857564961860445,0.16708706553950634,0.6556720683339343
0.19408107584604878,0.19060890717956855,0.7244854067642532
0.17459109745861298,0.18296538904046358,0.7615817242456085
0.1747704810697741,0.16160391465838247,0.6385741686768404
0.18223693289479798,0.16956612298944934,0.6561025862878885
0.18369862534394799,0.20648014170659618,0.8518307712624997
0.19212005064545445,0.16806379545401004,0.6145313571246626
0.18365882502251693,0.19149129977519883,0.7704029455587103
0.1793609659298462,0.17191180470417824,0.6797008706557804
0.1838190594912691,0.1555500908733075,0.5742064569660191
0.17599287125608465,0.21999086336379192,0.9658963010861998
0.17849688909018596,0.18206135242485355,0.7398524035795899
0.1841432970084208,0.16842488769518857,0.6431126715938676
0.1808400977379493,0.18226904541513325,0.7314143658935691
0.18099710951376877,0.1999195201605716,0.8282978693047413
0.1908194270247596,0.1721881898434423,0.6403341197937246
0.18603012580652942,0.1674000991718135,0.6310811147540111
0.18744655181473757,0.1819272237184797,0.7038124864994567
0.2069249374945483,0.16687171796871245,0.5648024804733436
0.18450799529531564,0.1565488584569073,0.5774755629769308
0.17898566784424477,0.1908085390921663,0.7867028728506875
0.16962811894112978,0.18452028642605187,0.7930305851751958
0.1881398215116522,0.16276556199218606,0.5993710480117685
0.18480808607364316,0.16473046539902123,0.6208086877394688
0.1838433312198397,0.18375461885404204,0.7275467538939359
0.18489435664393317,0.21074484735115878,0.8693875263089769
0.18854622683445066,0.17524395352985467,0.6642612564176248
0.17948056255364714,0.16766358164175507,0.6555784089799984
0.16921634271752495,0.18597449958689385,0.8035541804249833
0.17057733886123883,0.2032848564323934,0.8986237999473513
0.18211422450150955,0.1689386297194557,0.653099064858988
0.1873064507844308,0.16638982671866132,0.621387177169959
0.19418947349626534,0.1634797855970948,0.5843766067952043
0.18906477335292463,0.16297187154920806,0.5975299869231854
0.19109053914181,0.2020120299117951,0.7954974149661359
0.18546719646547957,0.19445886158545106,0.7788917088221514
0.18691252732271157,0.18335787687856364,0.7134774687857931
0.18368791897390144,0.16427630059051876,0.622122027561079
0.19064981715696408,0.2016373743992486,0.7953712028708837
0.18382274076147082,0.18038746567343586,0.7093108563897825
0.1758531629347018,0.19962132499224008,0.8508310143264116
0.16864444385753674,0.17864081354986203,0.7627930728541048
0.16439459834324313,0.16653381038749937,0.7088664199549053
0.16967967938402803,0.18375950687860013,0.7883059855144381
0.174471143390364,0.1946976443846461,0.8293500092499407
0.18761233693948703,0.17938501327314527,0.6896402197413992
0.1845103185991266,0.18946385740311839,0.7558593929162429
0.1697850586580539,0.18563754213071632,0.7988779648973089
0.17267582678999813,0.1872737206640279,0.7949793738701771
0.18698402965419322,0.17358165075102133,0.660920887091653
0.1770373764605663,0.1709555555030227,0.6832204471238569
0.18790886164611928,0.16805030424129042,0.6282317034287053
0.18770632450446587,0.19070939173204712,0.74962520364464
0.17411714738905806,0.17396830166867483,0.7119821541279472
0.18151334680229453,0.16438992286320991,0.6302011663517181
0.17034302693714293,0.17243176417990974,0.7187365774889477
0.16985798139352992,0.18504515797519497,0.7950474676978527
0.18819914821366304,0.16851488466450174,0.6297312489956195
0.17233891553683325,0.1730688242996313,0.7141093113895586
0.18583562120876237,0.18056848857766403,0.7026020508252674
0.17010156042430247,0.17556004612139445,0.7381475267375361
0.18759825881050352,0.1722389655571464,0.6515996807871349
0.18948077656488696,0.17729682793783644,0.6718192222219657
0.18953782540994893,0.17835854056726233,0.6772185989241846
0.1811918018753763,0.16382505442115647,0.628202011586845
0.16716473633532386,0.1765722297742548,0.7571706362779613
0.17694538448358202,0.18469766242794336,0.7612386320279597
0.18216555557015998,0.167572293087165,0.6454145116467023
0.16876605501105155,0.16294869787645772,0.6692619429248455
0.1648003721099466,0.19441990109453644,0.8763323725882529
0.17543812005619783,0.1912773369612653,0.8052830075699065
0.17922562686383345,0.18811234718329123,0.7706060210252299
0.1824010821096123,0.18527859694989854,0.7416545745523815
0.17738637484920994,0.18956277464992974,0.7867727990301805
0.1752833537129465,0.1761379531499432,0.719623115818023
0.2033037562608179,0.18027277430510866,0.6407789836306911
0.17646274015802088,0.18280935863691528,0.7526198364481116
0.1920851585711149,0.1853171987432115,0.7044646226174397
0.18319493244198085,0.1637861172848463,0.6211204413139713
0.17928640118511255,0.15901260133254355,0.608036084231444
0.20965282958947867,0.17292124913407303,0.5863085624685591
0.18114559775279557,0.17973151963597037,0.7161726326521686
0.1798441874612917,0.18396649185675956,0.7449030949949023
0.1822911531932444,0.16625192791629279,0.6377266580405889
0.18945629967829472,0.1609425027279019,0.5855836037982756
0.186892638215663,0.20037665363089355,0.8046151794238563
0.17955941846892085,0.1846721350147928,0.7500143192884232
0.19096821334522915,0.1759954857121809,0.6597720296225862
0.17976651976675448,0.1975893824140602,0.8210059504158849
0.18419124629462974,0.19465885013810397,0.7853731002325144
0.18454927849218195,0.16650862770676206,0.6313144578980172
0.1721331814248088,0.1769204638287969,0.737338744210908
0.18342011006736872,0.18020400176191526,0.7098676459963544
0.17479159923956555,0.19936880371207022,0.8545536762745022
0.18567441575071672,0.18766341991042373,0.7414237408736392
0.18776002118503748,0.18014904049211297,0.6931669461405263
0.1749663308373798,0.16587571113856991,0.6622743392056903
0.18516707921324213,0.1881019079390845,0.7458232236846138
0.17195570670329086,0.19046375101298912,0.8168600723171054
0.16432987335477497,0.1734927461237826,0.751492979351184
0.1885700308109259,0.17899697423471947,0.6840799340169873
0.17296154125598937,0.20440602862196455,0.892718852414931
0.19076900458283538,0.1669428270902484,0.6130074817236345
0.17810628383955224,0.18414379691374883,0.7531671203391836
0.1869924560651156,0.17672665371423218,0.6777099802898076
0.186041737370927,0.16863981386854776,0.6377053641033551
0.1859731152566062,0.18649161251502241,0.7339319574589633
0.18201454983030455,0.1677137532304521,0.6467271618680965
0.17542158784706507,0.17964901853531573,0.7390710580521339
0.17338666265029187,0.18042283426401168,0.7522079972613864
0.1896897878009521,0.18933612271310216,0.7345473065704108
0.17570630761502803,0.16877295080382637,0.6759743142748041
0.16768295452069712,0.17905007001050968,0.7696075631502605
0.17919467041431858,0.1855449836927156,0.7564119143684358
0.1771061206755883,0.18352537835955904,0.7539286493894939
0.1779098884731964,0.15706264507040651,0.6017801820303901
0.1892451368697394,0.17403485538973984,0.65541898429398
0.170419027351628,0.16548198399067976,0.6776355069343527
0.1787466740086995,0.16825873155498286,0.6615996197458044
0.20280352860722436,0.16207605972275949,0.5526336769998738
0.17871590948928454,0.1832126844206012,0.7453879444828518
0.16853069177923374,0.17997189396313518,0.7712060787918171
0.17830397226073008,0.1881552226100732,0.7748297520150126
0.16621424278872257,0.15562345311089534,0.6354657178515978
0.17276784069852721,0.1723493095189851,0.7081717814166563
0.17237237722797202,0.1817380664430465,0.7642643709021636
0.1911770520128173,0.17322890153861278,0.6445799861499644
0.17502995346533595,0.19872091568955186,0.8496883690196805
0.16896846239077548,0.16469609335736146,0.6788017819094688
0.18465718399920286,0.1796153766135785,0.7019243649580295
0.16589509638522254,0.17074705006673555,0.7278518334643878
0.19585716486421292,0.16903870293118678,0.6077832435372782
0.1781721733501396,0.16938648940118722,0.6700624859448271
0.18080275138045307,0.18868597311972846,0.7670567624709392
0.16882239681410297,0.17180252962051767,0.7214832387117408
0.1950570718300575,0.17491602516062377,0.6404075688650562
0.1917558963732402,0.20125974148306716,0.7888140304621979
0.17485947043834357,0.18667407516835252,0.7816223783918215
0.18596669599638252,0.16350717228069542,0.6103629021989152
0.1757418749572135,0.18242588910034485,0.7535249588783867
0.18242413348165987,0.1709306784813075,0.6629094307495523
0.19066177228539538,0.1636764265948849,0.5962203394644122
0.17499274877295762,0.18676186003293194,0.7815287261438021
0.1736774108987153,0.16467396677737564,0.6602699002937744
0.18630883299829942,0.1969907655592824,0.7889629449862107
0.1893920055052581,0.20699439117832155,0.8289388496599605
0.18724763165300895,0.17230904373638456,0.6531940759765499
0.1824970711587673,0.18291743973341656,0.7283264267719791
0.18195058374100384,0.1659044372943369,0.637010527316143
0.18916918547077707,0.17524920482882053,0.6621015178403306
0.17465873899018705,0.19985112713638353,0.8579652412628647
0.17869912333531923,0.1712132653322799,0.678309233251412
0.18076523305957673,0.17384159601002205,0.6850963203151252
0.18954384960183115,0.19235388534330108,0.7510340517106697
0.18328306824889312,0.19556907704216508,0.7942309043216501
0.20347031318762654,0.1814674337011785,0.6461258728193341
0.18038887933208206,0.2108403883796972,0.8916313964321627
0.17797512744245833,0.16886037214573635,0.66784822044398
0.17932369994145775,0.1769284393907684,0.7078174242010713
0.17894599595797045,0.19074504693030106,0.7865224710775771
0.18452228638490462,0.19340533897536163,0.7771708327753157
0.1839527180593421,0.17791400572546381,0.6953634992454935
0.17568642382572303,0.16230430387830774,0.6392315435238813
0.17341037784633598,0.18318623020976352,0.7680407128100702
0.19119329918194466,0.18032566873060413,0.6816434952910287
0.18517032529886718,0.1831639739901261,0.7191431660294261
0.17023475880049388,0.15754300339465907,0.6317335199487302
0.18351934654496,0.16965761869662888,0.6520163729294569
0.19683374053214625,0.18353426851261492,0.6784114763637615
0.17459768618567426,0.1872998836058629,0.7863785975940861
0.1874329318597448,0.19902213977479133,0.795069139111071
0.18833082878514343,0.1905628206525563,0.7463611855758194
0.17838958614785713,0.1803420097959991,0.7306592980599546
0.17394759904077806,0.1873048949493738,0.7893463072013187
0.18612772611818212,0.18250122842878774,0.7118833458732304
0.17300510705239835,0.17841666237712833,0.7422709338761576
0.17288026933840572,0.1958234621531798,0.8434939551588541
0.18253425565519657,0.17686380208702157,0.6950136654166694
0.19060713101968685,0.1966309673856406,0.7692837440090098
0.17635434969963434,0.19904914621862504,0.8451685284342837
0.18017157399840977,0.1768972373290072,0.7043133082143537
0.1967993556979891,0.188517365209697,0.7038507047872026
0.1833977422992708,0.17091657151685144,0.6593133045200644
0.16852896430292724,0.181909756893815,0.7827126775472851
0.16645463597327528,0.1931032442296799,0.8597131788666763
0.1791418645289398,0.19416282020834935,0.8047410949273687
0.1764368784920925,0.1711098484308326,0.6864202623957693
0.1791759050772545,0.17351116918927081,0.6893291212120125
0.19058504217342762,0.18144879272640485,0.6897120111177967
0.18157708947766352,0.1876512009158211,0.7580868341474
0.19603313360431943,0.17164962705619258,0.6205564580819012
0.1908588698133258,0.16706736039625547,0.613371338260339
0.1872456060333675,0.16457414650916743,0.6118923105130174
0.18488681349300823,0.15573376557884158,0.571883757317501
0.18464742315557425,0.19568917847706724,0.7890127898200733
0.17608246492564408,0.18750751588175765,0.7809268000639596
0.17639491077491629,0.20530087012775988,0.8804158206464764
0.18145878702647492,0.16639982298562497,0.6414669958564321
0.1787939114926787,0.19075973298586696,0.7872736370647098
0.17767441209870452,0.1882715399047513,0.7782298996882931
0.1928028103863863,0.17453952941807066,0.6459425003633885
0.18472451251508318,0.19445263439189397,0.7819895282175888
0.18458082304400478,0.17536961430426762,0.6792125651881996
0.18202385216889244,0.19429505911837622,0.7927261037443091
0.17797922921581735,0.1817607019635451,0.740315049930755
0.17850226810433184,0.19903524768363604,0.8349207506793538
0.18367935053295356,0.20347290710956165,0.8355479626003324
0.18975865145389773,0.16961234150412985,0.6303393315017836
0.2001445961444651,0.1738322053306098,0.6187137085691151
0.17762705131789297,0.16265869390408835,0.634242887376805
0.18252304454153004,0.19489381308861836,0.793838462713404
0.1759587458662838,0.1696181700206893,0.6798080392752438
0.17956951309846544,0.1617815028523884,0.6224971094680974
0.17808302001167092,0.18463704558684027,0.7560352782540223
0.17810644497340444,0.1631573518603743,0.6353355257709591
0.1767755307118244,0.18426873956115983,0.7595436937482133
0.17312370984789943,0.18528836804566579,0.7814548808162991
0.18534853381271615,0.1956255085712306,0.7856847074839913
0.17890208193430876,0.18165985334301865,0.7359324828392046
0.17678494640687728,0.18610644485497677,0.7698983857014758
0.17750509570020154,0.17659574211260454,0.7131949739990524
0.18399364010483896,0.17252897327512162,0.665941351045096
0.18140379586986313,0.18215672640019576,0.7285223871225021
0.18194095592208007,0.19029174710082128,0.7710839287933833
0.18183399924352137,0.18910542039396405,0.7650132591961913
0.17704697145213313,0.1958001904803061,0.8235113500358577
0.19074671912473853,0.18140248745341064,0.6888846532006676
0.1874330468209056,0.17333918376197374,0.6580439567832759
0.1806631528240047,0.17337986577099473,0.6829276686607302
0.18253068839507222,0.19705899756817577,0.8056672489498259
0.1944028711966511,0.19606898811422785,0.7513725862951356
0.18701546934043112,0.19283712492117389,0.7637717105699007
0.19518725503177053,0.15185990912364075,0.5218573779679471
0.1858006853182582,0.20454263809573064,0.831765705444059
0.18907182868747513,0.17451713258165633,0.6585705202411513
0.18535056084950383,0.17832014871200344,0.6923105499324251
0.1760808731642106,0.1769580892455378,0.7210214656712797
0.17883780422324855,0.19148306552772462,0.7911250428410935
0.1825500441663652,0.17956601885257611,0.7097561627237812
0.1820911853404445,0.17350664100564314,0.678268092849912
0.18434521048644747,0.17267733903309565,0.6654761396261745
0.17101576015492748,0.1676921460827421,0.68819473700039
0.18605915832600595,0.15082458355359626,0.5418953007243813
0.1737838149735411,0.1708506934618616,0.6954082201513492
0.17420200935462266,0.16719049189564683,0.6727275553813068
0.1782785276514151,0.18422652030243336,0.7529034599437805
0.17324124483469575,0.17891931488610074,0.7441606357026219
0.17149110267610587,0.1859547665573977,0.792780292597305
0.16823817388615261,0.19978121177012984,0.8902926625409481
0.18156696592983781,0.17321327800766367,0.6786106568266195
0.1662765314700899,0.2047331124847137,0.9305769799061955
0.17209782065435478,0.17868995128177445,0.7477721146756316
0.1809984716849265,0.1839755939053744,0.7402029014841225
0.1904649717831268,0.1834249891850127,0.7005224526898167
0.17593573226462328,0.18886723150529186,0.7893065821127396
0.1828846359611767,0.1831638679288475,0.7281304262054901
0.19899634349493214,0.20100282595010313,0.7588221135025465
0.185516649381454,0.17329942592454978,0.664627279199211
0.1778450110359098,0.1584719831278258,0.609924239628648
0.18856350983113127,0.17725263236570893,0.6748529048895542
0.18855987467804267,0.18513353579213934,0.7166611455532288
0.16305566368340071,0.15618193608742145,0.6512005390600297
0.1864258874466255,0.18012810993452746,0.6980152366005695
0.17552894806862365,0.18427668948656103,0.764983160692475
0.1744519152392546,0.16808433072834372,0.6768875570462798
0.17056528612802133,0.1765242511453678,0.7417936792273335
0.1843374152451596,0.1762037412777391,0.68463443034554
0.16765839436078844,0.1952464211075379,0.8663235841026745
0.21130323690188862,0.16700101034317777,0.553711396278814
0.18524237581047645,0.173023792403679,0.6641233781710185
0.1726930621635614,0.18852446204118145,0.802142600899519
0.17626225954556224,0.1665460576307356,0.6612082355645138
0.17298791879363015,0.19264105796784375,0.8245723687676169
0.18705674512040762,0.18894294096237638,0.7427849814928587
0.18658724401504526,0.16578781453547836,0.6205558967693522
0.1741396459409601,0.18080028143633886,0.7511229319984095
0.17966953181525547,0.18515186399536115,0.7522247240802663
0.18628309136927887,0.18782409660802601,0.7398636966723404
0.19249764572049452,0.18583537975038536,0.7056469664445535
0.17324646177050781,0.1632498472235603,0.6536921219988755
0.1760581810220323,0.21828369332090436,0.9558413721191689
0.17694131062168886,0.19395613297005573,0.8135812516831785
0.17459853114981444,0.16263530563908127,0.6451102703861491
0.17593171581132402,0.19075800144377658,0.800071782365443
0.1752592267118952,0.16978268997667625,0.6834601077727245
0.17032700109285295,0.18257470985314178,0.7783540425329823
0.2006929254872579,0.1699165624269865,0.5975126534024243
0.17037552192945368,0.18309980378840507,0.7812143568576528
0.1876086347244903,0.18097448530604238,0.6981261043681859
0.17801317103604056,0.1686822061837667,0.666704634792098
0.18119310437855402,0.2141645237461411,0.9060197092443634
0.18649282707429513,0.17243293035808613,0.6565020879291579
0.18310649448063543,0.20644884724222348,0.8544145180976573
0.1834770039240386,0.1790228069519885,0.7032096894573517
0.18003697840596233,0.18631057912533994,0.7571254546273017
0.17031698312712565,0.17159683517742694,0.7139442758134479
0.19217181294372246,0.17427322179612437,0.6466776781281539
0.17781776142490097,0.18148181488422221,0.7394189074849639
0.18887166134922906,0.20066945990648727,0.7977346036465215
0.18255871186089012,0.19770851981153836,0.8091014573114012
0.1769063875043805,0.1780381476866727,0.7237621517962559
0.1723893232674275,0.18605760914669073,0.7892461468488081
0.18166513837529963,0.18052150443414425,0.7184730411208647
0.2000187986258744,0.17357166637178761,0.6178002628789032
0.1761177563126223,0.1685623942127505,0.6731995495235205
0.19396062731485783,0.19208026767300898,0.7325211804062117
0.1912280876367835,0.16911539961212657,0.6228969869654976
0.20183082119490003,0.17986027513824118,0.6434115184659545
0.1979030049371041,0.1875944519208881,0.6952620651951051
0.17175549449838426,0.18428785964919286,0.7818548107668029
0.1876167059871457,0.17089420385076698,0.6443680119778347
0.17790241096355222,0.17747263693432896,0.716531250160769
0.17065835948286748,0.16885501889638171,0.6964500259848898
0.17007192770205493,0.1757185226139286,0.739207959318083
0.1768859153469422,0.1646951665225175,0.6484132232775888
0.18825072697092468,0.1764034476456818,0.6714632643368479
0.17833753318807377,0.19072458743932458,0.7890912525459081
0.18366665985020017,0.18370819960382792,0.7279938542622884
0.18876417745607102,0.19738683986821584,0.7807987821339434
0.1945086143036817,0.17865166580486014,0.6614188593416195
0.19369572127667,0.18377262721133777,0.6906328458348358
0.18637777457298213,0.17622293486784704,0.6772424188293998
0.17888202618905677,0.19415614908397347,0.8058727428076969
0.18704257636944788,0.19324756376512056,0.7658553819435041
0.1821571894487437,0.19027294802632017,0.7700653948977999
0.17998685426806435,0.158913773412525,0.6051207120399676
0.1821306673577767,0.17418032808333586,0.6818199805933647
0.18223618277175502,0.17651101419105694,0.6942145751017399
0.17928513607296642,0.1797681317899222,0.7238086471212453
0.18415711546619787,0.17817291639212782,0.6959976326065663
0.18703959233404588,0.17066470359152874,0.645129205457345
0.1805851113699741,0.19360167404134493,0.7952021789168473
0.17430516496369197,0.20516329628478938,0.8901818618921024
0.16806205300697336,0.20083868438598776,0.8975178018307859
0.17977495434589796,0.17570497843913707,0.6992352126941612
0.17524293464898086,0.18498039018472967,0.7702472596404598
0.1769606448943922,0.19718932911181158,0.8317630691256367
0.1811836318731407,0.1830389931483219,0.7342771075561162
0.1824273683835355,0.186640268533602,0.749011893030926
0.1806011199501753,0.16342815902596278,0.6280590012800342
0.191541918075797,0.18869084103368308,0.7240756614894098
0.18462802921694949,0.17888870695129244,0.6980993487171991
0.18974894864860553,0.1829206240334361,0.7005078287921934
0.18367251882459834,0.1716821240274007,0.662494992751765
0.1818231526000132,0.164711934230219,0.6308983899458064
0.18924415965817826,0.18904156411247916,0.7347205026756048
0.1787358740093336,0.19099457368810768,0.7888431713531943
0.17923562608916796,0.18797091861945306,0.7697739653098534
0.18615840746259582,0.16650076299727923,0.6258152107402795
0.18755407737843363,0.16814478285766812,0.6299238305509283
0.18783728517688222,0.18374582975880507,0.7120302533805233
0.18414073435220024,0.1855240278298784,0.735980706857972
0.1768719155439353,0.1959084605235331,0.8249385442274424
0.16157131212746037,0.17655793429851074,0.7832945875853984
0.1863222147326333,0.18773237115508323,0.7392160476018654
0.1743318626400712,0.16189801982357035,0.6418678612675475
0.17196454277845533,0.16110764637320557,0.6461078811830839
0.1814092251149689,0.18944770071539205,0.7686913420583569
0.19905991133683415,0.18262877765204333,0.6662756793235929
0.17342266146001373,0.18359496850276572,0.7703432030050401
0.1786416694484285,0.18322813441673613,0.7457841993309258
0.18091462368250458,0.15373327916617557,0.5733824997376767
0.16785448139709438,0.18389549492034205,0.7976879366335453
0.19844895974707533,0.1818583517844952,0.6644446609977176
0.2031296370372893,0.17843088264034543,0.6322606809796487
0.17883910858476026,0.17422632160021528,0.6946261507523596
0.18293779994470027,0.18345884465367662,0.7295312652388928
0.179779641000025,0.16925123694480992,0.6633189179902375
0.17499812090774924,0.20571768613728067,0.8898249040020703
0.18955690475775164,0.18494832534293681,0.711914585835831
0.18128199756686564,0.20999408645203177,0.8825701867777476
0.18712521474068924,0.17048874793132135,0.6438937056039717
0.18781312920961482,0.1778656022431231,0.6808129057921963
0.18444510835666525,0.18703796102667974,0.742974222778989
0.18087329292996612,0.18992953658689168,0.7736329356323057
0.18126744134289344,0.18119603884062704,0.7237705672275191
0.1814490397496388,0.17797338907208943,0.7052855680507628
0.18500537730883548,0.16934245037162826,0.6450755762217983
0.17806044299207954,0.1546125621005589,0.5875115232933137
0.18137673625611245,0.15816125974879583,0.596334800048817
0.1848842641480081,0.17509637682263987,0.6766199243570812
0.19408838709759366,0.18319187721543262,0.6862434131541297
0.18818592118597402,0.17302277717190734,0.6537299729788529
0.18119772944090148,0.17548846356944953,0.6925498677972022
0.1756465296639696,0.1810840107653654,0.7462943390691692
0.17972282794454508,0.17837091983489037,0.7142716443038624
0.18340619841980654,0.1595395928839772,0.5972513133566358
0.18200223456027997,0.18292033965220666,0.7303225697934101
0.17912539621251156,0.19271292792612696,0.796720794168207
0.17561531315544385,0.1804429437881056,0.7427765918832235
0.17878099849136317,0.17649805799543103,0.7075587398150821
0.1704389086792777,0.17810050229966465,0.7515918946695259
0.1857812121162115,0.17421909073784203,0.6686310705096455
0.18568253674680896,0.15031704474070337,0.540261063308784
0.1780902266358243,0.1661969848713096,0.6524613229277323
0.18536442785006724,0.18153135862409314,0.70958252427204
0.19662223244253194,0.2109682644349004,0.8186676676145851
0.18403032705693123,0.16977610494681772,0.650849818409354
0.18302918470522872,0.16901015378877116,0.6502250118222338
0.17709969959938668,0.1815772683711771,0.7429559094047881
0.17224439638809116,0.20592681783900757,0.9052649671556353
0.18773974973789015,0.17731396749574344,0.6781407116686305
0.17930146243343098,0.16920097221831842,0.6648075849496989
0.1779333251958698,0.18219341567503852,0.7429379264930805
0.1792577235888864,0.16493129802220644,0.6411511633707477
0.18935096086972217,0.1701969952592184,0.6347841843903643
0.1871330736231327,0.19262838722374417,0.762176265596874
0.18081978158736386,0.18298544355111954,0.7354584901257998
0.17508207556699648,0.1950240672142021,0.8283204705253081
0.18230776714374017,0.19742617527386536,0.8086664522506467
0.17959199469925502,0.15931629169367018,0.6086924524488487
0.17167765819915773,0.170049767695747,0.6992742617474496
0.17769038870304674,0.1944320255621259,0.8128297012366739
0.1729748686536546,0.18894444204746258,0.8032637522949608
0.18434654850522617,0.17557734816430492,0.68120260011673
0.16249474545992984,0.1769038225606636,0.7809718535911504
0.1788764583724404,0.1861616115058302,0.7612047596689709
0.1733696111766793,0.1940489789774751,0.8308779029946383
0.18503271547649297,0.19305555570546962,0.7731365522960385
0.16952127671417683,0.17526974127953496,0.7389617616598495
0.18502091609633803,0.19565210473054037,0.7872196711786962
0.19036966247865206,0.14643736845629507,0.5065795001191931
0.17537057402451592,0.1605375484854266,0.6303084146258996
0.1872512832606003,0.19350925588908585,0.7663993185529306
0.1722056673911075,0.15882243387944317,0.6319329411632514
0.19382798062788784,0.18403808804731045,0.6915311587785542
0.17466987475913726,0.15919601162591515,0.6251565232785108
0.17918185449396581,0.1826768417715302,0.7404591393823211
0.17750534426072717,0.1777670727767648,0.7197928226267669
0.1822457496068726,0.1886946945844205,0.7610311619535859
0.1868073637650416,0.19870361499083278,0.7960265162665959
0.18193881126117284,0.16164256963838988,0.6136270148436178
0.1684111702945188,0.17473413433830856,0.7406523814315434
0.18256964255543923,0.18328841449946345,0.7300688802027367
0.1886975148060809,0.16271764794417393,0.5973456940331761
0.18234130909709523,0.19157262014608012,0.7764155080771845
0.16985267909238663,0.17497413560284658,0.7357795960043138
0.18548861380235612,0.22954846465402656,0.9679756669341496
0.1795030442264553,0.190460603647721,0.7824970559859721
0.18027617475504729,0.16255328305558836,0.6243380924213733
0.1853759787944943,0.17210509208003996,0.6586888596575087
0.18023660260837482,0.1854903143345697,0.7517358426299701
0.17908060899413009,0.17535750483368925,0.7000060226386555
0.1781939321944682,0.17552582156034394,0.7044337594130532
0.19066426140559511,0.176461242716238,0.6632666331065594
0.17631785518640516,0.17934463276254908,0.7335878299211644
0.18173523978242903,0.20177360224355476,0.8351357855815749
0.19541521190988256,0.16469442078036783,0.5869267784191753
0.16920115691791374,0.18269996615713402,0.784273397264725
0.185079931145061,0.18021212831270456,0.7035453682476658
0.17358576619091173,0.18565640735732675,0.7814949942850165
0.18218233528846065,0.1879558657125557,0.7572406265081715
0.19353145846397782,0.1626169065954588,0.5819049134919855
0.18761918213091708,0.1648938526522681,0.6123779634221909
0.17669751234271705,0.17335331039597782,0.6981043975125442
0.1732437101569147,0.16762382809367574,0.6789500639713759
0.18018989518030543,0.1826151908406333,0.7359746267010869
0.16946283962088488,0.15827159572362082,0.6389105479752462
0.17803535435667822,0.16715155528761833,0.6580241082505189
0.19644001270366548,0.16914508616895016,0.6065214745668104
0.20184254951020664,0.13864710459705737,0.4391893820810796
0.18354245928006657,0.17392605533715036,0.6751901212571865
0.1768822269865335,0.17660484643941152,0.7157578723217356
0.16882910688430142,0.17523488353902805,0.741784908125182
0.16783223864685898,0.18876748722313033,0.826822595836997
0.1946598715744697,0.1915170696926519,0.7269966251802065
0.18928561150514092,0.17248546949482127,0.6470933977540845
0.1967475009157458,0.1647003841374005,0.5829826737495347
0.1906544966754404,0.20322420035517416,0.80367472588918
0.1739660959593384,0.16733683938777927,0.6744810748365863
0.16214470494502506,0.1810214811975606,0.8080527898951941
0.18834765455389804,0.18005046194521082,0.6904809207910536
0.18041963271971967,0.16616310777864654,0.643849596784763
0.16786142645961077,0.16345849411285893,0.6759056949879919
0.18514874827232766,0.19963312125741467,0.8081778713260621
0.17617340570355983,0.18592565544310066,0.7715446885996942
0.17026500665230848,0.18281572203887847,0.780052957740731
0.18642362049363045,0.19664805205246372,0.7866387942909534
0.17813106174979618,0.18905753866700292,0.7806473351757364
0.175569015581136,0.19400788658888746,0.8202351998854653
0.18580593186855865,0.18741270886721229,0.7395496337782138
0.17909330453984162,0.18436075917371797,0.7502277068310372
0.1849404176007622,0.16926001659977852,0.6448564253663013
0.1855799899488759,0.1900431630260183,0.7546242623711631
0.17640029400395454,0.16617313960735558,0.6585767912878376
0.18838415707749537,0.18215486720527263,0.7015179474509008
0.17501331394242264,0.16001150494702399,0.6285893482550504
0.17605331707723096,0.14455722219018471,0.5370942380409931
0.18024476623404356,0.16758309491227186,0.6523523393716353
0.18586505287054278,0.19305693439060473,0.769681724354312
0.17260465963962973,0.20977087309765088,0.9256463494741468
0.184909194565119,0.20170100313839648,0.8204081116419135
0.18841956345199382,0.18448912672831913,0.7137747496298852
0.1855242320236786,0.17889855782437758,0.6947801719396212
0.18124457272341116,0.1827782762619477,0.7325917364961566
0.1803307507011939,0.17661201605968194,0.702109959434909
0.19174928219466508,0.18571559505661506,0.7077762873648504
0.17467306326567328,0.1727334837208435,0.702646884563815
0.18710054436595625,0.16398182625073712,0.6092009333110022
0.1957350313357461,0.18623966084559312,0.6960412753703755
0.18880426011508336,0.17710702753105928,0.6732211839583637
0.1732463750425458,0.1680987538141859,0.6816809516804218
0.17599659902116907,0.18400000136408268,0.7613783567940708
0.1809435574758824,0.17315845541133026,0.6806457059281915
0.1861575026253471,0.19498616628841414,0.7788360084535906
0.19018951004258342,0.1852963506673575,0.7113765140730668
0.17175142038658534,0.16880990497056939,0.6917550067600433
0.1900400604463461,0.17511062037937344,0.6583381424186393
0.1796391740389784,0.18822569899352326,0.7694630067912183
0.19042327861524982,0.18677558971600153,0.718271372652692
0.17654516161386127,0.19184149856677618,0.803428976870016
0.19074179555644558,0.17864624008895214,0.674452286210561
0.18512372000957542,0.1719946764757248,0.658989979616954
0.19747432177747273,0.21294743078690803,0.8251575664127516
0.1777739664524243,0.1815768732425471,0.7401357795420487
0.1703039662875784,0.17932902185115468,0.7594011147853558
0.17967417670273017,0.2003479801216867,0.8367812385774085
0.19793322726749008,0.1867835866113051,0.691059245077905
0.18205875968030952,0.15949300517666737,0.601415748239383
0.19057943882021483,0.1525029602372486,0.5378489981489865
0.1834247731979659,0.1859465530131787,0.7411569911903606
0.17950777085962988,0.1955672969604602,0.8109247653367042
0.1775873742635071,0.1709538271891051,0.6810947438731303
0.18908530725284,0.17584947036029186,0.6655698012115199
0.18284479707724594,0.1669384140302119,0.6395501315840518
0.1737480021424049,0.17245617079852887,0.7047918208473157
0.18621752744184256,0.17785651628447266,0.6865976476054512
0.18181359556557172,0.19519366960009185,0.7985853266277175
0.19358080558853116,0.17857694833121948,0.6642029820069987
0.17139977779523652,0.16112218081034002,0.64832161534709
0.1864708403938518,0.20071538007960835,0.808251733950879
0.17017095410923821,0.18922356212060729,0.8181393989907066
0.17443049597107702,0.20344478636521313,0.8796901339468552
0.18313419638095405,0.18466234497220638,0.7353205880352516
0.1730449463450773,0.17222192870985903,0.706301636027731
0.18320445633981097,0.20219985884465197,0.8307650473433293
0.1967423546676927,0.17864578803717518,0.6538794773218208
0.18046129766196353,0.19326870403587793,0.7939026588639853
0.18581508771938465,0.16602070915838005,0.6243879901377701
0.16131974773756977,0.16854125058758757,0.73482169573205
0.19111416925453165,0.1831840378426378,0.6968820698231916
0.191531149634844,0.17884510294866982,0.6727109569086503
0.18272072056224667,0.1787321356219569,0.7045294875471022
0.16284070100747278,0.18362230875019253,0.8205707045197539
0.17839324867291084,0.16791322519047935,0.6609735854223757
0.18346155766752997,0.1802599408502715,0.7100121818780655
0.1777105254175755,0.19148629457308086,0.7961615905452043
0.17818211392431738,0.19305226797423006,0.8028430285375967
0.1780067728260808,0.17513172821444523,0.7029604898050905
0.19455161467028523,0.1740156218339688,0.6374432925891839
0.1725574209959571,0.1716436216689807,0.704945756414792
0.16637299299619862,0.1567474899874651,0.6416154933866227
0.19542552836064397,0.17015250738248547,0.6148250353492841
0.17816311430477477,0.18597347059212874,0.7631965298918477
0.17221607444261744,0.19173559255890704,0.8230102388388459
0.17116949595915926,0.1755411544144689,0.7334318168724572
0.17959317333545305,0.1759434982200948,0.7012710777421995
0.18566563361941263,0.1832272221549064,0.717565332677574
0.19286921551582326,0.18766748913062845,0.71378674280621
0.17333161690063137,0.1711688328977254,0.6990578814434634
0.18739942169076904,0.19437935519213842,0.7704365034294568
0.17951364318156066,0.1798236469255364,0.7231965472074584
0.17838905328389604,0.1695028731738359,0.6699002599876678
0.18249060546535145,0.18919352105525647,0.762743488632265
0.17376254864112117,0.15688993754727723,0.6151494575971106
0.18055742064288022,0.1903446816007715,0.7772855920353203
0.1724579031352419,0.17448476831480247,0.7218269853204768
0.1771668729533887,0.16315974635418667,0.6387184266889339
0.17453599582905363,0.19095568398435342,0.8076023705872691
0.198555987292893,0.17253169291152223,0.6171140673324237
0.18361456850981858,0.19645017168180848,0.7975955985974893
0.17102235954823433,0.1759416950344483,0.7364048500273925
0.1856857212573966,0.17626924575221448,0.6800159155866417
0.17813313901579544,0.18834101006514886,0.7766157988878301
0.1735947411929837,0.1855221750792028,0.7806813394683656
0.17587713368840766,0.1783310235417412,0.7296629234878172
0.18296770898098197,0.19240527536924276,0.7783082389912016
0.17908935559189312,0.1854953918283492,0.7565798167095682
0.17034683829601194,0.19010207633028606,0.8224518736698269
0.19188135678175305,0.18009216678979906,0.6779823166341618
0.1871278548068454,0.16157125327974783,0.5962300663090079
0.17100861034149903,0.17098948980382866,0.7075052511228312
0.19495914076691434,0.200571819283997,0.7723250045711623
0.17907887825283839,0.18145665899702718,0.7340712666930256
0.18853556873442956,0.17670536041868268,0.6720501668157871
0.17444084142417798,0.18656750370790634,0.7828872103168937
0.18247365169500146,0.16238623746184286,0.6159039204722699
0.1866053126155145,0.18422698160447987,0.7193095401364267
0.19323888275404252,0.17257701341969478,0.6343289283850431
0.17444833679042596,0.1890112439646808,0.7968619622420497
0.17062598257598627,0.19001467788875506,0.8205941192244924
0.17860673737148405,0.18317363823259938,0.7456249422193497
0.17423342226046504,0.1597799469209834,0.6300739863610735
0.16449792500205135,0.1862114069384571,0.8280433138397248
0.18747667598261866,0.19505449829611088,0.773720237655372
0.17529149569464578,0.17536910745017545,0.7152035924695734
0.17915715143454905,0.17933102888905092,0.7218859412168038
0.18555981025866378,0.16539753430989906,0.6218886198958654
0.1999330253045613,0.17160981956387641,0.60825278554469
0.17058536160154775,0.16451843166969674,0.6713262532877129
0.17995654162197092,0.20893918834819175,0.8832087287055691
0.1740200662657034,0.18621352691059403,0.7827460926409241
0.17489747863532634,0.15386817586347368,0.5938803502138884
0.18979744948758037,0.17085959349981492,0.6367819684938575
0.17726710294341777,0.1812346691956301,0.7403216220976948
0.1802095638176439,0.20556246821639684,0.8632309236029908
0.18571302257419237,0.17740848295537948,0.6860503436396325
0.18552104708715564,0.19646951771341015,0.789503509241194
0.1970521926421497,0.16506595593553056,0.5839364403546241
0.1757983910277675,0.17379454954462017,0.7041847699565504
0.18420750978797998,0.16261927853439317,0.6113718092384846
0.18397052106857079,0.17765173981047375,0.6938706216029821
0.17347064569976567,0.18436046653826302,0.7745429550703776
0.17946254119948338,0.19000171474155958,0.7801166405302334
0.20169879979815242,0.1949942156872704,0.7188650395162072
0.18395952862835843,0.18186825202948784,0.7168329524038559
0.17405875830851844,0.15272242436253378,0.5901594689102555
0.17421588624865023,0.17040290184713786,0.6911132184311389
0.18505473078551138,0.1678729455636148,0.6369626167527488
0.16842306443720395,0.19986833045029026,0.8898325829130619
0.1931668412618612,0.16575749809838616,0.5992617435901577
0.18963615405667136,0.18210755441020862,0.696636962858513
0.1878505405942751,0.18580456573728113,0.7229394459428021
0.16712840923442165,0.18303848255912453,0.7960255420879337
0.17360907711109244,0.18585539079677313,0.782536219058634
0.18195787733411786,0.1773631564575878,0.6999595638484988
0.1906539841493756,0.18638997901802384,0.7153796424792445
0.1832500989996038,0.2094131185410793,0.8699210500367806
0.18723975928351758,0.17866096309366716,0.6871455271358756
0.18179381876749687,0.19047660970675853,0.7727248960341137
0.19179648327733648,0.1826686346541871,0.6917156789697188
0.17779260408410225,0.1539906406624977,0.5848985743709925
0.18904948307689273,0.1826421001630822,0.7016263573126631
0.18142851495651413,0.1921543358426708,0.7835280792368453
0.18489208268134785,0.19671260782138353,0.7935040034907026
0.18377905350772897,0.18832623438161036,0.7526768243791881
0.18659091087708338,0.17461118491341404,0.6678309480760377
0.18247246801843828,0.1566094476349927,0.5842494968842102
0.16810294501420364,0.17963243112619562,0.7711490784128885
0.19067513089856544,0.17448649202846508,0.6528721991264235
0.18694107683437236,0.16805123226190194,0.6314889924727136
0.16361768659368048,0.18941884968026967,0.8521013380814697
0.18334568758160608,0.1818580704710212,0.7191773758645508
0.17730095790669473,0.17152605091880613,0.685422415950847
0.17539904250611757,0.1793777884782234,0.7376196963772533
0.18986985143918556,0.1854516260005825,0.7133919628307447
0.17639422820483222,0.1851318782934735,0.7660787978649499
0.17078544050622002,0.19692656383699297,0.8602991180131769
0.18495565676078676,0.17469580618014272,0.6741929842211779
0.18636663988090138,0.1737566659700321,0.6640494567542746
0.18603591850067783,0.183722723111232,0.7188005638316817
0.1842073052628752,0.17580471817935037,0.6829518405897054
0.18998946399632244,0.17971406024011596,0.6827434401448007
0.17325460192916384,0.18882526719509404,0.8012789596887796
0.1846987966710978,0.19526997518143124,0.7865236688039751
0.18435523575597906,0.16167620922410209,0.6057664094331542
0.1686247694029676,0.18364483876775795,0.7925575776378554
0.17677009306606192,0.17573404383935973,0.7112857251954424
0.18451269214661328,0.17031175742059326,0.652051390182925
0.19108074391433402,0.17774544242212564,0.6685416845529811
0.1842639598001995,0.1669166000794923,0.6345060651375718
0.208511169331766,0.17674819149093698,0.6078724314727982
0.17915564857592084,0.20553840869794818,0.8681747404243054
0.1759873499351771,0.1962174263113439,0.8308405482848704
0.1736064823870111,0.168190771829925,0.6807969967760134
0.19165649103434876,0.18219213588417613,0.6897347184577463
0.18453260405718655,0.17492025647311168,0.6769549322264967
0.18594191115645328,0.16719751835677682,0.630291028138168
0.16536205203378354,0.1724028975416108,0.7402115300105483
0.1955826114834362,0.2013189716545977,0.773683153665288
0.17819150054510402,0.19242155201186356,0.7992611969492545
0.17941387893778998,0.17843571952360573,0.7158627876728508
0.17692637622992052,0.192852029708752,0.8074094589667737
0.18535404949658837,0.1896242946660123,0.7532842958933152
0.18689043638359326,0.15065436939083326,0.5385742113857545
0.1880473203815497,0.192588576580786,0.7582590184825421
0.17837844299789216,0.1726339818091204,0.6874932853325193
0.18424165243590948,0.18332692641418616,0.7236524675687296
0.17451440835001153,0.1595855102003959,0.6279453440922069
0.17665767000169258,0.1732976191396534,0.6979465943282965
0.1707090122386368,0.1713504850951032,0.7108616206241382
0.18257569716836422,0.15966398582172858,0.6006494156809967
0.20689966321153633,0.19515913989236328,0.7015919583394928
0.18056097525959658,0.17375073390064136,0.6853681074923423
0.18080658856595086,0.16071200037617472,0.6123228210557797
0.1805988729038669,0.1829989022450961,0.7364326261099738
0.18353996741562098,0.17464841958694188,0.6791350207918426
0.18829060500842135,0.16355174207775383,0.6030664252880551
0.17894246334768427,0.19945786675365035,0.8352286201808595
0.19905137665047123,0.17744100913050256,0.6402417871959031
0.18832244116982919,0.19528756626300953,0.7714830232685291
0.17798430359675194,0.16470892152488079,0.6444889757513096
0.19174516024686553,0.15879998177006016,0.5674197024320394
0.1767241106060277,0.17652684762359974,0.7159569070100849
0.18937521757153655,0.1792348310660339,0.68242736680799
0.17884013543999758,0.18430246907474285,0.7509638076728169
0.1919256220733464,0.17864169111823575,0.6702684598780353
0.1756379209040553,0.18643285880961102,0.7767847518767853
0.1837781547552065,0.18398178664434925,0.7290408744326207
0.1663508444156538,0.18125890435230527,0.7890486207832778
0.17319821051224776,0.17114086513276044,0.6994348542890628
0.18683473643380138,0.20924098369126576,0.8523093014220483
0.18020774452978738,0.1832441405130831,0.7393918660974004
0.17294640956082014,0.17576786418437834,0.7272071418178214
0.1866717224045778,0.18913540701239265,0.7453480646138859
0.17659605133484266,0.16922948217803083,0.6751537266932461
0.18608600976087034,0.17033533798588962,0.6466651530683389
0.18954005377448863,0.18319733002578759,0.7027397501124665
0.1790215697550351,0.19666778640885832,0.8192743846987364
0.163279807677441,0.17774381063784478,0.7823613492380056
0.17270305275510167,0.17181242204991953,0.705328713689001
0.17255611109493685,0.18355340595909783,0.7739708846684628
0.16605918612631293,0.15854495359958723,0.6536522075750901
0.1831445785426146,0.17654496993433605,0.6909566799155412
0.1710883270174676,0.18314803802406004,0.7782415103659647
0.16532919062405016,0.16827556096834567,0.7153943022517908
0.17453598335476758,0.1780829138872261,0.7338481809042239
0.17022793079750145,0.16895546627636174,0.6988011057825049
0.18406525463004572,0.17158900009466674,0.6605755134995438
0.1905586521456523,0.1886582594048249,0.7276408488597114
0.1786687051173861,0.17457993168070493,0.6972677817240315
0.21396380951556768,0.1888840570403478,0.6491006930321214
0.1669061720926574,0.18744434273947,0.8234826850092052
0.18614729191944893,0.18266977430472608,0.7127139639621294
0.1803874259287868,0.16479457920730517,0.6363779438408511
0.17724150730451368,0.17360184926621383,0.6973640156075684
0.17951914237345568,0.20125187940059125,0.8425390039238283
0.18404961274994175,0.16791451582953865,0.6406670140063957
0.18843811827163837,0.15863763454749813,0.5765162353770388
0.17154708338762648,0.15470955093583214,0.6103837434486207
0.17644892538489768,0.19743723714132902,0.8355802497505502
0.18239400966933073,0.15435389630188862,0.5721344494321711
0.17440081327652784,0.18646069200098447,0.7824544475295195
0.17805203073979817,0.19349056181465576,0.8058911837088234
0.1892395051036372,0.18773069128241301,0.7278115169820627
0.18475914912920133,0.17153719611933135,0.657814222960839
0.18106807949189457,0.18996259115945205,0.7729832422821792
0.16382061031930648,0.17572135454588939,0.7674330739022583
0.19126253161613777,0.1797817795328278,0.6785530779928122
0.18458258860006488,0.17777953002546665,0.6922620979291095
0.18930327789111492,0.19630280237088182,0.772848753601792
0.1984210383363098,0.18056033930049353,0.6579964523681349
0.18543680879898972,0.1859910333946722,0.7333551212158971
0.1810544167432242,0.17397466142358559,0.68473701803922
0.17352666102326,0.19726471018737138,0.8486575452957721
0.18181617933939762,0.19061016179123033,0.7733644074037673
0.16555640442626,0.17142427573644375,0.7334314619675556
0.18491117100653567,0.15470355856735996,0.5662370639773798
0.1978679692656476,0.1776632493040286,0.6451941149334501
0.18775940936156174,0.20058072979150446,0.8019876623148957
0.18059983705039934,0.1786306812041772,0.7122414023456771
0.17817613274358093,0.16398933927385193,0.6397565011577487
0.1679496456901895,0.17471024447857764,0.7425454454880245
0.1750653053784342,0.1911575375745767,0.8063136054824802
0.17465698758972986,0.1924818899824059,0.8157812175090102
0.17327984017696477,0.15760347998118512,0.6209809512248705
0.18826223024798389,0.20834769371898257,0.8411017627402101
0.19371535231906367,0.18154965024330388,0.6790873757214234
0.18220422181496898,0.18447651995799685,0.7380538091733116
0.17942469837265565,0.17026450749925917,0.6702784432134093
0.17630868916963227,0.18700493457938364,0.7770742056142608
0.1828684544633737,0.18318267859243456,0.7282977208029578
0.18369409496193742,0.19089762999625284,0.7670231861587479
0.1757078095598654,0.18940475737675905,0.7933896491337369
0.1739972643086165,0.20130384751146216,0.8695760138107496
0.17289756313300542,0.16984263051371506,0.6931423921893183
0.17209920953564514,0.1760396836092514,0.7323664295107996
0.1771955423706952,0.18842166375568117,0.7811802819853186
0.17453151047349927,0.1732345497112174,0.7060876822579797
0.17561904191448036,0.2040386074636499,0.8771179126387713
0.18542757864748885,0.19763222709308803,0.7961718972437617
0.19614693597915875,0.13497255350010304,0.4332086712235548
0.19487959794641707,0.19787638286806977,0.7588089488399343
0.18004031227880335,0.17958629202283127,0.719762648612601
0.1820672623244317,0.19024456637985496,0.770289862050809
0.17260335099755073,0.17274548058101066,0.7111419324805139
0.1952778883205798,0.1911995683483488,0.7230699264657511
0.17193995138353924,0.19069644295949806,0.8182882560298765
0.17080164119079955,0.18233117505192828,0.774765243058194
0.17736689839582406,0.1674599475357543,0.6622427780950574
0.16688103554499187,0.1825262759130169,0.7941362269248817
0.18029632514889138,0.17630971435255838,0.7005673257524797
0.18842859424331065,0.1695712066773067,0.634570390749235
0.1741462780174636,0.1760323815823589,0.7237156200933575
0.1808303458066529,0.184232737698827,0.7423131173036139
0.17778110607376127,0.18570868487768424,0.7633470613090841
0.18294288045876603,0.1504219739791075,0.5489252914750179
0.1656321201748061,0.17158531464589766,0.7340684555482234
0.1739821520035529,0.1757603279876685,0.7228346502180312
0.1867561843701163,0.19678470109472931,0.7859696940682248
0.17517332501545368,0.1891944991492548,0.7946101333463593
0.18448103700093307,0.17429432092252972,0.6737512046937435
0.18336442767925343,0.16075143892853702,0.6039963166807183
0.17747354170801483,0.175834151505486,0.7090304858653939
0.18766185522053966,0.19686414346354011,0.782599869808096
0.17111172707471833,0.1482863185463692,0.5743984952209097
0.18255216114036166,0.1803790460738763,0.7142016027607023
0.16982519986163483,0.1610831251918125,0.654102720222426
0.17123665029683868,0.16742657585836127,0.6857560905028353
0.18409732918540775,0.18707502578951393,0.7445791114734922
0.17389213939017029,0.18270324971537946,0.7631354136004198
0.1858556603621201,0.20045515256597468,0.8095268784003067
0.17788938218034658,0.1783611176598539,0.7215782981904999
0.1741207808942621,0.17987761769525729,0.7459053251899195
0.1751617486779307,0.17847614891877508,0.7334714907134419
0.18172565423111042,0.18026018210314662,0.7167957801791024
0.18367439574863403,0.18759204179336048,0.7491084493979273
0.1833516237674688,0.18126217068097886,0.7159040535547635
0.18302380805833668,0.17686920368011305,0.6931841547066653
0.18472138150351647,0.16385459015136108,0.6163584812145511
0.17164252842840802,0.16478483621852877,0.6687435641360028
0.1737670771871996,0.1928039829351374,0.8218126543113481
0.18071255652531412,0.19280297990623538,0.7902216794007426
0.18949500451810072,0.1804039289202332,0.6881655231590914
0.20211367281513487,0.1737292247490597,0.6121764204553829
0.18991424069617568,0.16956518163813905,0.6295745974595929
0.18287441628415227,0.17762744196858132,0.6978966471191488
0.18027832125661403,0.198612050336601,0.8243478711179133
0.181845822782854,0.18518114304280284,0.7433832736659864
0.18476099261758233,0.18230642287092005,0.7160949992554295
0.17637053317996174,0.18837840146110518,0.7845891202240068
0.17879051954749783,0.17422276962394337,0.6947950592589565
0.1836776010640253,0.16496976881025596,0.6259324389269459
0.176222260198026,0.1852543068747071,0.7675211220348549
0.176515509941435,0.18569548213628426,0.7687453764335259
0.18185312656213296,0.1717372353211727,0.6694261331799498
0.17248927414425766,0.16904951109853125,0.690185008251393
0.17835334958018445,0.19072011325108842,0.7889961897677912
0.17634737327395308,0.17874268758556908,0.7300516315917513
0.1955257519603275,0.2008223810637387,0.7713683724604256
0.1759182202643256,0.18036361369959808,0.7410466835312481
0.18424269602834709,0.1652076623639143,0.6253038239637394
0.1859710169560602,0.1744112147923753,0.668981741503141
0.17792813628148732,0.17468924235258526,0.7007842883000998
0.17761604832525807,0.16914504457704113,0.6708011224236767
0.17525135651159757,0.17867010315106346,0.7342031794347252
0.1933352706008523,0.17285591767947456,0.6354552756859098
0.1899444898811369,0.17804110686498992,0.6740975057771628
0.17998231389892067,0.17037413111913602,0.6688108876449881
0.17947740510118707,0.1695657118098396,0.6661881017414418
0.17993620978935942,0.1646152374918316,0.63697705773621
0.185203085676799,0.1727390457716374,0.6627267862363339
0.17574990778869612,0.18897419087198078,0.7907497228338194
0.18215083769137705,0.1897304559783238,0.7671139905218156
0.18944190710412168,0.178279436882191,0.6771439268275823
0.17793716410137803,0.1663377394259834,0.6538136089417558
0.18619370492513013,0.17733848527006968,0.6839032786917981
0.20067458350508596,0.17274278474960483,0.6116508757896288
0.18872717957052365,0.15892711348664224,0.5771670711898617
0.17081541605388614,0.17506486557960454,0.7321638085648609
0.17918856865076882,0.18053508238858834,0.7284788498031696
0.18357467127472837,0.19775930377285186,0.8049002770742969
0.18239694204752574,0.2072445857946619,0.8621009981279725
0.1745348858897592,0.18282146300399008,0.7610023768422065
0.18727618025255133,0.18667757593082657,0.729818259569957
0.17790010532979228,0.1654891396668423,0.6491797149459122
0.1749837841150283,0.18622110426350663,0.778478445602477
0.18299326855547488,0.18732093523962987,0.7504152274213336
0.18919087946445795,0.15721367207030326,0.5666957750489489
0.18350662223052425,0.18945608836592678,0.7599512577303046
0.18137683952275196,0.18043413672729275,0.7191333638324372
0.17191740920896745,0.19063971655602246,0.8180655886052436
0.19225187605895133,0.1798633406917023,0.6754854275225982
0.18328172562713896,0.1670371435957992,0.6385641732438447
0.1847317104481589,0.1791732873462434,0.6992480448152034
0.1984285040401826,0.1911854937428816,0.711518208665681
0.18288048194703002,0.17118950178630982,0.6626705075143637
0.19672845998363792,0.17228488059196814,0.6215922221021741
0.1822372050755926,0.18875476957545662,0.7613964970429649
0.17892370223916018,0.180327216499159,0.7283954829246481
0.1736938953406862,0.18039440389857708,0.7507137982185227
0.17591864875602603,0.17522763609487585,0.7118496929143007
0.18808721288195304,0.16245516041441976,0.5978883874737336
0.191367128637282,0.18248654686684976,0.6923161141115581
0.1840181056073366,0.17158879792499457,0.660743667171775
0.1816853824966624,0.18139962083875433,0.7232261562988875
0.1706256108822252,0.1747353743340918,0.7310471956064717
0.17595644962800172,0.189470145067539,0.7926401411394682
0.18273561823993606,0.19623841431267583,0.8002731800248237
0.17222324548295137,0.1778038248814393,0.7420823160256309
0.17193835202203192,0.16977838768237688,0.6966356619902269
0.20475359416166425,0.19952239074115197,0.7302552678176473
0.18121191595565045,0.18620602304282263,0.7516394400694792
0.19030208562947548,0.150956317064369,0.5305055734435529
0.18896069824881453,0.1992947482351546,0.7900835973762667
0.191271080332045,0.1728087026626406,0.6420662363042322
0.17441507615388033,0.16448954662976648,0.6564200134210666
0.1869633453579571,0.17729835452778503,0.6808733245763312
0.17828707069236044,0.1736439434935609,0.6935104324357437
0.1852052439865834,0.18755364423916837,0.7427092304639766
0.18400240346896346,0.17878417000108426,0.6999048250084782
0.17768842169587423,0.1792027358395011,0.7271308654012377
0.1915403693662257,0.15848985739060145,0.566407268345445
0.1833544719738544,0.1789197216776596,0.7031174112625025
0.18095465528776147,0.17947137391503482,0.7154907051666848
0.1807740882655803,0.2132410762007584,0.903011475632151
0.20080700143425387,0.1845981388683131,0.670286085181058
0.18456263927266087,0.18481945949544223,0.7304807735018825
0.16962545961542427,0.17278211480540784,0.7238424885260744
0.1748114276627551,0.1905395570710249,0.8039494840243097
0.17767077636289225,0.18069354252218026,0.7355939181311332
0.18615159957369057,0.18397294413161158,0.7196980549102219
0.19035525713675483,0.19034656904786634,0.7372875914167094
0.1849866216498887,0.18523571522176782,0.7310567327280512
0.178733969303267,0.18125251369928194,0.7343456546672398
0.17700755914840757,0.17866704112871418,0.726901391939067
0.19145067157464757,0.18464193600564324,0.7032722053061363
0.17375803625143138,0.192490960920823,0.8200539324387603
0.17600715093919203,0.17317349424174625,0.6998209651396546
0.1931570680688946,0.1554378660505522,0.5458659478769112
0.1866807274577711,0.17078432316845546,0.6470101376467905
0.1791476519868443,0.17734964696122457,0.710864170134792
0.18909304414250064,0.1775135365085549,0.6743428193607197
0.18493105256618203,0.19045533426939468,0.7595010806480396
0.1893799948925016,0.16818909158511988,0.6240843530078662
0.1901197343158315,0.17436589187273457,0.6541450960905244
0.18542290735416025,0.15790262760480944,0.5819271693260314
0.1851801906832308,0.17788775650197294,0.6906125111445516
0.18103527477001635,0.17120464929900622,0.6695084670818006
0.19312076033851824,0.19157130239558745,0.733071380557064
0.17317037289196946,0.1714800059863906,0.7015057134638997
0.18420358355809496,0.1739858904331305,0.6730916306740975
0.1744254461852625,0.16812201771301316,0.6772063382744752
0.1799092901291349,0.16603713326965086,0.6449757718812741
0.18346423744051668,0.17661057194589042,0.6901103654435131
0.1723405636963987,0.17407650235679917,0.7199494982236264
0.17991335606976475,0.1792311042416352,0.7182963347730751
0.18399769802327579,0.17835465626085728,0.6975883809406157
0.18390031175833813,0.19467508846963083,0.7867038782389187
0.17814955406510372,0.21030552972727978,0.8998368284924085
0.1842397759673041,0.17835546358700585,0.6966761814223238
0.18904960777198704,0.19469189520267993,0.7653646939971069
0.18447610266543626,0.1900449293895539,0.7591494365182776
0.18362561946129918,0.1891137847215368,0.7575946380992676
0.17340802307824038,0.1764361009117368,0.7291248620872045
0.1924346293571783,0.19039063832994324,0.7295497634646824
0.1832997701410864,0.17149293134418506,0.6628100583578014
0.19365080071339272,0.18714418350646814,0.7082035447374391
0.1875997337306341,0.19099190152383205,0.751557044991737
0.19126465315371108,0.15870477298871635,0.5683474243479534
0.170725341260956,0.19855045783933814,0.8701136969014853
0.19620726260543886,0.16521324931196735,0.587201756866943
0.16459589771330088,0.1839450643456321,0.8137813044341023
0.17892375320128456,0.19325678001262936,0.8006582549800932
0.16828324562588867,0.173163044189944,0.7318794199141391
0.1840835162924417,0.18820520399631377,0.7507744679146392
0.18358537891923152,0.18016175045072177,0.7089984573770796
0.19823570555169692,0.19699491883936207,0.7415158557348185
0.18647562342572233,0.20045067611387385,0.8068114928373035
0.17439567461230568,0.1894588566615196,0.7996692404874536
0.18143200518847025,0.17953737903449982,0.7139720409303602
0.1923373263973766,0.18410622466776116,0.6972449247354742
0.1788035433545806,0.1848502380983657,0.7541810165973487
0.1810363709360685,0.2090520353123953,0.8785639840767866
0.19233234291692258,0.19073067142501982,0.7317056990555564
0.18019848497819427,0.1618916232908877,0.6209354274228644
0.17644799622518256,0.19278860950997978,0.8092390537989067
0.16954372246567526,0.16646157786490384,0.6869117663054845
0.18452130643464776,0.15197120088140725,0.5526256173431255
0.1750826820995884,0.18144655935472362,0.7507684813735933
0.17988478710027875,0.1773462168320627,0.7079321096845848
0.17800691641422783,0.18804303940626058,0.775492560553265
0.17906630245251984,0.187771296231485,0.7693870613540792
0.1898400559755031,0.18989699791761008,0.7369203364313289
0.1663793381407146,0.18619136003426504,0.8185593328847226
0.20555824641957157,0.19381731023448548,0.6996426207145945
0.17885055087892676,0.17817651751769753,0.716668284709209
0.17402053300059447,0.19232351008536774,0.8178546958299545
0.1793802018948061,0.159803722242353,0.6121284349247481
0.18675702330731023,0.211297826780814,0.8636774345851352
0.1649787891767828,0.17568313942523403,0.7618139280350664
0.19456877117840185,0.1753904552984518,0.6444531388003687
0.18125462553007415,0.17853250164364814,0.7091267396225526
0.1809199744266695,0.181088697662174,0.724567301524282
0.17971541454183376,0.17725488843758164,0.7080911159568871
0.18342336922623148,0.18389688212455538,0.7299881290448278
0.17630461243860868,0.17624307783346374,0.7160509080692545
0.18065182340907235,0.17414227288859682,0.6871908101779082
0.17824115510989344,0.1817873496180776,0.7393766581956055
0.19165579029185334,0.16935670408365727,0.6227659696683359
0.17183233164802664,0.18300787971011367,0.7740561885789972
0.1847761500532398,0.1643566213027923,0.6188927589942889
0.19631638378517477,0.16978129345990972,0.6101441517534475
0.18848973915060746,0.20959200876845524,0.8466880451298079
0.18790945684885088,0.1670161225881458,0.6227260966555307
0.21050171463420886,0.19177391222118792,0.6735047857807238
0.17768962440606365,0.1849307193601423,0.7593618356229571
0.17516351736249958,0.20736761265440098,0.8984040456822403
0.18771082843477557,0.19414361616422912,0.7679025092274584
0.20201682123917342,0.18735987696192338,0.6799427697127217
0.1844020735964092,0.21122112625305722,0.8742912870161815
0.17817651019175648,0.17760145016682252,0.7161519216505909
0.17871162883939318,0.18167208492190326,0.736785209653234
0.17946640271563133,0.18033092414388935,0.7262134983025303
0.18983641850909821,0.16279619300647036,0.5941757324138751
0.18554080430441242,0.1968368472810475,0.7913992171777792
0.17292837777313858,0.1782612141343047,0.7417013666927942
0.19497177535103655,0.16711770842031515,0.6006905779539157
0.1791900213624764,0.17697234109541474,0.7085904679846396
0.1841576646011374,0.18743819662469055,0.7463072303961097
0.19339760348920326,0.172133843025285,0.6315168379638341
0.17331119457782224,0.19829919129648357,0.8556815481985066
0.17061801094943707,0.16648252826267773,0.6827094491049805
0.19048597225142463,0.20032062862226752,0.7891427743763598
0.17624219000951025,0.18985552787040308,0.7935417045308861
0.17752298716792056,0.15524888164683656,0.5928746655624982
0.18969655960004592,0.1549064189403315,0.5530222538643558
0.19257035041611192,0.1685160336620412,0.6154427896399841
0.18709089740058607,0.1710368679098918,0.6469415112737209
0.18195252232459835,0.1882505624104404,0.7598166853867798
0.16955025158605863,0.1929617275409256,0.8431820431027938
0.17867321266329866,0.18080953249390896,0.7321160824505543
0.19460634903649612,0.18593052961454648,0.6984896961869128
0.181504684398475,0.18761598812633862,0.7581952420810075
0.1793966610642621,0.18374995223199314,0.7455543009470074
0.17875022886351635,0.20706945959349904,0.8787091384002002
0.17456669657891707,0.18283742393289829,0.7609551336892367
0.17090366677470445,0.1830497834141486,0.7785074827536782
0.18829693583318433,0.19462121676244154,0.7680486999032428
0.18054377772916194,0.17216436876936292,0.6766467961727521
0.18867187341244065,0.17868714106217098,0.6820684966691257
0.16739589428028057,0.18042204438705434,0.7791233168997636
0.18221412463415573,0.19189098254520914,0.7787046302260803
0.16969640913937306,0.182587861218951,0.78132390597644
0.18143661604325173,0.18172893094030695,0.7260327811057984
0.1838616660765505,0.20411444169031406,0.8382086651284275
0.1819507896211851,0.16199023189460798,0.6154973667757505
0.1750260098464336,0.16791056731931472,0.6736745437022102
0.17937526336948614,0.21175346519877003,0.901760154439925
0.18273261883013467,0.16315840926393246,0.6192567588008068
0.18756775986551102,0.17559975601918984,0.6696233729573077
0.18185151619804785,0.17384496243017308,0.6810224353328902
0.18783051780337587,0.18788716092532737,0.7341041409983758
0.17951884887188213,0.1927098393379368,0.794957411072667
0.1887786167011816,0.18102153291423786,0.6940485909038752
0.172058745225045,0.1869280380891549,0.7958214382538896
0.17292436558773372,0.19135489850254556,0.8174377163224503
0.1851661721854369,0.1819852226452277,0.7127933849226494
0.1747395885025079,0.18591600115756046,0.7778203114837355
0.16955267690523929,0.18225752831842884,0.7800379842563371
0.1763308505972289,0.17454286133999164,0.706302163904771
0.17203593228085567,0.18179178211545977,0.7660712524887203
0.17831843711183235,0.15953216883330532,0.6142503860361463
0.1768118934815734,0.17224120993395758,0.6913630498883666
0.1965061039793994,0.17367801877379677,0.6293851247835155
0.1736200477852224,0.15898266316070583,0.6277078283927408
0.17485469085440183,0.17448792616548414,0.7119507378223148
0.18781853003927237,0.20477938136535603,0.8240900476273136
0.17947921052773108,0.18677323785870464,0.7620561593543004
0.173858337475215,0.20711490966782445,0.903694996452054
0.1820837252393641,0.16562323569972073,0.6350003853871312
0.17015671502324625,0.1569646091441912,0.6286240841542929
0.1883617247305445,0.18168588284304948,0.699111685409703
0.17893195830421527,0.16617405645767025,0.6492638741490453
0.18456072504578575,0.19004341785516202,0.7587931713013161
0.18704007129561998,0.19021367045400905,0.7496450866531108
0.15974077053549335,0.19373056148583254,0.8997738085525043
0.1661990692300044,0.17160234789298962,0.7316668405928496
0.2016420520121458,0.18032800212324906,0.6463334449472813
0.1799898995740817,0.1895269791689643,0.7751933830683462
0.17063071637908658,0.1763872888028428,0.7407065473607394
0.1790491919961528,0.16757394329659767,0.6566572123884478
0.19967155256421523,0.18715040030224867,0.6868800214198791
0.18490275572414716,0.16329975241337089,0.6127531846112698
0.17716014858048823,0.1889578007057333,0.784362633578405
0.16989033202570758,0.17409502267696633,0.7304419339070362
0.1896166598552085,0.1598676437009204,0.5794197819158688
0.17548345913864968,0.18117491930357427,0.7475058899991983
0.17245411052755494,0.1678995804365526,0.6836576992910496
0.167968588237454,0.17055674899096873,0.7177338945097279
0.20216307523370852,0.2118382178909152,0.8005330236682628
0.1793229936535347,0.17074339204635136,0.6733291118239779
0.1849492594722981,0.17580413643343948,0.6802089221248412
0.1737724127768586,0.1694984386542907,0.6876720921619407
0.1728474067460595,0.1769020357316412,0.734185361068683
0.19189521849514737,0.1918189709476375,0.7390437972336649
0.18650727493155447,0.15363256724970845,0.5556489273018446
0.1947953815877972,0.18245756176113148,0.6799830708585403
0.1771206478570338,0.17721625612282957,0.7182463346990154
0.18202727518756182,0.15922031145080753,0.6000216799282766
0.18657436779094372,0.17615177673907145,0.6761474163504835
0.18583023399675655,0.17225505621433707,0.6578857142076832
0.1723512246528612,0.19751355081233068,0.855889194343951
0.18407278171522187,0.16640465755485598,0.632383867240867
0.18756583037728164,0.19211041019244698,0.7576561781354163
0.17272687065212128,0.1866072121386385,0.7908857007765215
0.19606753548591999,0.16056766504810363,0.5639264285853367
0.1864619559211748,0.19783616387134031,0.7928489387606595
0.17904098745868338,0.17857149705689382,0.7181120864101789
0.17530001311322213,0.17309289699265706,0.7021841858799763
0.19199915918971544,0.19350634700631975,0.7474321638279694
0.1781766202903109,0.1755829641627681,0.7048229108743354
0.18657126130669097,0.17714639268344481,0.6814896988579504
0.17626094638315637,0.16940552743198917,0.677436096209453
0.17710776733656117,0.16441802066536612,0.6460361529369598
0.1903664863991099,0.19190707131200418,0.7454414587160637
0.17620942817974242,0.1771958442204519,0.7218447136137675
0.18790298850585035,0.1752662101408818,0.6666536340744875
0.18189328004043334,0.17399486005803008,0.6816901648618743
0.18501171341352854,0.17823502029896765,0.6931183865766565
0.1877546138046085,0.15760157194790803,0.5730968191273652
0.17816327575224444,0.1757224789568908,0.7056587752221266
0.18014891973522973,0.18315394954549238,0.7391326561446647
0.1680961946610105,0.1550458178240792,0.6249149068241479
0.17831256887329877,0.167138854945357,0.6569298826522476
0.18448958638064022,0.17962660152370843,0.702622863798187
0.18906733661395247,0.18419253798308527,0.7097605561403056
0.17582798684083878,0.17718414787612669,0.7233441624469888
0.18074525055097654,0.15849434599039522,0.600261117012289
0.18320314953231243,0.15808683098605722,0.5899834760591461
0.1859102801782051,0.15931694645473016,0.5880091533934751
0.17606417521029608,0.17613016872036735,0.7163874682042153
0.19124318510775326,0.19633040377133193,0.765153559270016
0.1857265609938017,0.1739697976862176,0.6674855606159362
0.181527324197928,0.20358645800607517,0.8460790059275729
0.19157484041911096,0.17640526345256924,0.659821838692548
0.17146859925261335,0.19406999469517414,0.8402121165224271
0.17890149469463257,0.14860824397872707,0.551187367925806
0.17582642485795433,0.1901687378452639,0.797199499213515
0.17979881692106345,0.16483178407397825,0.6386681850325662
0.17177514471910943,0.16707523333966154,0.6815609646617128
0.17770983586363456,0.16397291774727138,0.6413427663887348
0.18803131548413787,0.16649499439199267,0.6195510258067628
0.18786488034566362,0.19513424397688758,0.7725459048537787
0.17988510643649727,0.16682543810969247,0.649444750730011
0.18553771119354756,0.19952036830490275,0.8058758909067678
0.1772459744436021,0.20241279633577194,0.8598942617129404
0.185493121549111,0.16978116987886094,0.6457445369323185
0.1832432015446882,0.17063580116308216,0.6583371178093189
0.17641541053211038,0.17722807520738337,0.7211845882603656
0.17258606831158207,0.18323824808720743,0.7720104489932686
0.17559506203294234,0.19944676534383177,0.8510875170042934
0.17048034880364302,0.183636064397946,0.7838795810528651
0.1973778884066478,0.1658167584496916,0.5867767630134948
0.18716458012949425,0.1803932611503015,0.6966770158118903
0.18675625193072212,0.16777003641455576,0.6306082671772775
0.19140316910059707,0.1770115054469296,0.6635809952560152
0.1781475611964559,0.18245122281278559,0.7434916421152815
0.18322776114303446,0.17847528941471588,0.7011780781102447
0.20552312174494988,0.19057901113973907,0.6840058186455286
0.1944757269139276,0.1858168644912646,0.6983743763116278
0.1768868031084306,0.19188002940761692,0.8020950512664602
0.18662007354874524,0.18814964840121487,0.7402721785185135
0.16716439082690135,0.18835715272155074,0.8276712045977515
0.1747033282486976,0.16432615196621164,0.6544016826254363
0.16665487712847693,0.186896747426853,0.8214385908509421
0.18764802950640522,0.17362682471506302,0.6588229305698258
0.1904284049060043,0.15891527005610898,0.5719486549806984
0.1687074670440858,0.1859201144829607,0.8056555934625155
0.18253537772223352,0.1886388497938033,0.7595176974666898
0.16385011066617197,0.20163811085398192,0.9254684677200448
0.190468114754673,0.18811785592251448,0.7251494881461561
0.1971145733651876,0.18882300319626896,0.7042756952276492
0.1856905176277976,0.17962599294219564,0.6980754569386305
0.1859132935542693,0.16705399661687484,0.6296160666031448
0.18197071122877162,0.1881418322573955,0.7591432232395086
0.18217844512966047,0.1846349018672793,0.7390276153222002
0.1691442230819066,0.17762262317803143,0.7545195505508413
0.18181646908353374,0.1909695026624452,0.7753395683736337
0.18159578249320724,0.19460421980933507,0.7962972367750013
0.18489752806482126,0.1699149751512172,0.6485482872933676
0.17184668806351636,0.1756342797682863,0.7310835092838712
0.16636954426801756,0.17914461437365028,0.7762515365528755
0.17947522174936734,0.19311445770661848,0.797405103120442
0.17843475294043415,0.17217908547130384,0.6847269573774688
0.16592302330434372,0.1802515685262033,0.7850120250478428
0.19404798458458963,0.17578995598676056,0.6482414968444368
0.18618434105447013,0.1706231969827958,0.6478697204052528
0.17499356728460255,0.18553344302395688,0.7745052868345194
0.19037643603371907,0.18017359469513658,0.6837694696211274
0.19964219532797137,0.1690299633980118,0.5962164621685805
0.16887965965163654,0.18308870195004873,0.7880682743237577
0.17615957558836975,0.16183904998133816,0.6348735208279072
0.18326779881696828,0.19443782113759853,0.7881243844798412
0.1872013734596972,0.18988565619405212,0.7472469544897238
0.17140292631944304,0.18306944597816285,0.7763545747764059
0.1797218166501959,0.1708284981561307,0.6723084620900919
0.19144900096997794,0.16024928857912077,0.5758676619911404
0.1856735833226354,0.19452836391207118,0.7784002512674715
0.1929318114478117,0.17403672894237432,0.6429044956949798
0.1972015149633362,0.22453457411097832,0.8850569639053122
0.18489060906276933,0.1816310455546553,0.7119401370459401
0.1856692781610664,0.17840509023197018,0.691579627516944
0.17827127844616789,0.16395014115890796,0.6391951757574745
0.18480790035326436,0.191451256737817,0.76539615713089
0.17287281862494489,0.1714275584630962,0.7024097797962014
0.1733956700245772,0.19207170314024827,0.8193497745365321
0.19991984472373966,0.182344735260988,0.6619889858551526
0.18122363200600555,0.1717705241221321,0.6719351266400883
0.1872525363098746,0.14080416452957392,0.4849288897177167
0.1864708664405351,0.17345979660052563,0.6620862494887185
0.18466143034870558,0.17065189957324603,0.653368163267299
0.16876687870715212,0.1920909828536539,0.841936426994145
0.18644375523229795,0.19522402799387908,0.7789160211503918
0.18117621757176508,0.17110888188604217,0.6684590478221577
0.19829665937064206,0.17905094211979908,0.6507973585101411
0.1859366154476045,0.20226358298981967,0.8189004765052657
0.18534629136649833,0.1628181734102402,0.6086885935427586
0.18048062793869185,0.203079996463648,0.8481796534731048
0.188836038058677,0.1777114286646747,0.6763085583536282
0.179214943726581,0.1856969930881834,0.7571745428506749
0.17229693203100693,0.1792865875425189,0.7503708047410396
0.17620339235992855,0.1847921264270181,0.7649803140661438
0.18145648635783027,0.1944518731600085,0.7960689422540176
0.17424980595824616,0.1730226313646628,0.7060130178517476
0.17247828135395307,0.18621048577491678,0.7897254350267501
0.17786196697733486,0.18271160907723435,0.7461494513559828
0.18938386756376527,0.1865153893086818,0.7208395892681686
0.17852914875701753,0.18234663246602958,0.7413166611025325
0.18898017742367518,0.167004108003105,0.6191342901578146
0.17493322910461634,0.18285110491933432,0.7594389333537347
0.17499913026212352,0.19874780236134115,0.8499916664645039
0.18564965941960773,0.19309828321405284,0.7707974453678919
0.18552785902258284,0.18097051098401398,0.7059344708336873
0.17623662747357585,0.18060979620251022,0.7411047185528632
0.18010633676161691,0.19012048445754495,0.777987532126668
0.19252726311719354,0.1656368200424238,0.6006256889032612
0.17511693533744607,0.17800792687225225,0.7309854219729468
0.19704792221689651,0.18715057826623355,0.696026513363931
0.18711890144338816,0.18253144432092624,0.7082739546812855
0.17923387871356347,0.1783282889820225,0.7159823237832507
0.17771671015026,0.1958694203802035,0.8207974379948317
0.181731416646583,0.1792279235201694,0.7110929189061553
0.17603615295199104,0.16170756462669045,0.6345717215097035
0.17804800614670768,0.17559244489718942,0.7053852925132111
0.18208636953324583,0.21066301951970326,0.8823451196898565
0.17876056904023038,0.17175777396521122,0.681122098787957
0.18030401023659756,0.1754893428737481,0.6959875307769313
0.2041330604303501,0.1936673195736871,0.7037925129364638
0.18786940035572752,0.18995725977736913,0.7449710251502502
0.1967807029487003,0.1862991682895152,0.6926449913386462
0.18576662090160537,0.18213166983362783,0.711277780649376
0.19313691621495524,0.1679619289627683,0.6107684189773457
0.19110029825308805,0.1920928258400646,0.7435510417251192
0.19829568920457843,0.15014209571251794,0.5050139824734312
0.18351270169644698,0.19838159594627727,0.8085630835064431
0.1844356075437733,0.1693896060010977,0.6473240584671927
0.179420579005746,0.17780950251070407,0.7123458369098837
0.1821577372770708,0.18425896227576563,0.7370478151666497
0.20336475740663845,0.190808703425553,0.6923948142302684
0.19109039744481568,0.17018177532498996,0.628926293168116
0.18169629715692534,0.17145543101190666,0.6684529784721449
0.1760075830432152,0.17500272349533497,0.7102121473064203
0.181348755371822,0.16908008251138945,0.6566357859321275
0.17288699580185893,0.16316507911593395,0.6545609667810375
0.19321090994077314,0.2033589078716162,0.7937383448927746
0.17383449549966903,0.16862291742246555,0.682389977210774
0.18940467005458564,0.16222503916133177,0.5925146361438131
0.19310690808488096,0.1931899988778752,0.7415063515746181
0.18357269713023816,0.18541829554590392,0.7376821153846725
0.17449495118277739,0.18437185821372282,0.7700615823146252
0.1705827954032299,0.17854864556380345,0.7535850568044418
0.1883928728083495,0.16957171459030168,0.6346934085555401
0.18791171760128245,0.1667810854910175,0.6214678200047515
0.18310422087891887,0.1835554770070339,0.7293959492902679
0.1861203907664253,0.17372139753282004,0.664738543817513
0.17156262464259694,0.1900572178127094,0.8163620608187809
0.18078030140394546,0.1840795091146675,0.7416710121257782
0.18358340129966422,0.1595118494081164,0.5965236978552304
0.2036791977096805,0.20516692156370872,0.7618201726465947
0.16748063076620792,0.17366820132567515,0.7384030067232545
0.18387175623538835,0.20636457518397058,0.8504001831787383
0.1946099601812846,0.19507959350352633,0.7454890457219181
0.18154951445965795,0.18964729489717042,0.769196741246044
0.17752818000543097,0.19437969549313078,0.813277618734749
0.17579649017754534,0.16783363606417656,0.6702843495064702
0.18928059227658678,0.18380850920839276,0.7069320081842555
0.17800683502283815,0.19841670180757187,0.8337696796223029
0.18919497125606216,0.18068050018867376,0.6907186767232141
0.1859893621269335,0.17475391296883197,0.6707583247889751
0.1822650259544016,0.17627651979635028,0.6928181593540699
0.18875907317906326,0.19344038883106926,0.7599125510379934
0.18732346068643096,0.17086427592000802,0.6452169710996749
0.17905374463009288,0.15983742987830066,0.6134327439239754
0.17635898707182676,0.17169626117144515,0.6900485378830238
0.17812345128348966,0.17538523256054583,0.7039232153715171
0.17875224238002357,0.17374191965670704,0.6922538034159833
0.1875549191766681,0.1799001704451524,0.692598045497236
0.17963623143013385,0.16999841957103784,0.6680078880284737
0.17302083397552553,0.19784521257448406,0.8544936998477152
0.18262750798381544,0.19252763292816968,0.780428066404983
0.16862984435163178,0.17880028310035687,0.7638047914684593
0.1843826957140919,0.19804132400153357,0.8029024818635361
0.18463205576665864,0.1745040472520142,0.6743360286762159
0.17906886127739446,0.16327050446159655,0.6325527713393447
0.17464218552119695,0.1874112279949202,0.7868157832818811
0.18565582816906917,0.2028709671537831,0.8234105476859568
0.1913156969698518,0.16060255396412773,0.5781154171659886
0.18818878307225534,0.18087876829491537,0.695465299037851
0.19325329331937408,0.17855304962641014,0.6652049619354269
0.1814583769652413,0.16278435321633447,0.6215439325677343
0.16812857442404433,0.18157121698411194,0.7825630915793678
0.17215086600484017,0.18561997303489758,0.7877972163734832
0.1843510865781573,0.1968317959758454,0.7964791458584365
0.17522282106994946,0.19507123956851505,0.8279243461706519
0.1745860686729882,0.18319925899704373,0.7629432291446756
0.18809985098347043,0.19600615497152746,0.7762162181848724
0.19154793449112933,0.18577530596849323,0.7088320024394784
0.17752490029773166,0.1505861643379491,0.5666031309931926
0.18449796629723378,0.17712771852008158,0.689046719979957
0.17644048085848035,0.17142929608573917,0.6882167600933675
0.18508448730341426,0.17161244810380186,0.6570645107844133
0.1816655225775027,0.19929537875713452,0.821814599924659
0.1778350676265708,0.17012085569245372,0.6754621419476782
0.17671289051784292,0.17448770698831384,0.7044630791987648
0.1720927064886802,0.1784201209065105,0.7462264004486305
0.17403323806009074,0.18400873963329514,0.7700180788857366
0.1718295259950462,0.18604030918244294,0.7917167226915642
0.1732377866254022,0.16875932987842257,0.68552786428298
0.17564101954312625,0.17454140274773175,0.7090678650789334
0.18084146984868832,0.19330242248464463,0.7924201379503665
0.19593480733871524,0.19209004815671366,0.7251904349546255
0.17863795267026608,0.19226074336661061,0.7963634896174535
0.19703855827373407,0.1706350291740216,0.6122407219729574
0.1809540784616692,0.17074337631047246,0.6672597674334766
0.19344620770895207,0.1734944656310029,0.6383917632378997
0.18679547820807127,0.19926695490354526,0.799092977707292
0.19426906526707746,0.20030280263663192,0.7736836661565157
0.1781528108024332,0.1789683164227776,0.7239196274360223
0.18281357005889565,0.18993547652251613,0.7654545364298405
0.2000886916612662,0.1915294979042423,0.7073338164649513
0.18936845575830566,0.15608274820408696,0.5601922864042481
0.19116136000248163,0.18781298788730566,0.7209249185374942
0.19030776485196185,0.1835109858799615,0.7015530132667899
0.18322671648574218,0.17565336990505265,0.6857808310658146
0.20142074817331934,0.19390536319966817,0.7144515374148045
0.1910339559262993,0.1715213463588755,0.6361243254877594
0.17715422664630748,0.19216735191668832,0.8025061247933347
0.18091347807661973,0.1803606521107386,0.7205690449195211
0.17799279024829096,0.18675165502192476,0.7682988441900547
0.1833129162440596,0.19203012621024837,0.7747960652218959
0.18781654236602283,0.1851576264245806,0.7196257833411774
0.19736490301436543,0.20268413979551847,0.7736134310790059
0.1912561216351609,0.17232811414423507,0.6396036534589334
0.18409509339416946,0.17684793809849184,0.689034866490957
0.1790648478151739,0.18398672465847885,0.7482581103622106
0.18036033435107682,0.1861148983740084,0.7546831118036001
0.17811635794067648,0.16103066157142826,0.6233602733355247
0.17203717233184934,0.18251971991951477,0.7702970126938161
0.17553363833749255,0.1697441984537646,0.6821723721326649
0.16885221485162005,0.16966799395503013,0.7087143870762319
0.17060667364398913,0.16974911966178083,0.701901731650108
0.17142911028427335,0.18845019362683016,0.807623590866477
0.17531906603391914,0.1763837741569662,0.7208786643462648
0.18299047967417115,0.17445462634243777,0.6801153074413432
0.19415628529527343,0.1616382487439255,0.5749916804091391
0.171151930600841,0.18337951204964584,0.7793047474335089
0.19085554529402016,0.16827403257591236,0.61970445969336
0.16830739769676945,0.15976941937165762,0.6521960464828966
0.1803739539333964,0.18170390606284692,0.7301714199350477
0.17655400032076213,0.18419648718976714,0.7600874913395326
0.18008030456568677,0.17469420000436844,0.6924366343399009
0.17061422791130523,0.17102733800816594,0.7093625161852427
0.16837048938116592,0.1750740849913546,0.742850397662059
0.17000322635112775,0.17693665319619525,0.746672024529805
0.17684429434569315,0.20006578162228975,0.8485757608268826
0.17982545989370233,0.17070760933138157,0.671248717521611
0.1650950200643258,0.16023700617714468,0.6677185425350392
0.18239780954360207,0.19507152632262165,0.7953578317942596
0.206394573071161,0.19134585318652808,0.684833186664238
0.1837338671711881,0.1759639659798576,0.685578374413111
0.18272121694233426,0.19279882586945724,0.7815120119002038
0.1856931412910906,0.16468493166960368,0.617604564563991
0.18653090917688744,0.1812222822286428,0.7034881393528435
0.17971679822954392,0.179063024677707,0.7181466949620411
0.17903144428195183,0.1753916798982532,0.70038914337739
0.1741337092069583,0.17723636547627325,0.7306819917621611
0.18585653035716884,0.19044291372061264,0.7556522950832945
0.17517636504599884,0.16398002490861963,0.6506586940463691
0.17273939501959623,0.18624803653325311,0.7887490662902727
0.1827891366775482,0.17619912920077183,0.6904082567192994
0.20226637044352122,0.2005691671518578,0.7444102883820778
0.1771297895061643,0.17453335078429083,0.7030627153766078
0.18047104137804806,0.16110375822916265,0.6156320558732974
0.17265720051294442,0.1763691641047208,0.7319078713734078
0.18500659008870973,0.2060747770255964,0.8436173919575478
0.18139123157852619,0.19149955483372957,0.780079354455857
0.1788868616595201,0.17454863283911828,0.6962424835658129
0.19223962207878095,0.18055584940610753,0.6791308055766202
0.1774392490132436,0.18935539146250535,0.7853695968477878
0.17074919197461377,0.17677785414711472,0.7424799653866795
0.17454280485690293,0.2029924057901304,0.8765322977109231
0.17972212358842926,0.1773765465730149,0.7087416063740277
0.17563032959596667,0.17686223476626922,0.7223253242085962
0.18256793174825467,0.18586881841517122,0.7442096600104039
0.171418848195627,0.17689268566107388,0.7402493191195703
0.1842414589556729,0.17224772264799468,0.6635190762216367
0.1680472355699307,0.1632894341973562,0.6741523227867218
0.176738264361111,0.20368724298128962,0.8695753776741655
0.1840960936909294,0.18725155451962458,0.745543002938726
0.19133469066684966,0.17222431193669718,0.63879849237331
0.17707255024982677,0.195559196649087,0.8220314015002413
0.17926452430680567,0.20446983580890787,0.8616865852640065
0.16779597452322134,0.18232174943530952,0.788587150623196
0.1767415630737743,0.16631288660119092,0.658095835401435
0.17781434587427983,0.17186722175263056,0.685362146419808
0.16562819909519813,0.18967905325342904,0.843328938046025
0.17832865344157978,0.17728684507542256,0.7137767409718121
0.18253055287514422,0.18412848204513557,0.734827566850592
0.1823702414419909,0.1885396602532904,0.7596615498113363
0.17854817805042222,0.17008086887234675,0.6725404324116696
0.1888870330255516,0.19499156473892648,0.7676099434486476
0.16556087159816196,0.15636054408584915,0.6424256109499121
0.18559790418077712,0.20041901523027442,0.8104564321144619
0.19134763318337983,0.18972604297585402,0.730220910764787
0.18625023581530914,0.1931674261054666,0.7686831937621565
0.1803666491442137,0.19254289588101567,0.7902951934702976
0.17816383426803192,0.18095919571852787,0.7350492666290017
0.18792730874868568,0.18678125226814046,0.7278412763897844
0.18552567904763373,0.1842094630062137,0.7234010067779102
0.17356531282929594,0.16881032714710897,0.6845280615716154
0.18743857820075793,0.17114475338213614,0.6463170738116828
0.18285365192457292,0.17913237149582484,0.7062061388256654
0.1772169384834037,0.18671560482960292,0.7714590151460398
0.17990204796601378,0.19004562785892412,0.778454883878703
0.191607840601744,0.1792221701209562,0.6744096155727984
0.17890808269244068,0.17292176511760182,0.6870665833969924
0.17277653140512367,0.17594916674064426,0.7289714969755972
0.17483601003927954,0.1705357686890186,0.6894218683092712
0.18666312626723727,0.19663033441360783,0.7855345474268106
0.17484855788496514,0.19947315930906995,0.8548721311582681
0.1831498501790897,0.1868539608090674,0.7472239844872781
0.17839054267073254,0.17304200845755513,0.6897339209548909
0.1699874696113745,0.1667842591043134,0.6870168687804206
0.19406388950596543,0.18605561471447565,0.7010867145909355
0.1795942951109205,0.1786464372533766,0.7163169474504876
0.1626260084966924,0.17057277342486998,0.7414113802548519
0.17563472841139013,0.2028823297648921,0.8704561515123308
0.18793695223062334,0.16727801185963231,0.6240284865092245
0.18773379116490704,0.17061144338580464,0.6424599569283639
0.18846075665472145,0.191907768104207,0.752983117669404
0.17513288315085002,0.19330041910499612,0.8182382230387019
0.18490278736414667,0.1708695722614639,0.6536925374922766
0.18054099760946934,0.1690589760383651,0.6594567306861966
0.18667626597713932,0.1855939036165211,0.7263585593314049
0.1956920097410449,0.18786471591430268,0.7044984416928219
0.17547247180977993,0.17778943713351875,0.7282591725957349
0.17638611523820544,0.17778168976318864,0.7244430186050778
0.18705497808078875,0.18706273791797143,0.7327403917514252
0.18721746708114317,0.1769050598289768,0.6778483963463412
0.17469527543487678,0.17666018832626687,0.7250349960006988
0.17331833531086413,0.1845478179850756,0.7763045827999118
0.19055591399897098,0.17498327832251254,0.6558876903877539
0.19971949597392005,0.17484527248328824,0.625103082072623
0.17139342324965548,0.16311590961818162,0.659978122109239
0.17714316837106273,0.17668509654322442,0.7151565465841532
0.18212150887215234,0.2022236089848734,0.8358354261809516
0.18181372071670787,0.18188650130638417,0.7253935554835406
0.1862341305063243,0.177956391731388,0.6870727260545979
0.1664375078680772,0.1731486915823278,0.739909490112882
0.20368179026368163,0.1864393348482356,0.6698651591367323
0.176569068741684,0.18658256024372308,0.773536164726223
0.18719808816381772,0.18875260206691902,0.741207367168708
0.17004506802562472,0.1758118858153941,0.7398737715605785
0.18714975840236348,0.18043981055360842,0.6969809187419241
0.18252120788950013,0.16806853976481498,0.6468757309358519
0.18757301973701518,0.1788920587730933,0.6871567081118867
0.18166197217665198,0.18423994888340886,0.7389545939359893
0.19132791812714173,0.1893136656662916,0.7281408120152885
0.1859664769832984,0.17340071617342265,0.6635643056490511
0.1849701267200127,0.21325231212503112,0.8825874481458532
0.17574151318341133,0.1765720861278884,0.720217345549952
0.1971103065673947,0.1561987430823678,0.5387782350490993
0.17429348678530854,0.1875219828056218,0.7890253694621348
0.1854468741828664,0.16824199716156082,0.637605770830972
0.19262424543179335,0.18628008837626003,0.7074918739890181
0.19316496645870454,0.20385840400390093,0.7965129848573929
0.18264344745376637,0.17908338391674544,0.7067506976915835
0.1880227012889368,0.17716562805829245,0.6763312471661359
0.17268317859951277,0.17357538832688557,0.7156191432720954
0.18859481956720464,0.17073043051342116,0.6401577243239154
0.1961128517890682,0.1955056764331295,0.7419487050732916
0.1999572651768695,0.19712550460694,0.7357847411885842
0.18219949212886788,0.19773883753073562,0.8108630589718737
0.1739073102140556,0.17806058554410914,0.736372642337372
0.1978085063535606,0.18398152642410656,0.6773294480300536
0.17585114233533697,0.1698875013220523,0.6817556015270827
0.18249186471532783,0.20119825355530074,0.8285205140029529
0.18625153135643213,0.16914114506750272,0.6396787408931455
0.17759998936995214,0.18843775033032337,0.7794918841011227
0.1955958358413822,0.17748233965954713,0.6517640782645726
0.1746866762200115,0.1616342038428507,0.6390539121727378
0.193681161017906,0.17034171288885383,0.6213392787217344
0.17958066360679953,0.18329914808653697,0.7422800729726774
0.17933000520456893,0.16863267008114952,0.6615327420852994
0.17608382508699721,0.19190274779041597,0.8058817879513152
0.19442246224734752,0.1716862477967031,0.6258857458655771
0.18042083755849067,0.17059206985353076,0.6683932492799562
0.17797154017922814,0.1801525052276677,0.7313107764117579
0.16886924576092535,0.1679629864883387,0.6985462980947011
0.1828298213700216,0.18406228942080394,0.7332627052644815
0.18128437855366522,0.19144161539985938,0.7802195452709056
0.19378797031713935,0.1782938991298067,0.6620323176915998
0.19164474991120864,0.1764562354557819,0.6598471156364607
0.18551626919458056,0.15669414554937686,0.5751201552973753
0.16165788280645518,0.1836855995607248,0.8269661660779005
0.16870606995202253,0.17850656267689052,0.7617186667523929
0.17895002076794309,0.15664693850237396,0.5959593524756862
0.1820735903624197,0.17454188243606866,0.6840194790917591
0.1779885504402782,0.1870884897406584,0.7702095971991002
0.1859152693683118,0.18908174559791222,0.7480921070683068
0.19232128051713204,0.16679416969988392,0.6072867723521623
0.17197390990263348,0.1996000177178568,0.8698994969792563
0.18068493193588275,0.18380586072055774,0.7405479764524007
0.17535514778357822,0.1674020831826165,0.6695103318410311
0.18371286900401948,0.19495032986424907,0.7890047695084315
0.18529984669220148,0.18754945944525644,0.7423074649043696
0.1709021927681954,0.19325517543580803,0.8382290075710928
0.18299589450235582,0.1742407501712497,0.6789264344378517
0.1868484200402851,0.1995789124350792,0.800536137275496
0.17928818232152255,0.18191522129888316,0.7357719822398326
0.1796001718722118,0.1690462775686469,0.6628405548150037
0.18385573637858366,0.19075004454098685,0.7655461141074412
0.2008125805917313,0.18522067086223545,0.6733675273918736
0.20181395574945307,0.1455045754149308,0.4732307786162089
0.19198912207729765,0.17226638410310097,0.6368401645895059
0.1775595028320414,0.17642132072120606,0.7119941129864031
0.16984023488520675,0.1897792963518772,0.823004610458485
0.19681622178872332,0.1743922123141856,0.6320221533757372
0.1763743672945642,0.16391010453977586,0.6458427394357917
0.1853193273436134,0.1743777310960973,0.6711535859693681
0.1845131072763525,0.1801576324344839,0.7054113084743716
0.17439547424660917,0.2093737109915269,0.9138638011108001
0.16609649938248872,0.16417710822694878,0.687414296215964
0.17893563112667682,0.19024682182607577,0.7837836485835992
0.19850902688936178,0.18095587813496733,0.6596973456927734
0.20150202615022383,0.16946099987696087,0.5928525988512903
0.19843682884538116,0.18954624751314336,0.7032275627720074
0.19042965907510215,0.16814811731195825,0.6204291804427517
0.18206302708881003,0.20190892534164462,0.8343754784849519
0.1642764234118397,0.17713204237754632,0.7738909804411026
0.17025045249538806,0.16160376554082964,0.6555269833650098
0.18713061959790156,0.18201000503013973,0.7054431033990978
0.19104247252920567,0.18442393360488746,0.7036337617769126
0.2012819805595169,0.2007040544631949,0.7487210432065147
0.17997100108291134,0.20594233434283513,0.866485897197369
0.19439657573619554,0.1538099846330694,0.5340113849224587
0.18028308631498022,0.1856385066789173,0.7523640151241782
0.19179804427627625,0.17037250092157857,0.6276002520035476
0.17304284707022347,0.180612269924941,0.7547972778784466
0.17589826215345736,0.203811552382811,0.8744347471075216
0.1915658105758547,0.16908009072502705,0.621614526971527
0.18947947116501948,0.2011565915408657,0.7977465348170725
0.17089430798807748,0.16152826706341233,0.6526154579191318
0.19093129661752925,0.15144175304790453,0.5312997651249975
0.17749845108156154,0.1743586776571903,0.7006183822981462
0.17354593289433745,0.18092065531068807,0.7543861911785535
0.18912814137729786,0.16965316036493333,0.6326565655093779
0.17097110543252683,0.16593669884720122,0.6781069734204604
0.17542820195433045,0.17596349918272075,0.7180344880665942
0.16972129444777345,0.19088983135604656,0.8301246571001206
0.16743622343168788,0.17793669048323313,0.7640920695719698
0.18604003966876906,0.19071041644845016,0.756344799210831
0.20041369913135684,0.18810209387083582,0.6890850998180508
0.18796055620713303,0.20040702012768485,0.8002052300905937
0.19360036422685067,0.2070319909721457,0.811114129868805
0.17954735553584006,0.18184138393593685,0.734298667571406
0.17974523223110442,0.1754476671951332,0.6979193029934777
0.17827722605143226,0.17858845095431075,0.7212836647862891
0.17658929432404125,0.1818182646529335,0.7464680413244479
0.16947726295359236,0.17912752901921497,0.761916535403181
0.19080614735635698,0.1927666633319356,0.748228845401396
0.17428036739792865,0.18890017164671835,0.7969926488023298
0.18482232162969217,0.19196639238521868,0.7681236288637304
0.18200489176170553,0.1863013912370966,0.7488886145739018
0.17977559152290487,0.17922758492981403,0.7188271991492758
0.17659352807803394,0.18370146840816554,0.7571142038064098
0.16662417874416044,0.20194670023662054,0.9119126730696383
0.19754841674194507,0.16814070556825422,0.5980341807678463
0.1830421391859077,0.15948257960613776,0.5981277321881668
0.1824061348854453,0.17033866642826107,0.659729271188363
0.1827813068963241,0.17636668861826743,0.6913545524102431
0.179269230996117,0.17385435265895008,0.690884609538113
0.1872607326637518,0.1796142457124337,0.6921592363155546
0.19561799713620984,0.16480855933790284,0.5869018240584533
0.17240342773558062,0.17516001146186042,0.7259717112691134
0.17704927339095444,0.18540610938677235,0.7647933639793764
0.1699659459737999,0.16864037714222987,0.6980243981374844
0.1881441681140908,0.2044612508314323,0.8209728336504529
0.1796324457126798,0.17964606149309342,0.7217296462158119
0.18955020529792146,0.18265538619453486,0.6998430098560781
0.18035655591465144,0.1619120545214578,0.6205044998442805
0.17844692628884118,0.16905083637277882,0.6671498290762289
0.17784500246980667,0.18931951042249734,0.7833760211853582
0.18523476165981176,0.18145316386160892,0.7096571004476251
0.17895925644614016,0.19547281525995153,0.8128823182931207
0.1816372959868639,0.16585844895269536,0.637856054414476
0.18483376016921696,0.15968565599489196,0.5934286890797101
0.17281743866497307,0.17296305599637332,0.7115199539252035
0.1816526548723004,0.18068745655905538,0.7194359843016171
0.1890951071262389,0.18220502870376706,0.6991456876539257
0.16824929846309672,0.18148836277425962,0.781509129460649
0.1803204615706535,0.16589854096418766,0.6427364923241174
0.1853585483254391,0.197906236579625,0.7979466710105105
0.1780651510548829,0.17502748748408162,0.702144618098495
0.19516963803223344,0.14893513305871378,0.5069186685808889
0.1829893267108024,0.1796928845805312,0.708745624194239
0.19024728729528637,0.16300348280013738,0.5939820977564981
0.1776393163030095,0.17250043944759383,0.6896020655620958
0.18298702915475873,0.16872935520194862,0.6488402798295333
0.16186332757760108,0.17918020633766715,0.7980819884957271
0.18888643359602894,0.19150586601181693,0.7491584404333412
0.18103926722253805,0.18212377972943491,0.7298073051026273
0.18046360595738337,0.17781033221008274,0.7082332835589314
0.18606719748869652,0.18024271121713448,0.6999767448265386
0.17369041444211034,0.16722769826414638,0.6749232457109339
0.1726187205481607,0.17058082091398077,0.6985384929923558
0.1756713728053905,0.17754613336828604,0.7260496194196773
0.18100626216813195,0.16829239157523088,0.6535265142669605
0.1792928069779467,0.16762346774581333,0.656041197237105
0.17459646312653193,0.16928037599113863,0.6831775046021112
0.1762332169815862,0.19279533481550837,0.8102634523798564
0.19079730881437615,0.16991822447149824,0.6285110896829519
0.1820531981379431,0.19064610465478352,0.772554978947499
0.18565727735028148,0.19026851912264098,0.7555239478062309
0.17249739250676793,0.1891504943302247,0.8066817260716861
0.17267873939553818,0.18818414595726873,0.8002383295186325
0.19273292809944062,0.19219124496837317,0.7377631127723516
0.18709370702235278,0.1756076653144497,0.6713623205907343
0.1870528855524003,0.16929691402511296,0.6377710435891328
0.18214894934679998,0.1603565016364201,0.605858568123324
0.18579315887301204,0.17282533906034628,0.6610864458378486
0.16770445272964218,0.1781555143486713,0.764174786433798
0.1831004418033074,0.18600348942853168,0.742780782444158
0.17713635174621845,0.19724298924064904,0.8312409496363721
0.18278405072746842,0.16551954072244043,0.6320001130442197
0.18382652276413147,0.1856776496550569,0.7380743954404525
0.17124775271235365,0.16730937908801397,0.6850272615551315
0.17268918863660654,0.180794574664096,0.7573987445116194
0.1828634694767569,0.18928120671565402,0.7616677465115991
0.18223639498133512,0.18007250541883013,0.7137570156178316
0.17794906145150804,0.17402558031754078,0.6969723768469458
0.1683911743766062,0.20018366995161951,0.8918737606505097
0.1836855070622855,0.18902558001297562,0.7568674428180865
0.18360653932368104,0.18268585537942844,0.722664104819904
0.1793446543176193,0.1625107403554868,0.6273437074752745
0.18275513474122135,0.1888057378551487,0.7595175810063868
0.17935610176711198,0.20172931286956736,0.8459668300919191
0.18623015558828215,0.1791837078128126,0.6936777097389751
0.1860534813664147,0.18313214873198447,0.7155584929356593
0.16368637537737715,0.17051341561319222,0.7362458563539565
0.19330044773629385,0.18790980272580704,0.7134479218276186
0.1871331454816097,0.16156012067275352,0.5961537192443386
0.16580015665791986,0.16895462016505708,0.7174578273197
0.17729997388445323,0.17967868891371377,0.7314083926387132
0.18344817906784747,0.16234700840619312,0.6124182261010184
0.19257796099850935,0.17563267669234095,0.6523730755115504
0.18057094370933488,0.1765649750257291,0.700915509581989
0.17883940787713004,0.17012154853601053,0.6716727032474795
0.18085361085846266,0.22596870792238427,0.9729897406366891
0.17604763928644873,0.1945382829828416,0.8210180129008264
0.1902278342140462,0.18290739031165013,0.6986747804850757
0.18645619279663445,0.17337822964886848,0.6617008949841405
0.17657461696688695,0.1749666037200913,0.7077268854759927
0.1903615573760686,0.18072563956213347,0.6867228938660054
0.19732235153608063,0.20529227375938883,0.7869978872160026
0.18738261729521735,0.19709292748529178,0.7849870474033885
0.19553829232785025,0.14840283345938474,0.503240732482194
0.18147751358431408,0.19173465435090065,0.7810039467234107
0.17661204120174642,0.19357075597089776,0.81291601067503
0.18249499101374966,0.16493440904577575,0.6297948694773561
0.1730233153194795,0.1785484415028962,0.7429544467203016
0.18049713378269347,0.18799844048516812,0.7645464367944428
0.18441824026907078,0.1705617539367543,0.6537409410308422
0.17435155392924695,0.18509753065071607,0.7748570494848561
0.18450701227760297,0.18263294062565308,0.7188504056750865
0.174825680254036,0.17562410843394743,0.7185678228244577
0.19418354233450155,0.15838246468602885,0.5581444409914443
0.19324615749061205,0.1735419908408286,0.6392985632680965
0.18551517410651766,0.1784337387961599,0.6923085371033681
0.1898731435400212,0.18232667395121582,0.6969214891800862
0.16875062023571147,0.16616919972461064,0.6884075422202602
0.1826795869807838,0.18371438322566372,0.7319612740296442
0.1763976516602885,0.17576357267080325,0.7129549145756329
0.17223924537472252,0.1824954032843641,0.7692521120613831
0.1672034188826922,0.16905140333201382,0.7120153650419001
0.16991078664305795,0.18219010316745482,0.7779971229557939
0.1843007988408969,0.16954239201086319,0.6486265537788671
0.1844275401501809,0.1967403759357274,0.795653272912687
0.19020774288289305,0.1766452681378864,0.6658260395627493
0.1881014886500458,0.1904665210292479,0.7467592204471035
0.1952212477810257,0.18367271873503954,0.6847242308633155
0.17177588982211534,0.18086593121634656,0.7618410904572602
0.18154773041079478,0.1850938765432784,0.7441231913921287
0.18757614503498155,0.1803123522345042,0.6947170825490733
0.19503296236845352,0.18977765357295628,0.7166873326206794
0.18788152572300298,0.19497399264638282,0.7716245228927964
0.17633061415167905,0.18715770151992553,0.7778439505799196
0.17709389244780743,0.18207317052573715,0.7457804936139248
0.18138903624327876,0.17412827554023813,0.6843207181152748
0.17795314069876741,0.18442598728555876,0.7554010384852391
0.18443882727856806,0.1774253163807239,0.690881189502829
0.1756245069573969,0.1879778279136968,0.7856410833777744
0.18602928574852845,0.19828004401183624,0.797079037395644
0.17167309480883144,0.20344343702448683,0.893811795001165
0.1810125521760145,0.17697878776512035,0.70149161612642
0.1941259598393894,0.2028617841430245,0.787436076398515
0.17156020451864273,0.1819855374780702,0.7693249017066068
0.18071486527031164,0.1609885977949815,0.6141641841636314
0.18502763243376913,0.19071133377594757,0.7604882142472172
0.19154294514193707,0.19478014706815672,0.7558625923855969
0.18400254289122397,0.17680593601605227,0.6891531716005448
0.1875697149488479,0.1781435532598086,0.6831782694490665
0.18661468108098203,0.19113996461481467,0.7563175833607996
0.17600248382986086,0.2023308286711305,0.865503857425027
0.17272947361956353,0.1706172358798686,0.6983014152264941
0.17621886603884276,0.17287666555680145,0.6972957454493922
0.18565030808351013,0.18745663031917328,0.7404061525033497
0.1815302758317328,0.191085716606785,0.7772021276360677
0.18641784978520864,0.17968667878230057,0.6956773663666116
0.17872484812510225,0.18964464947740658,0.7813387502763988
0.18408981987355738,0.15942521295171175,0.5944120811616349
0.19233599461499687,0.18243167361722035,0.6885433685063044
0.17812007208478145,0.17392481890588987,0.6957375294958573
0.17222794129401495,0.1898199187953656,0.8118306341284963
0.18683365231748972,0.19710960497080782,0.7873828036119632
0.18819271741133692,0.177038806322459,0.6750463464788997
0.1854734081169661,0.1840685399912533,0.7228450771050959
0.18719115568246153,0.17044402555085567,0.6434279713255726
0.19329212792692105,0.18558349206020974,0.7014434240771072
0.18401235404140728,0.17318786717163395,0.6694543299191404
0.18134966026692576,0.16841664379104487,0.652974169440126
0.18044017180421434,0.17241322657799585,0.6784144869404118
0.1843658101012804,0.18716514868099876,0.7439836518801822
0.17339461479564514,0.18097471759543385,0.7553563168602125
0.17513439296103447,0.16720436777236616,0.6692253062963074
0.17898774861885486,0.17416270291490213,0.6936938638146691
0.18594343398947621,0.19048028462453065,0.7555001088797865
0.17544336701773489,0.19392020236792593,0.8203228472774213
0.16106913971347178,0.17228143296421977,0.759185981757573
0.17614249642964372,0.19730165945566353,0.8362641749800565
0.1882330779655916,0.18027022099859252,0.6920686969928075
0.1859440905136221,0.1864653711324345,0.7339053946564501
0.16983237341386437,0.18158124358184113,0.7747712696753694
0.17883736304274075,0.19574017408076963,0.8149313521578756
0.17648191233043464,0.18563240491522232,0.7685343111041996
0.18763092012999769,0.18484827492932623,0.7186889817301877
0.18939453938335843,0.16941782145687992,0.6305240998272035
0.16850552130340246,0.17942768043155075,0.7680916294636414
0.17329495851411034,0.18330765591241738,0.7692529376240508
0.17215256399934417,0.16692390552984268,0.6791877089340831
0.18129728957405394,0.17617085713608283,0.6959334992404628
0.19864859281688407,0.17936070306282273,0.6512037222537412
0.1958508225300871,0.17443861626881457,0.6353744889159094
0.1688610850709593,0.17044535023531263,0.7132806838514554
0.19988236001182078,0.19095678152252502,0.7051987054494904
0.17291654714499674,0.1820204663207995,0.7634923811547983
0.17787690912303425,0.19068042567962956,0.7908863852717581
0.17924053306310403,0.20892140029098583,0.886637623617396
0.1685757801652143,0.18398921372858434,0.794830749691723
0.17488231073954089,0.1761854300900004,0.7215448466822543
0.19057293641333325,0.179794827583236,0.6810769148339315
0.18044049963842015,0.14820798305303354,0.5442679622913362
0.18213403767352765,0.18866105540736097,0.7613132458849272
0.1889812999644591,0.16419391258280297,0.6042603823990994
0.19741809399315632,0.18921525455701418,0.7051798127573868
0.18695225968605048,0.18541049816852653,0.7243052231405055
0.1659806769385513,0.18273629950843992,0.7997093514540912
0.1649274377076676,0.16606231404740038,0.7037174387752254
0.1830249991418455,0.1691576847423978,0.6510459516519372
0.1848116067239746,0.1758200040695888,0.6808014188064893
0.18758206144067094,0.19970874544809814,0.7980973462936833
0.17623072809276188,0.16698911405636313,0.6638406101050892
0.18812708947530227,0.19232646148738058,0.7565442163823277
0.1738152570690299,0.177366724870097,0.7327706843336192
0.17316100768349937,0.1590031669142596,0.6294902551820076
0.18622392925359507,0.1979584466206771,0.7945189816030086
0.17777255045962506,0.18438139654250785,0.7559175822986687
0.17590183145324764,0.19972954087988032,0.8512108125473181
0.1759913306258843,0.17405091327128236,0.7048694548198234
0.19669000257936664,0.17008815980019173,0.6105453161084524
0.1952269031393892,0.1719534197241364,0.6246752766295914
0.18775691244196266,0.1813366061005537,0.6995034398062496
0.17984280652506568,0.1804595182453437,0.7254085985761173
0.19206891716599805,0.17433391844950089,0.6473401333441354
0.18022970652378148,0.1560582894155294,0.5884617550633081
0.1731833797529312,0.18413839140982954,0.7745454073086895
0.18176862680678538,0.17923895558259334,0.7110080427684063
0.1899638523124233,0.16249853122770602,0.5922102013528645
0.18457943110125424,0.1889631901916215,0.7528638990949693
0.19190680873284177,0.18512156954782405,0.7040999245416568
0.179662031384787,0.15714943128319186,0.5963944104233523
0.1854520019772636,0.18301270858500437,0.7172352261870524
0.17657531808607832,0.1712566755780107,0.6867136182583544
0.16692301557694797,0.1834685380774253,0.7995813975449009
0.19199602559634035,0.17979600604145246,0.6760348587336931
0.17530178028057844,0.18303293726338693,0.7588795564452437
0.18004488995038523,0.1708155917342243,0.6710303845197568
0.18517547789055275,0.1789055223622746,0.6961263112735894
0.18802265858525388,0.18108769737875638,0.6971909575425885
0.1850554471704511,0.17413596620251853,0.6708041730226899
0.1832996785292806,0.1842695451267018,0.7325138058289249
0.19844752304886007,0.17380852810614095,0.6238854796673772
0.18164737743432155,0.181090688380587,0.7216767466295274
0.1857639053605846,0.17073363152490872,0.649930519551437
0.17937352514220192,0.15827133834205853,0.603608242945687
0.18691387465025,0.19987645000433119,0.8018476439203747
0.18875343288253676,0.18983705054879596,0.7408450718658878
0.17714990961464736,0.19569899542651392,0.8224615848997704
0.18330744232564272,0.1913518539479948,0.7711190127069992
0.18134196559118718,0.18512294035260574,0.7451278026688183
0.17660980807293572,0.18930008064192178,0.7887448730163056
0.1722588182835489,0.17079029061623047,0.7012139745287351
0.17396373419422068,0.19509302624425298,0.8340418013921499
0.1824759794278387,0.1844003378812486,0.7365371502740616
0.16706784483524337,0.1729253597639159,0.7357810827400133
0.17756804578287158,0.17196775957319804,0.6868789879139572
0.17330851362433597,0.17091008517354772,0.6976580817929855
0.17251092670802964,0.1962320559735971,0.8476683695583593
0.17726762250067754,0.19001314915004866,0.7898405088019584
0.18410854679822197,0.17243289846413726,0.6650038827275109
0.1816036755173945,0.1659942622591174,0.6387219968353952
0.1841282736871401,0.17412079181800078,0.6740995792362638
0.1918468715711249,0.19770083140952327,0.7698891840139546
0.17646958857709114,0.18169736392491417,0.746289289768372
0.17806071699075152,0.20725704560553268,0.8831652947556119
0.1735952247439308,0.18412212520578647,0.7726141396091348
0.17131740484156494,0.1848176193692592,0.7869464255189896
0.17336769889154116,0.18344542477679715,0.7697248428052369
0.1721841367666217,0.1737024490843548,0.7184311598461655
0.17435641083892275,0.20766321036173044,0.9042581778503449
0.1817963078314747,0.19678862479631254,0.8074345763522639
0.17621120155343617,0.16997809602620864,0.6808766694086993
0.18295106863345537,0.17531061004601886,0.6849405744498828
0.17957747796353454,0.18156045356914102,0.7326110994601229
0.1865839926264094,0.18558218635123275,0.7266549742169159
0.18357552083978548,0.18209974284271388,0.7195934525388229
0.18003188878645643,0.1979271509783877,0.8216719380967583
0.18424682909952927,0.18595803237979405,0.7379124679879845
0.18250021376586834,0.18210820249247453,0.7238797137079395
0.1844051741897827,0.19023826865594148,0.7604898792677783
0.1846438671269803,0.17121517624990878,0.6564809226322618
0.17772888385938299,0.19874706505218903,0.8369324210119723
0.18093759222169642,0.1775373611673532,0.7048693397615582
0.19636133133152986,0.18843037896552273,0.7049777979545349
0.18005794518412302,0.17705292838920594,0.705622449813501
0.17253920399979628,0.17384546766731332,0.7177816101867466
0.17515232898214478,0.17547646948292822,0.7163848189293529
0.17958313166119405,0.1830061964880951,0.7406385848033202
0.17435391876422057,0.18557038769164022,0.777558592617425
0.19409170547524185,0.2046786238981303,0.7969357758972393
0.18209254429194444,0.16248952151851956,0.6177601722021518
0.18504368140815342,0.16074832648356002,0.5984982877598555
0.1743876196710427,0.2004653984207022,0.8628215621300049
0.1848742446157918,0.17406884810166953,0.6710986073777401
0.17622033990893418,0.18091419738484313,0.7429006064367822
0.18168479143916544,0.1544422341037369,0.5748540275519313
0.17737435316007039,0.16994058615642205,0.6762002737125271
0.17708198937233974,0.1632095723223634,0.639305966256819
0.17849512632823117,0.17688279105622867,0.7108473697086072
0.17458069105205445,0.16907809570024712,0.6820805610440721
0.18025354462478707,0.16995824732405093,0.6654973003374448
0.1757666635864464,0.16713278189637135,0.6664106805370549
0.19695176174041215,0.19072880521572516,0.7145343812725555
0.1883510589537798,0.15483862703948753,0.5566128888354925
0.1830750465204914,0.18691931608965073,0.7478862832042242
0.17486111865298629,0.17419129673411132,0.710228195328947
0.17570375766436122,0.17174986945143758,0.6929269531276089
0.18343461982235734,0.18250273336526307,0.7223431078254586
0.16364161818186992,0.187084141848098,0.8377095226212186
0.1795125477275315,0.18399506748107744,0.7464384477705613
0.17541328048539426,0.18081524713322703,0.7457545219566161
0.18886454394109764,0.17058263293738077,0.6384609330112677
0.1852592041693782,0.20218620510629995,0.821477161087012
0.18204401386347246,0.1916674292956913,0.7782042720830009
0.17266955294253616,0.18024485535783236,0.754301225307379
0.17830515599694358,0.1997024673475029,0.8395857456307604
0.19329400182084344,0.17067989035631356,0.6243333430913546
0.19377715506498572,0.17507490199493334,0.6454574170674959
0.18915896527016257,0.1648233460966746,0.6070203753371161
0.1735870224151534,0.18792929211229517,0.7945829716602969
0.17600499896140828,0.18653334922180273,0.7757356326665453
0.1830508296539848,0.18908604723595623,0.7598219986157189
0.18562557384190176,0.17076847992978741,0.6506025944067736
0.18544408786142752,0.17006775676418817,0.6474606882798464
0.18768780213882,0.19134579463625193,0.7530899345909968
0.17788401021073547,0.15674377620740215,0.6000751617919172
0.1853252366372609,0.16956908133003878,0.6451850999876108
0.1721320852596824,0.1564071650666168,0.6181715913456142
0.1921307272902497,0.15852367957048097,0.5648429124329264
0.18999826826955135,0.1897671340024211,0.7356231994921809
0.18179412605516082,0.1878032312834323,0.7580180629247582
0.18759422859373695,0.15796242567920551,0.5755103794425047
0.17755801930007362,0.20308866742445197,0.8621895424826274
0.18504258578368393,0.20224361490199966,0.8227490675037016
0.183847318237681,0.1894440362935946,0.7584774019565459
0.17756315936017358,0.16891721282423608,0.6697178246475183
0.19392855483572305,0.20660405119161204,0.8075347713711958
0.17324242821064928,0.17695630455638878,0.7328245503579517
0.1815479310726067,0.18227814541096998,0.7286127945906904
0.1759810376989457,0.1890560978749738,0.7901765990996136
0.1803739299419577,0.15699790393246565,0.5932004917057381
0.18050657520803245,0.16390208363908856,0.6310134880561402
0.18078002309971655,0.16745896413881017,0.6497342025120824
0.17483652597167404,0.18083664502211702,0.7483370210828507
0.17448977800898904,0.17809214573066395,0.7340954134520428
0.18545487996015633,0.16501714131122852,0.6201893492149634
0.1795661765732528,0.19118078076228795,0.7862325937796767
0.1688309198471701,0.18882526469517144,0.8222739343056323
0.18870258887142402,0.2003926647719748,0.7969825198023519
0.17306432768485297,0.16526035115183918,0.6659971624061441
0.17540239130992014,0.17007930018955927,0.6845932902784092
0.1751592620835868,0.1602457764585973,0.6294030652286462
0.17243673059861248,0.18951821167718658,0.8090979873768799
0.1862248853593363,0.190887964919664,0.756547464898738
0.1868466576060741,0.1965652694346358,0.7844147244187639
0.19551273055025972,0.18449091731904108,0.6878882870722732
0.1750789002704226,0.17653318149890374,0.7227209064225539
0.18314636844601853,0.17683280296819115,0.6925215282419017
0.17083430042154282,0.16352464402417152,0.6645307396936292
0.1799926211511943,0.15791390178503645,0.5995462541455434
0.17018072570522572,0.16294435148799333,0.6636729924611267
0.20266828955236604,0.18803106932769892,0.6810689014673608
0.18623091321675211,0.19643850538514226,0.7863275911379121
0.17369369847406188,0.17087358381017143,0.6959008005015321
0.1836891925449105,0.184575070961636,0.7326237820373319
0.1829951817387843,0.169431217273337,0.6526467863171315
0.18773726085520487,0.1644901168360173,0.60984226740327
0.17024528421468713,0.1919624044789051,0.8338698198528894
0.16754885756180776,0.17668548064998607,0.7561106801534148
0.18316242752444947,0.18415357545663033,0.7324295559400292
0.1763712067086957,0.19079534743044763,0.7982898686121308
0.17602314129692223,0.1619515789207986,0.6360048917202006
0.17076060720384587,0.17265023026036577,0.7182583399574808
0.1873410723511262,0.17792251279978935,0.6828321798010693
0.18511068188552957,0.1595096078448506,0.5915898895157771
0.18842412057730187,0.15596861381869576,0.5623941005749401
0.17996248933276493,0.170827684016605,0.6714048269980586
0.17251461782186256,0.1605278133098367,0.6406866542982866
0.17952008805851935,0.18503213733791213,0.7521839967786492
0.17592797206812807,0.17098813572470162,0.68771403604794
0.1822264568014588,0.1668976135477627,0.6414963864172927
0.17376186972864174,0.1687372306145976,0.6833330626565292
0.19383925585306588,0.19774619233553833,0.7622098613891345
0.1839482119477138,0.1874776785112867,0.7473716490941695
0.18702600337286332,0.17044814518303789,0.644018174001757
0.17161895252936868,0.16614804299899674,0.6767786499519663
0.1852384688449805,0.19532703614066543,0.7845402580080949
0.18421569441016408,0.18229087995716342,0.7181303437839132
0.17366262414559117,0.18723455250748341,0.7902365473438426
0.1881982739483696,0.18439755437188618,0.714127454796726
0.1968866557947378,0.17863503237246225,0.6533456107181251
0.19256682883496315,0.1837064238767548,0.6943377771015076
0.17193103272396673,0.15539124764490558,0.6129856022798978
0.18152676337765727,0.18029536237424085,0.7177749437594935
0.18201426704092807,0.19562385135355767,0.8000683337686512
0.18727089925149332,0.1856917536502307,0.7245746893541904
0.17998368476180743,0.1585140716978862,0.6029106018220208
0.1807599615595701,0.17579672345904848,0.6959324530371274
0.18348737529136627,0.18160177636023428,0.7172252377105457
0.1787826468001793,0.18320963240246113,0.7450926294392882
0.19160151902043124,0.20056900505241515,0.7858445268190143
0.18773181637409705,0.17558615674462266,0.6689657574844134
0.18231982110187964,0.17686016107149416,0.6958111318056043
0.17629274524688548,0.16731096966549527,0.6654327692339783
0.17896758044592428,0.1946620296188566,0.8083141609134441
0.18187361548559886,0.17886441468592923,0.7085382579648174
0.17665941191895831,0.17180761362575386,0.6895053725279723
0.1947832520935323,0.16149789937940642,0.5724203604828747
0.18545944783951965,0.1666997775403171,0.6292468725632077
0.18778659070042505,0.17993092391122048,0.691907358382679
0.20335683821180717,0.1697302048328255,0.5887690125675538
0.1754470010170364,0.17837837297409884,0.7317216722423937
0.18133363280864254,0.18212067944352098,0.7286054848023977
0.17699875608313914,0.19695178378950007,0.8302419013638406
0.18498972102687297,0.1873456305437678,0.7424500657732003
0.1868318418866886,0.1871325993860587,0.7339894420632436
0.18395098887249872,0.18536441254583486,0.7358721655998246
0.1722803306979416,0.20109894738531747,0.8770528055825401
0.17664524642700571,0.17823028704296734,0.7259198287906115
0.1856132205726163,0.19755730180653874,0.7949719386977115
0.19058449476359496,0.19770484405297142,0.7750097626577
0.18824955018504608,0.16510384376209702,0.6114428621420446
0.18806150173266942,0.18835800562110477,0.7357061617947811
0.19136298649746622,0.17857982421279364,0.671915852517781
0.18547807814013248,0.20847497794684894,0.8544135217269065
0.1882823746050346,0.17008282187164536,0.6377804726732738
0.17965024771684157,0.1741561307853601,0.6910991349204854
0.17907907639858908,0.183448828725734,0.7451949798350948
0.17756096075747732,0.18426702348598376,0.7561742339825089
0.16995357354903778,0.18321498828444777,0.7838316400332141
0.18569967319717468,0.18036278301141545,0.7020086829824258
0.1739563893636405,0.1871055775477782,0.7881606306576706
0.16713263354188193,0.18468041659482498,0.8058295602760026
0.19103068514596888,0.1738491559135575,0.6483207439627977
0.18749342353362206,0.17737215437293707,0.6793419842274959
0.17688566283057192,0.17196787432128338,0.6895294529218517
0.18308563742091633,0.16028532133796025,0.6023701415988891
0.17662953370199658,0.201529994376138,0.857897267802305
0.17916401995819065,0.16930888525070104,0.6659198943992366
0.17342931020880206,0.17663946571666547,0.7302079767497001
0.18106404529240394,0.1800774484441374,0.7184057344685562
0.17755257768613594,0.164208064288526,0.6432351801189526
0.1757858032165941,0.1757279475160755,0.7152337971295675
0.1749946460436996,0.1961994895842946,0.8354512145919349
0.17928206159065194,0.17521198672069643,0.6984077805095097
0.19436530230465981,0.20861320244685747,0.8160571900751998
0.20887247648958113,0.20274206779698223,0.7312694825284999
0.18409922617956542,0.19252919372269162,0.7741976795908555
0.19616530132821045,0.15973394730510482,0.5593952985676373
0.1817362888861429,0.1996744592973324,0.8235804759450266
0.18537270152767873,0.1727988610104832,0.6624430673906299
0.19091093995162128,0.19434990388522314,0.7561112208750468
0.17068507455600046,0.18771951638806297,0.8068632640921292
0.1809229340096542,0.19970779277661685,0.8274671953342758
0.1755501722137423,0.16703593253350513,0.6666808186949952
0.17841307999231562,0.19322635105222205,0.8027794321940459
0.19276479138690503,0.19514195915038907,0.752948492855573
0.17877860850340294,0.18214727172519662,0.7391671343201068
0.1747988473195926,0.18387188885966166,0.7658625380686731
0.18998342525129908,0.19632225059177283,0.7701842958048906
0.17201820196285075,0.16715656151265135,0.6810707249338219
0.17893348672624126,0.18417692179655454,0.7498703806171179
0.17594338699669268,0.19681866605513132,0.8344653843562257
0.19082887796520004,0.16178328954725765,0.5857776387892544
0.17572817974341914,0.17174438266770542,0.6927994294680824
0.19217493585082887,0.18549773743954973,0.705074971611941
0.17394720441416348,0.17591023763744465,0.723841685536123
0.18789510424940178,0.17012189156756388,0.6393029347274561
0.1882853867364031,0.18849659628683701,0.7355674207511936
0.18758745998881501,0.18754322647670588,0.7332218608051249
0.189484665420024,0.1926767191743663,0.7529723783088189
0.18418365779023188,0.17267400490950482,0.6660417454040312
0.1828031853791892,0.18670625681437347,0.747833012487191
0.16894456692779608,0.18118572494105853,0.7765015905905099
0.1910679642453973,0.19494725654579426,0.7586162186751092
0.17000760241038618,0.1714132103385455,0.714163417500958
0.1833405620218409,0.18440362481310688,0.7330817759634428
0.18431524374405886,0.19056727107503973,0.7626459332372542
0.194667306606886,0.1812809034964341,0.674385985940334
0.18364680353620214,0.181822707191119,0.7178056173742926
0.1751877935467651,0.1817814595945239,0.7522296897891223
0.18957130716491924,0.1747131653005139,0.6578694168734015
0.1729525030855658,0.17373964659738692,0.7154544998760062
0.17883916388656118,0.20118740795213197,0.8453819882988891
0.17922732492171722,0.1875556499140791,0.7674926240971378
0.19350172291814724,0.15914313633510105,0.5640421939874378
0.1730119159513186,0.17559837995232133,0.725952193880459
0.18895217904959877,0.2000266814581509,0.7939928621768889
0.1845571514781326,0.196377458307312,0.7931280751515913
0.18627185560159193,0.18144407988900635,0.705657220541926
0.18174736819747014,0.17818338371774103,0.705283300600362
0.1814384301023624,0.1940276096226482,0.7938098314750184
0.1798695820205648,0.19073956187689997,0.7824533770296356
0.1668224616323249,0.19531276836997138,0.8710623674301086
0.18121362823007117,0.16155174191656296,0.6155814162880477
0.18584951814419112,0.1931968133429217,0.7704987065493635
0.1712312838583963,0.15623325432397703,0.6204079764526503
0.19048879457941806,0.1841156692754561,0.7040606749156626
0.18611173700682856,0.17575247321372475,0.6756826583651239
0.1809896571467932,0.1677519083292149,0.6506002065836902
0.17158092392860025,0.18850388874940266,0.8072219543883452
0.17777561104540074,0.18823775732603626,0.7775968622081282
0.1819280562711298,0.16021415608823078,0.6058117606883963
0.18668078774377772,0.16363979293216732,0.6087385547576524
0.19466505026643108,0.170382034138234,0.6184059951874844
0.17926950680558387,0.19240705726363883,0.7943741230798274
0.17616404544211878,0.17042632373823077,0.6836033052942041
0.17773352605117265,0.17719692845102422,0.715660861949039
0.17487877310757668,0.16342093244059122,0.6485688938978336
0.1929735495732989,0.18743182350350804,0.712179590453696
0.20170759566635643,0.1784337023095801,0.6367321066184424
0.17957871912319942,0.18987767802436628,0.7789212369223084
0.1901288882330547,0.18138848936060223,0.6910495852663371
0.1781072761194471,0.174733157840947,0.7003260089009227
0.18310364345670666,0.17714474598661628,0.6943867614337157
0.17723890934868441,0.17988747079449682,0.7328383551433816
0.1877630656719461,0.18163364525560652,0.7010625054748136
0.1701871100328756,0.19068197671969572,0.8266312101575716
0.18095586800603228,0.1584743185241791,0.5994517874411402
0.18344566990209288,0.1713586409623942,0.6615508615011995
0.18053883612843147,0.19541550879454428,0.8054527874052473
0.1716964128173598,0.14969893288250924,0.5806698651797862
0.17285997190043487,0.17851973683839092,0.7434904415720757
0.19041386941678357,0.19373863767189947,0.754874831923509
0.18302327619462483,0.16164061233406107,0.6099804060732895
0.19053259004118578,0.18670428513831608,0.7174850512910462
0.1818668320309836,0.19062116958077951,0.7732095402465838
0.18235227854048633,0.18485996027479398,0.7395573082726905
0.18440911319784425,0.15473637746159882,0.5679566245147107
0.17789658548835172,0.18334037228768943,0.7495386823847737
0.16948902381675218,0.16208693387408563,0.6613226706366045
0.18540032504384024,0.1772578569156844,0.6863950043539174
0.18763641160037273,0.17817194455414315,0.6830867391939004
0.1851364428402619,0.1874939288022688,0.7426626907858456
0.19189026071699886,0.19883414456332119,0.7756211493340084
0.19105457518830704,0.16404689521769542,0.5969335992361796
0.20245166286480012,0.21181755331699947,0.7992898207265572
0.16462956152827865,0.1870610659000318,0.8325422519970002
0.17723914187313622,0.18664367445474458,0.7709565337015174
0.1753709926319911,0.1747710938033523,0.7114693937165502
0.18898320848257893,0.1959972244507152,0.7725407226545934
0.1736830767836257,0.17192345146184312,0.7019880907207516
0.16655480824196758,0.16741802163291264,0.70498127836892
0.18294343535362978,0.1821473918221806,0.7223401679690753
0.18672116131127722,0.1803350560345397,0.6980197376625248
0.1886561857944173,0.18883450555089915,0.7359128192180779
0.17896187726187507,0.1767319293606325,0.7081504245464835
0.17094147517163719,0.1786029679285873,0.7523216223532698
0.18082296123676872,0.18063467007786543,0.722445142941847
0.18019619547843158,0.174407978971936,0.6904029168963609
0.17922243801670076,0.1855704020542983,0.7564365464198476
0.18453017865014432,0.1792216064055147,0.7002735669080417
0.18278613321155007,0.1734159721800602,0.6751932983735861
0.17344281237850956,0.15067040229106954,0.5804241808036037
0.19351691697781293,0.18819981791770174,0.7141485099907137
0.18764354996265623,0.1808829179944378,0.6975082171515375
0.20010804464254042,0.19302949151680396,0.7147613269236738
0.17839402547378574,0.17123483814982446,0.6795902375533277
0.17185983586145714,0.17470739583891973,0.7256343241212634
0.17752749697216821,0.1818725334255842,0.742828776807789
0.17587507777242842,0.17168344145034595,0.6918742723047825
0.1848534053746695,0.18858779056008676,0.7497172707161686
0.18488632630634078,0.17886724370283832,0.6970079739121234
0.17856665921255047,0.19848436220583854,0.8315346373204836
0.18229906996592107,0.183258941290405,0.7309907906568935
0.17966651432408084,0.17464833609191566,0.6937761138231696
0.1851748720091893,0.19032936754197502,0.7578207886381645
0.19158748647516952,0.19412996525023743,0.7522932102818585
0.18248990219094352,0.17611491305516044,0.6910788571917991
0.18549289238883945,0.15677460712045752,0.5756264067338561
0.17865913504665618,0.1723158456820354,0.6846324742929772
0.1741384496953411,0.17111809168987221,0.6955275638537662
0.17134908596538484,0.17913863605274558,0.7536581553684714
0.19541698407925107,0.19873606601395483,0.7611214895918932
0.16532026861943494,0.1524393106863112,0.6196415693112931
0.17520393965206296,0.1716507429631457,0.69433794242716
0.18631120386571454,0.18604178431673926,0.7301857402778235
0.1818999009826594,0.14473447132654435,0.5208055134432175
0.1760976716425385,0.1986316686171284,0.8440297207270095
0.17438720264021412,0.1900070555404231,0.8028516623967974
0.1744469344672303,0.1535275832138534,0.5934617511625059
0.1874707205309252,0.1900312974483298,0.7469502280236354
0.174124540827126,0.15204798546114584,0.5860631992273905
0.1756144490526839,0.1812050036978854,0.7471196385356892
0.18487288601366286,0.18204671731963312,0.7142568072955509
0.1861837101227481,0.19669672963568155,0.7879138810745935
0.18696590761295945,0.19163957417143768,0.7575689920145635
0.17497302036654847,0.17463162431725068,0.7122905237399554
0.18509895779028984,0.16022265889689394,0.5954796299921475
0.1765593425169499,0.14884601557964178,0.559845852224741
0.18371914059787411,0.17485759912860982,0.6796112736119265
0.1701021691801604,0.1543586332853831,0.6135055995367917
0.1784438907110956,0.19583733767647357,0.817272797041773
0.1801807484163417,0.17988171453648358,0.7208412423527473
0.19705588702268104,0.19249570160406956,0.7231232913516984
0.1811980221774081,0.19608883636550242,0.8062385814701065
0.18042235767170686,0.18508044643248012,0.7486901744088168
0.17003864932201657,0.1842439932131154,0.7894910583468951
0.17159614658882658,0.18177586422654016,0.7679418614352537
0.18983192542094612,0.187288502624676,0.7232108209419634
0.16831885701342186,0.17519651530930735,0.743805640857721
0.19179997054256562,0.17390637523714342,0.6460187396621379
0.19186941873343122,0.20055980806090207,0.7846993494574476
0.17955420238998251,0.1785241334787493,0.715795741720383
0.18764514918658778,0.19331033486610488,0.7637305599816071
0.18652888816314653,0.1858407371340325,0.7282557595862583
0.1791281619855745,0.15517075699521746,0.5871257530331107
0.1773742282604365,0.19163993212214886,0.7985372706692239
0.18028087760301797,0.16180378564558393,0.6201644186122616
0.18184862015665434,0.16754511310048456,0.6463899093610102
0.17886255049237434,0.20956741246527685,0.8921230969032831
0.18720046452393277,0.19147887952202602,0.755761369940076
0.17719249637065965,0.1699080253293954,0.6767105141888521
0.1767693797750224,0.1772088989156555,0.7196319808190569
0.1825381853936953,0.1866993871721244,0.7488810457784131
0.17589415757347593,0.19649049433319593,0.8328332012506029
0.16984274868767782,0.18680725503498802,0.805493646870739
0.18072912383513726,0.18890230209735884,0.7685662340955449
0.18952481988017772,0.1681893575899956,0.6236088638138151
0.1882751117627639,0.19114023002790093,0.7496488978625317
0.18102307901379913,0.18521928973397636,0.7469726538220509
0.17983073761897198,0.16388403743051178,0.6332846038356966
0.18542852017624323,0.184701520114973,0.726433668277911
0.1920692744850553,0.1831899568799375,0.693447493030963
0.18611110151678642,0.18483527142151815,0.7244880628969711
0.18086362272422624,0.1610933860601424,0.6142384211198358
0.18011619521085304,0.1825501781532319,0.7359148243058433
0.18713781818513178,0.1772712556709425,0.6800937240009688
0.1789299338432579,0.18986716452323707,0.7816867838656906
0.1822143192780844,0.17877448247236344,0.7067198833909187
0.1789034734087618,0.2016432448663738,0.8476260520660583
0.19035641877281295,0.20438946026893587,0.8110546587514706
0.16733560415329513,0.1696450941353324,0.7150008197043725
0.17291137893718284,0.17802197484926435,0.7403906882020391
0.19676105383694506,0.1862359344534827,0.6923927870724903
0.1802773628865488,0.1815395402537937,0.7296509009651616
0.17225419791713428,0.17264524540662454,0.7120014890181373
0.1811906247830746,0.19385617791047188,0.7939493452417843
0.17367641089188757,0.182143019392925,0.7608576128118122
0.1708997055599671,0.1793658592791337,0.756969468468396
0.17289802147733896,0.16518160766827575,0.6661823350209484
0.1797490878796235,0.19284474681426284,0.7946896893848208
0.1913649670508493,0.19310689030475878,0.7478217800791749
0.18129714152668092,0.16448636571607397,0.63148467070136
0.18552427971223928,0.18686861564318502,0.7377396417087699
0.1821176731500891,0.1630603602600762,0.6208093827714319
0.1791887797951036,0.18398734259525232,0.7477440426150699
0.1820291540558374,0.1684516602072771,0.650729059428261
0.17514604521226504,0.18593099007091302,0.7761008243501814
0.176865213606587,0.18593193504474748,0.7685622982205528
0.17895083351617094,0.16532204958177396,0.6444342689879277
0.18721867080996044,0.19306933993756176,0.764183077032882
0.1794793453227256,0.17018591908339603,0.6696364914151385
0.1958953319119415,0.19460590844890266,0.738179450411333
0.17032779234871584,0.15373533585357113,0.6090335254342492
0.172968307732102,0.18185091490190938,0.7622836612711944
0.1757687371463253,0.18748351230782964,0.7821841047499608
0.1651908710668174,0.16515113032166928,0.6970792609664989
0.18527505212378842,0.17572904312727078,0.6786075172347923
0.19647641818753556,0.17329585055301872,0.6275351092533332
0.1789409923453442,0.14700121190213267,0.5420849109572768
0.1826516029291671,0.15733437256862634,0.587645390718257
0.1712615338538563,0.18022426795067473,0.7603824689658555
0.17664424654530178,0.16708794723490922,0.6628460848561015
0.17247768006387648,0.17365463540133122,0.7169312304962367
0.19385002550471728,0.16530974714961966,0.5948399895712866
0.19399152681832954,0.16248094077084563,0.5798239882723462
0.18556293580202723,0.17723618814167627,0.6856767359911873
0.18303594876482232,0.16301811844027422,0.6174640512038866
0.18036411587511594,0.1838961054987356,0.7423655467667705
0.17806620539460424,0.16635969707438147,0.6534631139947199
0.1953151113700158,0.1815415491366536,0.6734837269577877
0.17881088771134548,0.19432700133282768,0.8071488441230426
0.17708941484757632,0.17905141420448772,0.728735900536824
0.1792766391144153,0.18519346109093054,0.7541052853219173
0.16813895026496917,0.1673448900023643,0.6979042620251952
0.17574194543144522,0.17822742552695894,0.7296347221613002
0.18332317486731617,0.1766802732633781,0.6910215980879968
0.1812961335047193,0.1698890100994685,0.6612882899477152
0.18127954713614466,0.18235933304612273,0.7301393628632477
0.18717330089992246,0.16882285954385212,0.6348280388952704
0.18387591504198753,0.1968829383827647,0.7988155400843248
0.17452633545580212,0.1867327054702056,0.7834502747857927
0.173503707531716,0.1770226658279589,0.7321034670382447
0.18368930043069503,0.19225960204371742,0.7744577485469338
0.17242069673417207,0.1798486494755683,0.7530920123572008
0.17429380764958516,0.18440947623050968,0.7711661019004057
0.17863230206995329,0.18941693973220444,0.7804688072463404
0.17851064700318472,0.19243099311253126,0.7978851430076898
0.1847071054331161,0.17779754198964817,0.6918929387690754
0.16904712977853123,0.1719852782792812,0.7216051431283939
0.17284262117469942,0.17881979107553167,0.7453010733118193
0.19345534501354042,0.18833748182240062,0.7150874110649051
0.17819234183760174,0.18482998111086818,0.7566541845762794
0.18256187294977183,0.17129082613320168,0.6643820211385122
0.18069429252543429,0.17466039494427602,0.6898966934814998
0.17501008634660709,0.1786014573206815,0.734823117942966
0.19042392922864307,0.1590137860673176,0.5724794489269472
0.16690380055781293,0.18501139780655848,0.8089174563750726
0.19137973746574982,0.15553262812578506,0.5514305198828672
0.17061610183963827,0.15036949004640351,0.5882767743735031
0.17121753146675306,0.19173537285256606,0.827808762562893
0.1774568479064248,0.16382493391719774,0.6414231699709838
0.18349950748638771,0.21268661937848363,0.8865779620174292
0.18908428473952096,0.1748440535578123,0.6602561060523626
0.1835900884911803,0.1823790741830828,0.7210578483350005
0.17821416585365207,0.18923841963003507,0.7812982708926544
0.1801169796556873,0.1900744625308013,0.7776860504688036
0.17983021005566197,0.1669550730555618,0.6503638794580803
0.18674445426857886,0.18059873624755482,0.6993446566275302
0.1735524095175734,0.16059219518815235,0.6372265040604586
0.16507984548910049,0.1695386355084112,0.7241261654579378
0.18275982552512232,0.1752255284524327,0.6851917706346194
0.17818609223274381,0.18271280337711107,0.7447988881408529
0.17417786892584244,0.16252971884912853,0.6460620947029666
0.18687401696833983,0.17790464142489695,0.6844431531996582
0.1720843536061943,0.17571637994229464,0.7305509031343415
0.17229300747243512,0.1906866819254341,0.8165547980694593
0.1734368757748759,0.20232094585608315,0.8782500559673272
0.17210163497502345,0.19615931052489538,0.8492616037384364
0.19103403138895372,0.17421337472530457,0.6502159527398584
0.17040335768226814,0.17412591235734315,0.7284240994170238
0.19317953561468007,0.18128292299631127,0.67959021942247
0.18013466524472277,0.1742383930637354,0.6896973044857899
0.16780455648868342,0.17985202246750612,0.7738289423402112
0.17251044452688905,0.169568588006769,0.6931092684543627
0.18375489397288186,0.18074079537036583,0.7114955827498137
0.18872948281070526,0.17088137938857098,0.6405007717305854
0.1756757619971287,0.17727478571486355,0.7244868857716625
0.18549595871715394,0.18177448331708412,0.7103900496183594
0.19133681826145163,0.18084464280653903,0.6838445626693067
0.1869918965934126,0.20113900186356512,0.8082649816221473
0.18137162016162872,0.19157552497713798,0.7805825677191031
0.18077453117826178,0.18913666445870123,0.7696696185675543
0.1860564267738595,0.18250661870688928,0.7121851204201787
0.18292821658295016,0.16174908407009303,0.6108903599320861
0.1775983147142909,0.16136992461208202,0.627088859436797
0.19494874744529048,0.18002581022247297,0.6669743300554563
0.17297258321432046,0.18021186741127132,0.752789054725125
0.18791840954294614,0.1612123679905682,0.591811990432753
0.18001389138856155,0.16874153622702487,0.6596242951646449
0.19179446142050152,0.15849510461634017,0.5656842424582277
0.17440143052675158,0.1731925247076734,0.7063733613628633
0.17933552600687014,0.16527767621045913,0.6428044614319361
0.18432244542450177,0.19505105171384143,0.7869418799201757
0.17397241446468406,0.16852070760357798,0.6812614975096375
0.1750554831345065,0.17188498846088315,0.6962649000101927
0.16767305818102146,0.14853306898128468,0.5876499781790073
0.186737494270059,0.17353159339502436,0.6615253882349598
0.17903216281532985,0.17563233439380335,0.701730529409914
0.18495809583828826,0.1675204971681565,0.6353898521474102
0.18051127330546926,0.18814001568188538,0.765270850691517
0.1916785514001096,0.19900842754368378,0.7773870704638399
0.18101123001053776,0.1729087448190248,0.6790117100020232
0.19082258160057472,0.18093158866091097,0.6861430526863632
0.17597486852344357,0.17534442100003564,0.7122859193006704
0.17911232844778494,0.1715413464337545,0.6785761063297571
0.19016665723320458,0.18772039284637224,0.7242089378343721
0.1858690598655688,0.18138464988324945,0.7068667048634903
0.1890984200584888,0.18521620539948286,0.7150572985097392
0.17250617962898793,0.19109490325179088,0.8179121672930567
0.18043704793930354,0.18490979137610394,0.7476834326256859
0.18071345777025555,0.16211443851444457,0.6203989448144906
0.17505574524993847,0.20052503405371128,0.8598691453330873
0.2064717987290109,0.20093457141553403,0.7310178549547675
0.18585814564746145,0.18316713449226885,0.7164987793694139
0.180809783151473,0.17915967288096724,0.714340068494878
0.1992655288499803,0.18459248703543074,0.6754429018014475
0.19275173874262505,0.18248567238171076,0.687338403513
0.17311395656507114,0.17919879808081338,0.7463222529504681
0.18732718686326072,0.17334037832133736,0.658422199076579
0.18143963734057494,0.18541653106617648,0.7463448067413744
0.17727264164379555,0.1737367523123011,0.6980025296905807
0.17548530234742826,0.1848126731685989,0.7682277168813539
0.17765953575531457,0.1854392282358796,0.7623527082858993
0.17341589455387896,0.17254729520584378,0.7066670302690696
0.17908246923024498,0.1657771408258059,0.6465018118381656
0.16661944325405995,0.1808056370536492,0.7850562605361597
0.18049893988553892,0.18785909693962677,0.7637667956778491
0.18961475211007395,0.18592942870000254,0.7168715893006765
0.1959338006237938,0.17910188571569657,0.6589056370298301
0.18661131841323672,0.20596260006600428,0.8357617393851579
0.17810461750480747,0.1806286005054398,0.7334374725119848
0.19019972987765535,0.17283790226008944,0.6458363654832951
0.17542639827405276,0.16450301484544907,0.6527125676180809
0.17550512215943556,0.17859752829445702,0.7327280635013839
0.18156247612397933,0.17033149931837246,0.6627553329698175
0.18391417815048683,0.16435258908796996,0.621771471008622
0.17976206422245883,0.18803432159532119,0.7678723661322736
0.181632002571995,0.1968904283007494,0.8087254791045163
0.18833675973842132,0.17345662648175014,0.6555099846318774
0.17719705064210178,0.18827924320345918,0.7803698916115268
0.1733930869770336,0.18298244638677863,0.7669420315724153
0.16787505277806156,0.18505107991505712,0.8044737897631565
0.18892261326543328,0.15207183421196263,0.5402838360517135
0.1926615049047624,0.16783031319265168,0.6115924052960049
0.17868184593270423,0.17857998840184627,0.7196029777433153
0.1834278919503023,0.18688469470829436,0.7462588881814206
0.18565239916540535,0.17814316244037415,0.6902316534364102
0.1843965022757132,0.188077881804587,0.7488096579951952
0.1824466556637299,0.16688089828505018,0.6406305331267627
0.19154624271789247,0.19831199561486101,0.7742882006476814
0.1819383881918003,0.17611359267496396,0.6931664830514735
0.18340599759751985,0.17387477510489247,0.6754128912225256
0.16731543144319916,0.1533413039042565,0.6176435909878352
0.184428264234674,0.19952174725367172,0.8107311960785696
0.184798117241646,0.1783861304725302,0.6947372212924104
0.18373073133736958,0.19488915174325003,0.7885950852565977
0.1986628784339522,0.1803699649938959,0.6562371693272275
0.18684840988589216,0.17554589085153877,0.6719130814557605
0.18088416101412885,0.18591193065748232,0.751375520639788
0.17785140831868962,0.17655806179587946,0.711594375283786
0.1911244906742284,0.18075867957148087,0.6841544959005749
0.17821327749706856,0.17048000304289254,0.6760439218389568
0.18942196914083803,0.17501700361201167,0.6599921021782837
0.17947983646246465,0.1654028837675662,0.6429852291051139
0.16422036736914117,0.15117814384633624,0.6161120296296982
0.19101444308989715,0.1725075165777532,0.6413521124164285
0.18044260403582915,0.18863194936179487,0.768288343556978
0.18232681089249053,0.1644957043067338,0.6279696537567724
0.16896337086443888,0.17673851780597957,0.7500946338698653
0.18274552275128847,0.19257169550707817,0.7801651901541481
0.19319039081581735,0.19372846218360776,0.7439731426426622
0.17786155292466982,0.16515512662339463,0.6474424895647154
0.18772544064331267,0.1904450743462382,0.7481408692660393
0.18107310980827934,0.1851983927676027,0.7466508578261626
0.1690985596140383,0.18613107586185487,0.805039831046281
0.18190824234663816,0.19067969613595004,0.7733552604388074
0.18901996181441746,0.1866603831308496,0.7229944489409259
0.1703153093148997,0.1668127096672999,0.6858614773808874
0.18725654079014262,0.16679325326136885,0.6237072027954335
0.17211192532566835,0.17237535683875613,0.7110219504383486
0.1686937630878587,0.18207002055067306,0.7828980641204185
0.18851021086568978,0.17485712505621115,0.662336138094767
0.17871597372655504,0.19024247553961468,0.7847226670078922
0.1736620827902333,0.2060149260268384,0.8983822117076017
0.17245690140376008,0.20211903286531868,0.8820698483337243
0.1669828853454575,0.17247443873577847,0.7334550393137652
0.18053148985922907,0.20164163630469153,0.8399733277719879
0.1901471753414575,0.18067381396344634,0.6872245865803074
0.1828345462397023,0.14491576823581595,0.5191347597481832
0.17598322142928297,0.16678884109580527,0.6636362270634741
0.19335092101658277,0.16810335639239943,0.6108238624954379
0.17746819245807077,0.1919592206797004,0.7999135998031882
0.188930038814142,0.17866900783882972,0.6810404986229138
0.17827277166249156,0.181809563365293,0.7393701356415585
0.17369429730874206,0.1880467870216599,0.7947686778471569
0.17613062068440782,0.17233161713095999,0.6945505367300936
0.17694789020452809,0.18847691498031147,0.78258584954164
0.181602720665249,0.16783125511106495,0.6488408030420704
0.17730129417377663,0.17273311271875993,0.6922290854711229
0.18767627502503695,0.15226504744605648,0.5449013064246603
0.18008975914201192,0.19210963342383816,0.7891044671328362
0.1767236808463784,0.16894107275567713,0.6730341524465513
0.1943828041949854,0.1782345574045909,0.6597011393865827
0.19634147890254805,0.18868171198877473,0.706329160623303
0.19263565811174077,0.20558292829082078,0.8076538363451532
0.19094664442297002,0.19613895355779648,0.765339207711244
0.16862438659698495,0.16366324814313626,0.6740617441935803
0.17426792953235,0.1996818311009603,0.858917825572572
0.20143063897495225,0.16872262039004382,0.5893970301350575
0.1771465023377355,0.17059238167913496,0.6807494366963097
0.1882541629936135,0.16213552207057505,0.5956602514781
0.19710834997268784,0.16457301214420617,0.5812691961557279
0.1715873398661715,0.17133169464408876,0.7071133263020493
0.18560730632723885,0.18124604505676659,0.7071168029634053
0.18112558506857152,0.16943886243287973,0.6594256818420319
0.18558447384975743,0.19494277168184132,0.781006991992131
0.18638153436811822,0.18408501146425688,0.7194114584303637
0.1793078425552831,0.18137638163141592,0.7326861991042626
0.17699569283817423,0.17689566026809453,0.7169420805291246
0.19259789034512678,0.17739720292966973,0.66146728139846
0.20837696836698474,0.18688352782019352,0.6569033463387375
0.18179435124284113,0.19244873446873823,0.7835707407567083
0.17538525306345393,0.1683976206031066,0.6750716980764092
0.18971554073222008,0.18483870767718422,0.7107414983335841
0.18053465943317556,0.19016123930978499,0.7763674839493371
0.18281006802676808,0.180422891239923,0.7134338532209602
0.1944919413261671,0.1641186842393274,0.5867527644651762
0.18497135418859187,0.17355873955354678,0.6679885114944316
0.16939833690284,0.16967488278067872,0.7064702344115654
0.1971750198090278,0.18772902306573436,0.6985115213840508
0.18630338785467285,0.1736659764722941,0.6637881248233689
0.18962632751662123,0.1900711566590551,0.7386693530030924
0.19339808079245122,0.19311525491912107,0.7400034908966232
0.17767117593856685,0.1834485966774329,0.7510987416640686
0.17123350606293833,0.18643265535794887,0.7967637788588051
0.19388009040287668,0.19332763621804044,0.7392591777743149
0.16971520347068744,0.17985638586937527,0.7651429171565266
0.18260069492437533,0.18674525440933046,0.7488758707406011
0.17900400756536516,0.1892203865287064,0.777750109744714
0.1986523246783861,0.1932331318554976,0.7210241918255373
0.19194017500892246,0.20478514225201866,0.8064238883017762
0.19032106427843226,0.18525275170675565,0.7106557133838122
0.19566557417466626,0.16896796540648049,0.6080168466440624
0.18857755247846575,0.17882255504464348,0.6831277283618055
0.17752715448394163,0.17659848309568307,0.7131217951625233
0.16544806453023622,0.160664177202117,0.6688756227903333
0.19694865100797593,0.19742890248646797,0.7485651804769023
0.1741596076413742,0.16996716738671439,0.6888346213649508
0.17558496615586877,0.17962261132773386,0.7382329715669755
0.183385624838438,0.18338108891719562,0.7273257597737218
0.17676612248181367,0.18807248717061584,0.7811026526580126
0.17986570114402697,0.18423284324361952,0.7462948321433052
0.19801157909486006,0.17817956265494855,0.6473336723078323
0.18782939338109547,0.17484860397001484,0.6646915145847483
0.17883911207998227,0.16525541538155233,0.6444642563982683
0.17004942083914953,0.18126032180940913,0.771895141786862
0.17102623041647347,0.17232061111067515,0.715215501229296
0.17023838118452467,0.17436399306908665,0.7305285224386979
0.17573874511475898,0.17962070022494017,0.7375761112912048
0.1872558996473867,0.18004187170059288,0.6944607456719334
0.1685750210932561,0.1936050018868091,0.851875924176017
0.17225291195331696,0.17965324081912354,0.7526911408862653
0.1886621869096221,0.19126006812616175,0.7487460547344967
0.18682841013528223,0.1721036457378464,0.6535603747279725
0.17464823281385222,0.16248347428031698,0.6440573286544893
0.1970393134200321,0.16303576933852731,0.5736711490542348
0.17201414383126212,0.19131350933436772,0.8215226154483534
0.1955016627998669,0.17861642045016832,0.6578789080777878
0.1681959566284409,0.17090122329638852,0.7188117105779751
0.1795801852916539,0.20228659844776048,0.8480144855649512
0.18291041479416917,0.18450147517636645,0.73534071489435
0.18472555273021585,0.18549171769461553,0.7334757736115463
0.1783224818686917,0.197157648508151,0.8252332906431337
0.1852168372160216,0.18347250479931143,0.7206283554212738
0.19040150883299603,0.18311465261303134,0.6991260385955669
0.17791538867695075,0.19793643088732077,0.8314987926982293
0.16216369955799853,0.18027553320225073,0.8033581717569112
0.19288412937718846,0.1826622323571137,0.6877820004448904
0.19244486992702498,0.18745840295108127,0.7142741866967169
0.17439291164902404,0.18835671993964104,0.7933620617453309
0.17227516744381985,0.19409328862320724,0.8364135746389397
0.18424152066011112,0.17012391122726886,0.6519915315336196
0.17681538621857715,0.16169844291159768,0.631723546804447
0.18029535274900865,0.2047118924673402,0.8581024974210871
0.1899225762012377,0.16677338498344677,0.6148473094621268
0.18250273383866478,0.20386257442026523,0.8430699704273039
0.183274783112398,0.1682352257738689,0.6451254436970638
0.1708154064582231,0.17649233518632226,0.7405206462875988
0.18411092209318136,0.1908125280542781,0.7648244137466798
0.18481815184170625,0.17296147816883997,0.6653106144798725
0.1745446592192634,0.19648936635312972,0.8392658188934295
0.18853192223669213,0.17757748753707334,0.6766890509762392
0.18814046029302894,0.19631813228385378,0.7777068901392243
0.1831098906759293,0.19759084566654989,0.806023339983084
0.18448418040363476,0.17448422288833798,0.6747690919404457
0.19126625968873978,0.15383399338962206,0.5428766869734263
0.1733225306852358,0.17218496081886886,0.7049571705179181
0.1668625707351551,0.16928999234897305,0.7148996436013837
0.1670741292985739,0.1664989904708619,0.6972892270033593
0.177696723884604,0.178064505919972,0.7206914293092814
0.17963405989743136,0.17275392015801216,0.6833554851908541
0.18460356822196097,0.21100472851906502,0.8721647694560186
0.1713261547424412,0.17762631760901818,0.7449318978814526
0.18344569384941262,0.2045725936966726,0.8426068252305696
0.17901059316733367,0.1956122969634793,0.8134283808967959
0.19947897741109294,0.1975640926833398,0.7397475894376319
0.1742155100705067,0.1787408519962725,0.7389746868356889
0.19534484809599875,0.18966238525006315,0.7149530003546781
0.17563811863904685,0.17173754621404105,0.6931157493449549
0.1767561141935416,0.18066507161472123,0.7392393310459839
0.17183265865663067,0.19094451985853816,0.8202429093539455
0.18610482488289812,0.1975683634871694,0.792931422277865
0.1938401347512738,0.17360325861154102,0.6376556576899964
0.18129313408319023,0.17541396490792366,0.6917744874462526
0.19671931822561056,0.18999461911536036,0.7116465244903167
0.1749777668251185,0.17859442334160994,0.7349186452364179
0.1758395260564866,0.18445955096038855,0.7646719368271888
0.18053504509189564,0.16304221341015818,0.6261510797120726
0.1798909592689433,0.16577357663128156,0.6435764037379778
0.1828494139656025,0.18338512730177953,0.7294807481683909
0.18781911029187007,0.17622339180237484,0.6720476505624176
0.18806989354901676,0.16161518480895168,0.5934771520453982
0.17880968157028865,0.18679661300735786,0.7650403032208533
0.17219254340149268,0.18367679626623745,0.7763216317361085
0.20278467126339214,0.17607839300120662,0.621735322574981
0.17180657593316515,0.19183026210868148,0.8255228959562945
0.18207644887159544,0.14370506347547057,0.5146468093825444
0.18884328982777315,0.18126385217098478,0.6950940766319982
0.17885079328709755,0.17443348884833243,0.695739093807582
0.17790422982989518,0.1926333487031274,0.8017423129259356
0.18236729081017933,0.1750157732182291,0.6855164249182947
0.1893969679077629,0.18276703522086857,0.7009987366087438
0.18816692674923152,0.1651120366886519,0.611754885288958
0.1721253700867162,0.2004838373397678,0.8742687801568968
0.20070825551188148,0.17240648007621331,0.6098726719737102
0.18531488101309937,0.18488961533858708,0.7278941367318047
0.16907201724546392,0.1687367424571172,0.7022850048848212
0.18573828413899823,0.18372238022219928,0.7199505521550281
0.1838344535971992,0.19307196036772417,0.7782652139908988
0.17537623180014802,0.21185905738727492,0.9229247072187252
0.168281813143427,0.16392815811903613,0.6770081447953908
0.17523063291075283,0.17876511600043932,0.7348322257445764
0.19048179932542322,0.17390870330784358,0.6505015373996719
0.196505644194682,0.15751742575927688,0.5471467560125512
0.18020927787238247,0.16707913099523863,0.6496842580888079
0.18931319798244675,0.1542490780278901,0.5506698906304257
0.17494803846070034,0.19081903085717009,0.8049191754087779
0.1898294839068056,0.17914683150830732,0.6803307307715714
0.19127906014806226,0.17728147707857425,0.6654229531452643
0.19927466483729675,0.17130770869727555,0.6087462688562068
0.1793990448366056,0.16538149735590338,0.64315558347031
0.18383630533882503,0.16962255844773,0.6507014935230342
0.17656685786714638,0.18143359722680205,0.744384301869925
0.1835530706076921,0.16482093929852515,0.6255462734477043
0.1761211026336822,0.16170174872860793,0.6342326220892373
0.1906105346248165,0.17288650149838788,0.6446994219929578
0.1778393292721839,0.18400906083420948,0.7535400711566338
0.18598451044701578,0.15797918712926376,0.5805816133275541
0.18260873331791946,0.19579351408462706,0.7983928886402295
0.19777127295348487,0.17093559715064421,0.6114922321356947
0.2005349219058432,0.17567595622666635,0.6267035937295486
0.16985298104566193,0.16846405385973012,0.6974505429956698
0.18875972774359043,0.1715503170655344,0.6439420024521718
0.18797892194780594,0.19279754536098956,0.759646581017411
0.17722478407813022,0.17895985615712787,0.7276626507287796
0.17446140250758826,0.17041205944725196,0.6901931184579041
0.16938189900676429,0.1638655809732615,0.6722417309107762
0.18880008900135384,0.15602546590263294,0.5615752961952929
0.17674373152653625,0.17299728357482735,0.6959074729977656
0.17866524088182872,0.16595426432600693,0.649002927226905
0.1712393465266576,0.18992534620463353,0.8171331475085414
0.1679172085127825,0.18843624696702788,0.8244315647760997
0.1752261971685137,0.18614859831980743,0.7769876908809151
0.20237133484466718,0.14262972698758533,0.457721579287326
0.1746777478267734,0.1800014960470568,0.744236158666176
0.18154470356205088,0.19802108624616194,0.8153423555844428
0.17971673671725594,0.16023527149616112,0.6133834472500558
0.17510168570169646,0.17957164268189885,0.7399794134628569
0.18161483319615518,0.18386851541471375,0.737101221628343
0.1700607909765209,0.18149697590962785,0.7732351187745722
0.1711086626329574,0.17615519054733347,0.7372811440759552
0.17692005199423974,0.17696749301686365,0.7176546218797039
0.17751067418906424,0.18474042682253702,0.7590553494209975
0.18045712476579495,0.18102741212598425,0.7260861121224073
0.18454538534872067,0.17459095867818547,0.6751236745516875
0.17988154504806714,0.18714768790680955,0.7624333439551098
0.1750499730711993,0.1556827409039086,0.6037289755018901
0.19927217104895115,0.1904914699748971,0.7050230307391262
0.1727814165233042,0.16681174550048894,0.6760666039841949
0.18560338009145616,0.19885991003186165,0.8020323226792038
0.18152875082759806,0.19190627809355756,0.7817289407137998
0.17786509567841838,0.1759657734646692,0.7082096292372979
0.18229103787863238,0.17995620389856648,0.712905063303716
0.17592883501560833,0.15643599966288113,0.6049946255452563
0.18747229440366311,0.17746603255462118,0.6799193073306227
0.17898373982499324,0.18466441629612315,0.7523835205801116
0.17734522800366875,0.17552345087518847,0.7077915334298803
0.18340569533518292,0.17974258955586475,0.7074076370352285
0.15922221140222736,0.18235747039007066,0.8312751671040987
0.18114250054160014,0.17090358611656364,0.6674501332104423
0.18094675459411733,0.17310173491184527,0.680320214573483
0.17670182615610966,0.18179133930437097,0.7458402789110855
0.183409673208033,0.1802506632672838,0.7101624521163972
0.18357924701945083,0.18435661944952855,0.7318725925229065
0.16909991641162886,0.17541007774992298,0.7416329966990961
0.17739663814867293,0.19673026680574832,0.8271310456445984
0.16952606080397173,0.16682441549078553,0.6891236364294057
0.1864395220129274,0.18098049753916215,0.7025361153311698
0.17620530793433503,0.17564466429082243,0.713058339523151
0.193873363810339,0.18479421167586718,0.6952693708235891
0.16526450947998753,0.16402905731678502,0.689979098813065
0.1831657708868231,0.16770945718515118,0.6426389418461982
0.17987836999404774,0.157177180184801,0.595831395338681
0.17264731208111037,0.17480165041445445,0.722870509306407
0.1821759000987471,0.19479310463516494,0.7947983490499066
0.1904844980602334,0.1822682829972022,0.6943782005577035
0.18236605826772873,0.16253991343171642,0.6171099737567303
0.18211601425867158,0.17556320989240862,0.6894682513425907
0.17669993194579342,0.17119345906560396,0.6858715661689259
0.18211549838500027,0.19012427287370062,0.7694253049099186
0.1791686675702259,0.2246317315839647,0.9746778493818797
0.18066551195762923,0.15728449211956036,0.593829397526194
0.18590486340448661,0.17967789912023213,0.6975497937247752
0.18732103424239507,0.1800239845901688,0.6941237812189132
0.18508994772309317,0.2188559013379594,0.9122910423562226
0.1748127767459661,0.18783941776572463,0.7884973874994828
0.18133166846147564,0.19706191919657917,0.811010676978483
0.17955728917347258,0.15385377863871727,0.5783879847861972
0.1693008840290436,0.19686270329614283,0.867465661141784
0.18422329073737312,0.18931632089752207,0.7562361976050574
0.18204015358084474,0.17704829406012565,0.6979135732474703
0.1885842881035877,0.17635496371817846,0.6700185099660729
0.1821610328154689,0.15926077662882202,0.5998032342048937
0.17297455466557315,0.18127858309954079,0.7589473686077882
0.19245782977908535,0.1680854291304629,0.6135652120051881
0.1728578377141259,0.1832753329836007,0.771011223708657
0.1836586196751575,0.17163773800094215,0.6623034530918639
0.17789270067643662,0.18388795310248143,0.75263320301155
0.17583523401291465,0.19131965656163577,0.8037049989153834
0.17678177180104632,0.17019423884731538,0.6799017660179599
0.20992162056967725,0.165723921225167,0.5512720457812771
0.17805271264823636,0.19048030261913218,0.7889815354662257
0.1830178264042235,0.1898016139946531,0.7638688358470574
0.1883689168359679,0.19746799385273384,0.7828679823070243
0.17417545764420053,0.18435772473811493,0.7713929766877726
0.20083636691844806,0.18319442020084284,0.6631987136818103
0.1851814868162966,0.20638305209591057,0.8444853466969159
0.19760158955521914,0.1814425440028741,0.6651897097525264
0.16928322434714627,0.17980407750447738,0.7667864196530799
0.18420774802630255,0.16963136072166463,0.6494371816791483
0.1854828907253108,0.18464683602878212,0.7259259088655575
0.1872622721935338,0.17085059543834658,0.645354742430171
0.18170716774187898,0.1745574625627619,0.6854845855046283
0.18602034208375923,0.17880861873165624,0.6924437257171459
0.17394549256317288,0.1657255989501943,0.6652980611622662
0.17604957055832787,0.18946470973965682,0.7921900024939285
0.1790055588677548,0.1810424373527112,0.7320579214499274
0.17595222114569653,0.15315341093090828,0.586258077671509
0.18075000268307273,0.172783015834632,0.6792974495824482
0.16480540625166606,0.16993875030179914,0.7277598049098383
0.17560109008603358,0.18267748640856732,0.7555618609404053
0.18064833538159145,0.1774701416078187,0.7056258854450993
0.18020692890402348,0.171512288028508,0.6742930960952356
0.18405727447615708,0.18059293931250078,0.7095233789817847
0.17955326772210986,0.17782910712448768,0.7119286033954315
0.19305455220157644,0.17314814959352887,0.6378930110124762
0.1693591598985582,0.17151629318506284,0.7175064712050294
0.18567727408730925,0.2039312448243316,0.8290257683982907
0.1786073296737596,0.1749754812377077,0.6997220184971428
0.18124431663122978,0.18239536376231472,0.7304800846897396
0.1812633040256054,0.1873073014544293,0.7575019234727907
0.17963656951886997,0.18197910293971709,0.7347006419305581
0.18850359619048593,0.16160891909075914,0.5920784608160818
0.17765511799414818,0.19745998117808386,0.8300350861996616
0.18374542242012057,0.18753930541535724,0.7485318741758018
0.19642873772188743,0.17348660498514618,0.6286585477120156
0.16469648715444823,0.17502250974126757,0.7591085389940623
0.17546923697961472,0.19217305267021345,0.8102448903150501
0.17175629790796684,0.19051167214240905,0.8180874521276665
0.1885310237673771,0.14383817752596034,0.4977333472805225
0.18722191824384915,0.19945107915523186,0.7982563182617205
0.17969045649132515,0.16473574969684,0.6385188837359265
0.18240533518086724,0.19098502004171766,0.7729215809500388
0.16443902788088402,0.17441263109317556,0.7565882181163057
0.17344680768405932,0.18876226822253483,0.8000278014646206
0.18157946136571948,0.16322789071807897,0.6235721257594574
0.1827425914018223,0.15318905854244133,0.564668902585193
0.16946304880334948,0.18136623966399448,0.775191055463874
0.20278176060023778,0.20072255079492823,0.7432746926981336
0.19692662351720924,0.18125313851106353,0.666507840163082
0.1671345667465142,0.1819969101471308,0.7897642762752053
0.17072638902000173,0.18868433798574322,0.8123192833973394
0.1776765667961414,0.17433991498770077,0.6998104321227859
0.18651004681437935,0.18051830797171872,0.6997923715155925
0.17325066315647225,0.19355457141053722,0.8285946431321025
0.18309454520172455,0.1841639247731216,0.7327576287174826
0.1751397747070663,0.18814410634548612,0.7887648969318475
0.1783830712382304,0.1809367220089987,0.7340198882108765
0.18131846280239874,0.17792173386289326,0.7055085945787144
0.18302012067498877,0.17933087977404363,0.706648423665463
0.18061007136880045,0.20363747101324722,0.8506583816110898
0.1855528272109345,0.1886098243481874,0.7470100371503218
0.1869749125338583,0.18012835117886783,0.6959669049466921
0.17890590452474656,0.1667674558760429,0.6526752495186174
0.20705821518330425,0.19834122346365476,0.7164227863759542
0.2117366573160724,0.18758633925810295,0.6497993356564579
0.17853963697201158,0.19965397230104703,0.8382114741529763
0.18836880699592184,0.1903293744287355,0.7449714029975972
0.17455005756066438,0.17563881993323446,0.7197867573865968
0.17429806318931249,0.17252909235409436,0.7029859661780081
0.18211489589510943,0.18314516056061633,0.7311052723402832
0.1753209097734964,0.1981718906767168,0.8451467133506527
0.19517716681905212,0.18639088654788122,0.698805545601185
0.18500805642034202,0.1897968937780137,0.7556259791216461
0.18433407221892037,0.1831595729740663,0.7223817679019329
0.1682708059286592,0.17248541374961168,0.72790650210317
0.17290803331178217,0.17177284688679206,0.7042636744772592
0.16987044142160204,0.16910171942588667,0.7011326892963543
0.18409749635010147,0.16251690066451396,0.6111810475170101
0.18245115393908967,0.15701188926716178,0.5865234993410188
0.1915055784315792,0.2006999575663471,0.7869220249382392
0.17961093184272947,0.19736896335352594,0.8204899436887552
0.18952880530409005,0.1995269581370853,0.7889405407118791
0.18265431051700154,0.19094722883427662,0.7716611145684251
0.181589884473421,0.18167518690156093,0.7251240193438969
0.1760829523346842,0.1900878061223514,0.7955784717653066
0.17962557435312065,0.16526310268697128,0.641685367476565
0.1700930211095791,0.1827860858631019,0.7806674547661604
0.20994105736631666,0.16352554752808082,0.540749622547605
0.16829569554761833,0.1757944838557787,0.7474610889271724
0.1789208825525893,0.17870551664425702,0.7193431801144131
0.1870934443118342,0.19161931281177122,0.7569442816806028
0.1730470456236754,0.16000590451078495,0.6356994082985633
0.18086221346935483,0.18860055197476733,0.7663322775724611
0.18483323077954467,0.17327934101670542,0.6669760653794113
0.17648207386117096,0.18887395830671042,0.7869012147712812
0.1853724942387353,0.1666695019864791,0.6293787137385343
0.1853317288053487,0.1719503750248669,0.6580113173872654
0.17290936432237738,0.17341223298887523,0.713739440732555
0.1660792577650885,0.1695693090965166,0.7199532964293585
0.18341589002058356,0.19608678286032163,0.7964783358951466
0.19265049391156888,0.17982700697876725,0.6738991649736487
0.18166694900779892,0.18127459225822382,0.7226113113871264
0.17866625730687102,0.18884966418618498,0.7771454234231906
0.1705935486464521,0.17174507704014327,0.7136558094143102
0.17303225473144263,0.19429839758298548,0.8339393011259433
0.18116906425751506,0.18728485319270033,0.7577720498548396
0.19087098689197046,0.17867636605659867,0.6741536162823277
0.17936021367856986,0.1908667301964771,0.7853844913951952
0.1713287832374838,0.1776226172942263,0.7448988715300972
0.1921080384292491,0.1915854511234733,0.7370095092382999
0.179795859620777,0.1532714884497213,0.5743819054984922
0.185438808989674,0.17865256123122739,0.6937736600669782
0.1708485865964492,0.177899310232344,0.7486120475462112
0.185046664417991,0.1976029825199023,0.7976527595573979
0.18791741193731265,0.18248526884040256,0.7050185902123765
0.18999819544097796,0.17825226346722833,0.6750183240928165
0.19086555349764875,0.18392116128610558,0.7016518110888739
0.18487073822305597,0.18425599685397953,0.7262155068153232
0.20282497417749865,0.1978463817092223,0.7289357847019233
0.17473731555260447,0.16000188423069375,0.6295271498409727
0.17382815548952105,0.18709008645653413,0.7886529433075553
0.19584472928057112,0.18463344003732468,0.6874499024400401
0.18361060466247517,0.1865212007405621,0.7435365783557228
0.1801969033303162,0.18312654710107315,0.738783767316139
0.17836149799810042,0.17601742833543385,0.7065282011523358
0.1833797659141455,0.1715606726215146,0.6628903249796201
0.1871419008892269,0.1831282259180484,0.7113758345163423
0.19167056934966092,0.18105849293885867,0.6837695186253201
0.1746316762923728,0.19002574872714312,0.8018347627420609
0.18700725191772197,0.17975897649339354,0.6938713614725694
0.18239448370843966,0.16524552081657298,0.6318476221067885
0.1703836548953699,0.19398092820113966,0.8450395566966575
0.2027050103592665,0.1925622890095399,0.7032992857792119
0.19511060427813806,0.18099210191035742,0.6713735647275373
0.1773862014541061,0.1834920352784532,0.7525502783427643
0.19688562001005058,0.1774781545650087,0.6474731600941767
0.17993109076216268,0.15849503038058277,0.6029810074568722
0.17716352427724374,0.18392046128746084,0.7559144120314986
0.18381023769469756,0.19515010665031457,0.7896736790657106
0.18766216457265725,0.18598830834768484,0.7246442491876628
0.18744558224727548,0.1884720456654631,0.7387319775975986
0.18657115219352108,0.15784084860091896,0.5780145930012853
0.18709773450480002,0.1918523538837047,0.7581724827355697
0.1808692329459818,0.20306892206426222,0.8462960757398555
0.17477642203454422,0.1756702280372175,0.7190342185422415
0.1873188028190547,0.16616372690419828,0.620139169992505
0.18231123947752303,0.1897032709648687,0.7662899520909272
0.1822413101151902,0.1927105322135469,0.7830855261265578
0.18720157798460957,0.1653264228978343,0.6160547584022804
0.17237966529804452,0.20480965265986403,0.8980737512872998
0.17929703427714294,0.18433428117784734,0.7492275693205511
0.1666572525420645,0.1867756949845763,0.8207005269695895
0.18550140012054497,0.16418523223170634,0.6155491665157512
0.17801644868942754,0.1683364451788422,0.6647500613007692
0.1938615085842186,0.17760449557556474,0.6582250210857611
0.1950037804489132,0.19337705555033224,0.7352526972567794
0.19451966985864655,0.180742030603435,0.6721275575803852
0.1836441239217258,0.1780211032776133,0.697115162433291
0.18969317632512983,0.17295149243600938,0.6481598063668526
0.18477579655684376,0.19399163360518257,0.7792775692940147
0.1860378279987007,0.16846735507337468,0.6367917554606264
0.18349522443836272,0.18772481144217823,0.750563464873392
0.19184875011882585,0.1829059446824491,0.6927641936688709
0.17916406928057282,0.18773719682629247,0.7687768947165102
0.17848369531729144,0.2019668480703402,0.8514326633600224
0.17958745972013868,0.18837324358802623,0.7705061578556827
0.18207728574120638,0.183817022531899,0.7349462728816069
0.16923511702081487,0.18986135119655442,0.826432206616741
0.17502623115690594,0.18678326289671746,0.781501504046529
0.17455342172684757,0.18188948941921862,0.7555823776723655
0.1896490626709514,0.17652465733109718,0.6671515036729839
0.18823161361114782,0.18585274468647944,0.7217318179459825
0.178971974972775,0.15884379470499485,0.6081611085844699
0.167423644926618,0.17604824503120228,0.7528700327032624
0.17919266475674903,0.16474456595459666,0.6403418695199407
0.1824795296267659,0.1722493366466693,0.669934523048759
0.16230061661930117,0.1774013135795407,0.7849712233588018
0.1800924607144231,0.2139697434843902,0.9104753349136636
0.1895515206144987,0.16915664135812303,0.6286240330430184
0.17390711384850235,0.20353048386270553,0.8828303826400813
0.1901637356294559,0.194355245118628,0.7591102722125308
0.17669959485533665,0.18373393349005063,0.7568434641830285
0.19337872363865594,0.1799658433341498,0.672079331628032
0.1855436639103309,0.19091208622830058,0.7594551237082408
0.16732866437953337,0.16790347528124058,0.7046221023662329
0.18836411677674358,0.18077122203665333,0.6942469949924083
0.16346231493097743,0.16629962441905569,0.7114766756372173
0.1839447111552209,0.20211035080926423,0.8269351690188396
0.1843342799848012,0.20055315119910153,0.8167398446535011
0.18828411351065724,0.17410661096563648,0.6591454193962668
0.1935276678142241,0.18921710137594727,0.7193653649026972
0.18947917065036318,0.19089255283760903,0.743578053218268
0.18841477380986552,0.18307874205327793,0.7063073630710683
0.17278707528178835,0.17194274388785055,0.7057399616781593
0.18277438609258553,0.1662913131364039,0.6362560729789337
0.17663508578387419,0.17057192664555268,0.6826046258617111
0.18352839859381026,0.16539888624473467,0.6287794539096832
0.17045219492326633,0.17880771069050905,0.755682323413291
0.17449881839439188,0.19065916744284991,0.8060751857066469
0.17837993617640496,0.19266663189621577,0.7997908002115702
0.18359581964317934,0.18199197354988725,0.7189269004404087
0.17616485687716543,0.19797063352528738,0.8399554607447214
0.19540262812190326,0.17556706627405977,0.6426068445493165
0.17285376896820243,0.17729302526784443,0.7364203050224539
0.1862140039014194,0.17976986045170323,0.696885614040084
0.17223468603619954,0.16544649042986323,0.6702859516090689
0.175951632228521,0.19338746445982635,0.8149254578871924
0.18024132382959562,0.1819167445597064,0.7318895675911902
0.1830858145980908,0.17596530733190452,0.688012381562291
0.17588497427166677,0.1814251804322443,0.7472223308242851
0.1884092338204384,0.19672870504042175,0.7787766133599382
0.17923135531052864,0.1950198551924033,0.8091210097761524
0.17973580499987973,0.17932256948141082,0.7195147871705214
0.19136446861106524,0.18087726848038735,0.68391624333557
0.1712314882309737,0.1953346201138047,0.8487610638398659
0.16395493728417307,0.15479480495995798,0.6391683391536026
0.1701318521243654,0.20608688744801001,0.9174465892131205
0.18185346916073727,0.18659520353409886,0.7511278402578322
0.18976812083630518,0.17995056674516507,0.6847860756194188
0.17746737862936354,0.1708625343627022,0.6810408498517396
0.18427819864001171,0.1745739249827808,0.6760101080982266
0.19141978237010082,0.17216974362367485,0.6382294562819302
0.1747695467162212,0.18767306148852944,0.7877405650772414
0.1880322590687421,0.16583698973309513,0.6160484924597255
0.18342267943654014,0.17532708513101183,0.6832692964469096
0.18426567782749645,0.174274862010764,0.6744330440479865
0.18373337334522813,0.18737597314953286,0.7476919987280077
0.17108566049059526,0.17988734363712552,0.7591947990536912
0.1811300452561821,0.1975753667205701,0.8147481358592177
0.17563637062770632,0.17430129613175555,0.7077195667817292
0.18040724121118887,0.18541598340043036,0.7506127940946079
0.18664704426660747,0.1724335443970605,0.6559629426661365
0.18094042382650646,0.1825891856166527,0.7327781311255518
0.18752463938353583,0.16637585270056998,0.6205896626872142
0.1739021742553214,0.18547774389364477,0.7790457162124823
0.18024533574095059,0.17586978661870528,0.6983247921577617
0.1852254649124546,0.16845911816116318,0.6395401313591087
0.1864425712960302,0.17229715406618948,0.6559508014508566
0.18120517917214768,0.1888434794193927,0.7662224670051471
0.1698154968216959,0.1977858648906574,0.8702731355892134
0.19605669344144833,0.18397686273314262,0.6833577593368644
0.1844893382217639,0.1899001033597491,0.7583099636445297
0.1893877851063514,0.17725305445280748,0.6719179612420519
0.2012266069981119,0.1971332699000225,0.7311819848028499
0.16491650088161133,0.16854293215554111,0.7188057685060852
0.17811835371733484,0.19585868295262382,0.8188863186109078
0.17207828194583666,0.20046132271075817,0.8743771788593134
0.17253644039913205,0.1870901352200485,0.7945575723187235
0.19156413753220863,0.20469580069990204,0.8075405067605216
0.17934992634214214,0.1776529724448574,0.7117536931759675
0.1867733443648034,0.19333270923009652,0.7674152311056808
0.1905365749115466,0.1855701519313978,0.7115177335077739
0.18292015027314965,0.17157731921225047,0.6646469458433223
0.18341594731265687,0.18916380792473497,0.7587334142080446
0.17251460068846589,0.17175740978246198,0.7057803182835326
0.1822730684985816,0.16883879949729252,0.6519822180873489
0.17114541867046335,0.18645196870805225,0.7972867154030425
0.17003455061409206,0.17888816891354808,0.7580116420342757
0.18631153368290715,0.17384908286892456,0.664741899874591
0.1785611264066447,0.15572879852828364,0.5921154321546059
0.16785319625868864,0.18852728676933672,0.8252883463466731
0.18055184948323064,0.17776222260958455,0.7076206805704911
0.1857290274160354,0.16884921419903556,0.6399065124742822
0.17720018978878696,0.19586911104976368,0.8231882326064762
0.17873500968177622,0.1660034139991245,0.6490245766940654
0.18119090125966392,0.19344772376046435,0.7916938585944224
0.1756404565122189,0.16893000280181075,0.6771219180561459
0.1852849529834799,0.20000032025756082,0.8095655790836664
0.17294684747431455,0.17571819822485696,0.7269181257757716
0.1811505890908453,0.16956979715003068,0.6600574568933228
0.19010310546186202,0.17537386018630827,0.659504535087463
0.1775272670487512,0.1866340120344453,0.7696508502940222
0.1885710326333664,0.18691725156120628,0.7260778585617167
0.1805084944670911,0.17986224877045776,0.7194245852742029
0.17366178339767718,0.18718663681467476,0.7899644592530983
0.17093217003747896,0.16522909319170526,0.6741217476291319
0.1871471066213205,0.19084897400430853,0.7526110157252224
0.17853506985623982,0.18932144114413205,0.7803589583621671
0.19219708771033955,0.1965984329870348,0.7627505428592833
0.1792773216729389,0.18971593624875752,0.779328556144126
0.18518827478235506,0.17728815223868621,0.687344554552837
0.1690479592454209,0.1790765673075603,0.763549988321179
0.18436001908896765,0.16146964908564806,0.6046302752434384
0.19222950690526974,0.1684753367696376,0.6163223257292231
0.17819841012774654,0.18826215604719732,0.7758888305910261
0.17076957846753707,0.18065303411819128,0.7650837771613295
0.1734286393899607,0.17795531441136278,0.7377980641573882
0.1824460429541249,0.210815226572071,0.8814399258443064
0.17817001325419968,0.17704373307279248,0.7130477837004815
0.1874325488323304,0.1823420025633108,0.7060780178671028
0.16838857310940797,0.1881527141737918,0.8204399599254824
0.18502114317706755,0.17786191100224755,0.691066484655119
0.1838482236836101,0.15898712510582638,0.5928103243106966
0.1845929736576349,0.17677152496726573,0.6867624615137802
0.17375916831920526,0.18767224789099685,0.7923164528393993
0.1796943619632045,0.18052986307447755,0.7263993240990264
0.1752942896774297,0.17629679389770866,0.7204843587895277
0.17977120295921814,0.16708492425672244,0.6512996649595968
0.1875665235500151,0.16288493498910603,0.6018394586228227
0.19874025503863746,0.19385423722859388,0.7238303946053953
0.18980903336578933,0.19087213637436734,0.7421782508258522
0.18087097057705537,0.1758236962242877,0.6956544536851688
0.16661124464373833,0.19507479333472852,0.8707383084793537
0.17336279805226645,0.17892849897540705,0.7436918440629742
0.18875249668169214,0.1671966845466077,0.6209013740583547
0.17911300288351809,0.19342201316611254,0.8007347923220496
0.17617226937860808,0.19616420286645161,0.8296663452312873
0.17338726184184508,0.18922065453231673,0.8029462663716707
0.18616723382905223,0.19345108277575862,0.770549574300934
0.18600295990072327,0.20832649488359534,0.8512041688374212
0.16481087413873632,0.1646448513971356,0.6956146067196306
0.1927737841169544,0.17536795331726263,0.6503371497921255
0.18374496031106236,0.18896940783379296,0.7563168404648012
0.1962846626886386,0.18518809177259346,0.6887348706762632
0.19655067384545802,0.1801840292132509,0.6623433370450348
0.19269929823880194,0.18736529202449786,0.712847910085632
0.18840787138669862,0.20075832886757314,0.8001700128448905
0.1970836947212249,0.18551291391753047,0.6875906914025213
0.1852214898278827,0.19305836178899288,0.7723637355575212
0.18343647598944876,0.18898935712798762,0.7576974883445877
0.1940380947992787,0.20571764866866893,0.8025107071358846
0.1825287513744576,0.17644787211009044,0.6927559146596184
0.17398443503136676,0.18475863593799635,0.7745442051393931
0.19119184044679072,0.18702169839646188,0.7166712662855267
0.17575484353294657,0.1672826015172335,0.6673079339361023
0.17979538969208889,0.18142377813037272,0.7309630038648062
0.1826111037648684,0.16832161101072263,0.6479431347344274
0.17884356904964724,0.18873837180948527,0.7757526454360308
0.17648721128774408,0.183042631821144,0.7538372375561638
0.18545987896029145,0.17131525151490756,0.6541320537628637
0.17472402127525385,0.1755783163547482,0.7187238219346881
0.18107667792052737,0.1915362088897518,0.7816368762401891
0.19608591924092034,0.17048864703358618,0.6144686344639984
0.19990061712249743,0.18552170163691067,0.6779453890022966
0.18253661317657413,0.16973896177382358,0.6559722988724231
0.18683487105765798,0.18568479842373906,0.7262284479103805
0.1790605698973833,0.184534343942105,0.7513342776648396
0.17160295234311024,0.14108750672564682,0.5308038438844722
0.1941718867153655,0.1773113052322667,0.6556629148837132
0.18105504253928997,0.17740973321428075,0.7037071789184336
0.17151347833215627,0.17751636758510042,0.7434772405358709
0.1930619010421079,0.16812328289302636,0.6118414987909137
0.17706312327906942,0.1627665006155755,0.6368717467941873
0.17458362876687658,0.1745715117318172,0.7135348979265341
0.1801302103882974,0.18079235505883867,0.7260989412986103
0.16782370934396715,0.18060499118687579,0.77822729397067
0.1743642171917536,0.1750500097314888,0.7171770202940635
0.1785072104086177,0.18049394339844757,0.7310289769233197
0.17951316479733623,0.19617697721559674,0.8142966972958512
0.1934915648537552,0.16759577849129983,0.6077566150244382
0.19304715494080088,0.21002325225190469,0.8289334919283157
0.1697265350014655,0.1692505644708613,0.7026041300485608
0.16945353568853583,0.17414627128098595,0.7326272112089361
0.1685538242324145,0.15754549636406823,0.6380483910930228
0.18655805353479116,0.19084845619404442,0.754984593403134
0.18555050563525835,0.1712184077086854,0.6532906353107315
0.17462215272464257,0.18498345030619598,0.773003013649981
0.18084513763875742,0.17854596160113104,0.7108068443504669
0.19094018860015166,0.17910465367853917,0.6761523313926204
0.178867133249276,0.18388469599025223,0.7485147973141909
0.18903528658655577,0.16211770268474213,0.5931046245876719
0.1906317664886514,0.1771085690579588,0.6667753827142223
0.18805627659633087,0.17986312609757482,0.6905545959326336
0.18019241376418077,0.17509321892207397,0.6942202299691954
0.16943320363098768,0.1820930152000733,0.7796170547997284
0.19125644127814231,0.20303478766736194,0.8001549471727595
0.1794734363379224,0.16109932350715425,0.6190293436961355
0.18078010136473022,0.16791681048155757,0.6522665359261872
0.1687824835613783,0.18252670329799908,0.7851922812227451
0.16957350232764726,0.17619342506614188,0.7441812743969453
0.18680386538561053,0.17060244710210065,0.6456100191136122
0.17221646949666825,0.18722467839771542,0.796815071164667
0.18097628072433725,0.17830886377630506,0.7089816591586657
0.18577343009772426,0.19903051094227725,0.8022165003029833
0.18279327044413216,0.18507470318531302,0.7389478992149027
0.18321153568971948,0.18710807570113505,0.7483594042535421
0.18025028633838097,0.173323048155382,0.6841767115080728
0.18020777771884608,0.18677272530648212,0.7589723764302235
0.18581671571087927,0.2109104686805628,0.8659633664547746
0.17682702967951985,0.18197818815236222,0.7463688576998586
0.16510561409983598,0.17670340941494073,0.7674082441456278
0.18342343699435185,0.17152215195390824,0.6625224886482215
0.17101018352784836,0.16291202049430922,0.6602648927975797
0.18317801009751744,0.1837539658390784,0.7301857126184117
0.18564884245324556,0.16762545101896376,0.6335910823068394
0.17322896013954028,0.1934319437029266,0.8279905599351781
0.1766551718218257,0.17678244769094928,0.7176831925352402
0.2002850573599984,0.1922351082027689,0.7101633545587539
0.17361454158663556,0.177675448793996,0.7353960539663928
0.1687248860061023,0.17405406589993272,0.7352446271348854
0.172637221323579,0.18848466068150257,0.8021715109856681
0.18856738203274243,0.19072423774888891,0.7462809115335434
0.18321940327062064,0.1729890210328977,0.6712663551864055
0.18071112381317392,0.18459634873174613,0.7448149615343934
0.17362586688044437,0.19128572044299766,0.8137365876496065
0.1903742429040947,0.17615941074099858,0.6626915953360046
0.1797107223649548,0.170108847889732,0.6683454738210672
0.17555259991005306,0.17774978088865911,0.7277008768546498
0.18009942220014508,0.1930967026328819,0.7945428190983203
0.19402776389519943,0.19940098694089145,0.7699979834926494
0.1702957764489474,0.18649854236928434,0.8015380370293854
0.1833231359113,0.1572257208008413,0.584900101494674
0.17401872906728127,0.18779046912711744,0.791814018328126
0.18024163914622374,0.1887456247191421,0.7697756488254227
0.18154301988122343,0.17893380208713874,0.7102107377716594
0.1840448275495843,0.18081174420201085,0.7107602313179289
0.17845949984135234,0.18780219477323493,0.7721762915156597
0.18346240323008844,0.20801053036983952,0.8612692714576045
0.18124357301003186,0.17885505505022536,0.7109496514013947
0.17099643289268798,0.17072387127037741,0.7060022786916259
0.18976737471877073,0.17154785468236025,0.6405097549696851
0.1825732862856182,0.18508007642382499,0.7398676946226694
0.16528872682818638,0.17864314158882086,0.7782934992447625
0.1721850826623491,0.15877530442277935,0.6317347748183573
0.17981834483924888,0.17003942533427402,0.6675593941295863
0.1710836700669283,0.19382903116717146,0.8406940949472572
0.181306487199973,0.18545507705158362,0.747105518084318
0.19311896846107204,0.16776510446580398,0.6098059937055975
0.17988743001938015,0.1883056696731237,0.7688456589669626
0.1780093659698756,0.16567037453197514,0.6497993737675014
0.18277013967139794,0.17844321150388479,0.7027581843227376
0.17561357215993817,0.14933931546140344,0.5656699208357953
0.17997521008539275,0.17746266395320537,0.708223448622331
0.18071037472230103,0.16997935404754155,0.663931742889221
0.19451599237987763,0.18494855519544856,0.6937658623559467
0.17923469457961091,0.17971547520785305,0.7237185608070827
0.18590606672505022,0.18106177970678242,0.7049892562173296
0.17194846294654242,0.19628680239309193,0.8507595815995836
0.17266643490216776,0.18435769944528152,0.7781344389337057
0.20039489836035904,0.15944957079795766,0.5461694468945041
0.1748568466691267,0.18858165874755878,0.7925435085180866
0.18422356747156482,0.16003026569361042,0.5972648733479432
0.17727888648606852,0.1920327551422351,0.8011825771107649
0.1694797027207364,0.17230199037523578,0.7216320799002188
0.18272173361696148,0.19511688623420564,0.7941960891111801
0.1808047263083452,0.17062063687172535,0.6671321006621164
0.18348208307506428,0.17176717484082024,0.6636461326363082
0.16877263787921346,0.19040731323010385,0.8319317336889053
0.1774694285913749,0.16528312406073123,0.6495942708316921
0.1987993429436535,0.19664481192426436,0.737652397401678
0.1881606077085991,0.1818273252636919,0.700610647834697
0.1863447900041987,0.2016057827052292,0.813576718199705
0.17108650077383916,0.18007788963377067,0.7603048109898619
0.1752976225332391,0.19679842942098721,0.8374239610303441
0.2016304702592033,0.189079352386085,0.6897734861565984
0.17968837877184546,0.1980236773054218,0.8237799145228581
0.18448784447906863,0.18676242514464292,0.7413085969474782
0.1733319368587414,0.18926070467453782,0.8034336152836609
0.19372924880893744,0.17861873970859465,0.6639097632358187
0.1782261233905872,0.17305928235033585,0.690467143700636
0.17514658000662234,0.16287805892812326,0.6444776650726227
0.17718369190110436,0.15178300779906811,0.5744490743306028
0.17877357253807388,0.18730928867352084,0.7680625649760269
0.18206937011920268,0.19380931259357936,0.7898599995124163
0.18717578386404016,0.16835528260600582,0.6323215544377052
0.1803635295307369,0.19322593771173746,0.7940958911392861
0.18501077161618273,0.17992004499432393,0.7022296261963156
0.17821365419441673,0.18921559464495313,0.7811724375118876
0.17891727729720694,0.1785332674373501,0.7183949441832728
0.18101794325726778,0.18862492770652578,0.7658076608986113
0.18300951045217337,0.18883459017334045,0.7586195374782048
0.18860161505511136,0.14888317513451976,0.5242965448923916
0.1801909448840956,0.21357658284135975,0.9077957993204223
0.17019786659924288,0.17030780742878754,0.7068702436327878
0.19295888228332939,0.19643544023118498,0.7588945297484044
0.19181485167165166,0.18252497900653783,0.6909005108394518
0.17582568626700185,0.19366756938261803,0.8171022814291776
0.18737493906850178,0.1952901205107609,0.7753978265879237
0.17935940824295857,0.1840337462798398,0.7472914166748305
0.17320550665977955,0.17504643792292812,0.7219541707097783
0.1813869403646015,0.16592504263175759,0.6391035782330274
0.21085585695838313,0.17962848963233896,0.614773008927724
0.17854531157457762,0.18736181871155214,0.7693387045572276
0.18838968570390854,0.16172289747044313,0.5930414770479401
0.18155026662565457,0.18726166883540968,0.7560532484286281
0.1806636521411436,0.1985966199575489,0.8225042403186763
0.1698372474474885,0.17498139148761363,0.7358891725223955
0.1856025952017966,0.18028589463749112,0.7019615997062847
0.17173593941915047,0.16379214418384233,0.6625994801595573
0.1816084652828564,0.17768335319758374,0.70306939160967
0.17400065915679472,0.17619713141265428,0.7252681226853057
0.18227512396425397,0.16374599842769905,0.6240346787530141
0.16092283631339432,0.17934119334661697,0.8037466670965663
0.1747001682608446,0.1758951138285791,0.7206353324205461
0.18138589296518115,0.17243172483057928,0.6749793097420276
0.18176219053897194,0.1739132453634584,0.6817327904996279
0.18044249741556562,0.19389629498500663,0.7974634415173728
0.17253157377856732,0.2054900933739511,0.9012268883231319
0.19150464859842325,0.18022308638407952,0.6799996101251389
0.19446632960290652,0.1786189334657397,0.6613943592619612
0.19313996673938155,0.18909985742857544,0.7202023474316606
0.18093037537775006,0.21125327544742994,0.8912449062837687
0.18833010513577048,0.17268000890835883,0.6514094431154098
0.18663758095969188,0.18525254160278892,0.7246801041211492
0.18201023246790798,0.18633488125229758,0.7490506407453555
0.17393243749076098,0.1703574803295183,0.6919783455338024
0.18558521504076766,0.19205153589792898,0.7654248527649381
0.1756126015173269,0.17587801462892647,0.7167937468115386
0.18163093319821508,0.1890441378300163,0.7655311536514349
0.1668470751485615,0.1859524711732335,0.8148328105373182
0.18660154266033238,0.1817042202442261,0.7058045628484705
0.17895252191565342,0.18876152753937048,0.7754097346824408
0.1866071348800156,0.1908326302694392,0.7547012088256517
0.17557507866782388,0.1775505910372336,0.7264732102358937
0.19263843660260227,0.1858216105275806,0.7050597633730268
0.1872063073580753,0.17403305521596396,0.6625474160906453
0.1789002180606983,0.18807190437655188,0.7717816438306745
0.17218995308559953,0.18795563123960163,0.8011828144875605
0.16273865329893786,0.16702215002091317,0.7190802409182584
0.18747689758217562,0.19426318400419326,0.7694984601553866
0.16521523969347593,0.17562896935364608,0.7603957697045727
0.17059635068336035,0.17543060859169435,0.7352479000239753
0.1852578931165528,0.1959898466334716,0.7880357709866851
0.18228668945550197,0.19513172868849685,0.7961729357311356
0.1771893884835734,0.18679412038974533,0.7720220807829414
0.18260732331829563,0.18543746963758725,0.7416869552461022
0.18503838889638655,0.18315143793443991,0.7195881823690051
0.1939762541148019,0.1713584544552827,0.6256356223038441
0.17386984080973672,0.17694626974426703,0.7301224246428254
0.18049061157293286,0.1687861671165823,0.6581293402542604
0.18264302675770794,0.17641233407355744,0.6921278973396261
0.17713768394733878,0.17761388728634753,0.7204220154774398
0.169029272398249,0.19055259152690632,0.8315281106798535
0.18112680439486512,0.19528102154030463,0.8020956479946781
0.1753866808263761,0.17012537284984483,0.6849173054866284
0.17788293845066586,0.18228423085138484,0.7436589028917612
0.18409038961397645,0.17123267109746615,0.6585497013270591
0.19291134973353455,0.19975386936946896,0.7762833528266825
0.17900259949062214,0.19175712039962864,0.7919277195025048
0.18910538952817346,0.16713147865483707,0.6193978867925733
0.17335729661538016,0.18138860919353597,0.7579064265465665
0.1602594000446505,0.1634134092751327,0.7076864710808486
0.17365773417460972,0.17504134674346639,0.7200447900451101
0.18586299040927867,0.1867595168009924,0.7358082235728683
0.18080146048658177,0.1902000188213187,0.775436318069586
0.20102345832956453,0.16557152157594235,0.5749155970964869
0.1858152325882316,0.19228417397565722,0.7657293322714849
0.1878222852510462,0.1850812693720446,0.7191972411127513
0.1873296413337327,0.18990070913231635,0.746815656808308
0.17938241691829598,0.16029949109380476,0.614884630214584
0.17389149968704373,0.17191762602756494,0.7011132013179638
0.182017461535928,0.1592076265598612,0.5999843401744451
0.187189216119776,0.17574510081325936,0.6717539793147024
0.17873445381086042,0.159086705060574,0.6103283543530519
0.1882561793126179,0.18520305345740545,0.7181865368301537
0.19697534148959173,0.18531698729039708,0.6869742489952597
0.1880160810704259,0.18093822863225484,0.696420369400258
0.19296862900316558,0.17451049498298468,0.6452369777729111
0.17531215202593695,0.19609649214213,0.8333506288857571
0.19988349404933434,0.17406948273590878,0.6207089951373699
0.17610215391084139,0.16793469081768858,0.669694766353611
0.19284771162886966,0.17477153895487402,0.6469951751099519
0.17334262617652105,0.15689551252639317,0.6166718186070264
0.172926505496341,0.18274019271735542,0.7676104500947318
0.18749066305165132,0.17328178890354942,0.6575356174914525
0.1956465318534793,0.18231812128571828,0.6763121228482191
0.19118892109822025,0.18023421452982924,0.681180759751887
0.1884177446501809,0.18133834395451784,0.6970593146540549
0.16879142225232713,0.1658714569306168,0.6864771644461884
0.17134246594992522,0.1906202547046904,0.8206970404277165
0.1779164115726868,0.17625535071151843,0.7096329652531098
0.17895101502484026,0.15857752312676998,0.6067443825993292
0.17287476825384074,0.16672406558125424,0.6751943430510484
0.1910651937256353,0.1844711043853312,0.7037969698365275
0.1770829113895222,0.19555846367693755,0.8219791652101224
0.19552292406287172,0.18558334899205176,0.6934396549248313
0.17581043166034166,0.16637160125078995,0.6619152239817884
0.18174397449187077,0.17819389764599106,0.705354320573225
0.18141539029413417,0.19641289190119876,0.8070588259563601
0.1797872412494507,0.1974942441339528,0.8203821534215984
0.19807884416706054,0.18293752480336442,0.6711343927837358
0.1766119662994065,0.2011412563604133,0.8557815165490359
0.17584656627781162,0.17535949581849128,0.7128913488162275
0.18108221052191717,0.17271470718215284,0.6776740068969952
0.17145513447802618,0.18368431177481126,0.7797043359581882
0.18001832172797183,0.17031677368496045,0.6683584900139931
0.1850966396173649,0.19761856859000407,0.7975216022028483
0.1931554279969843,0.18587280788233723,0.7034376889706595
0.18486179312557915,0.15897287529110807,0.5894829507419161
0.17149385706550369,0.1703811083457608,0.7019558041649278
0.17189536100684555,0.17141227236957887,0.7063150026762139
0.1791102597370086,0.17536319815816753,0.6999219270980959
0.17789982790460987,0.20043865451941392,0.84563687492761
0.1777055143626662,0.16775724309000345,0.6626538490509714
0.17552117638365852,0.19365027973813465,0.8184213591648926
0.18999927248003945,0.17114017409657384,0.6375823050022486
0.1782841020710175,0.17217541842770806,0.6852849862016347
0.16703018794588856,0.1765722243674339,0.7577805301185344
0.19425943646318347,0.15823467235751554,0.5571655839639401
0.18133303144390417,0.18423807741709802,0.7402847476171208
0.18261971108155944,0.19292244947489454,0.782623346781357
0.1810575616347297,0.17803804177702998,0.7071676025071922
0.1691305923240048,0.16758465381158497,0.695229953350646
0.1735741130565902,0.19286299159548528,0.82306623424259
0.17868858511981756,0.18122774797021204,0.734393570144499
0.18422952420388583,0.1801558033586867,0.7064872143655105
0.19275819243266834,0.17795589618883914,0.6638156053135585
0.1725847967700603,0.1729058731044057,0.7121477407315125
0.18797264027025418,0.17788757945894376,0.6803520941934728
0.17601512782033685,0.18658484218530524,0.7759835411688074
0.18764448452455693,0.19096563902029023,0.7512378494761575
0.1817027373941808,0.16384969268683494,0.626571147576344
0.1848864467760055,0.1757701361937924,0.6802561160481712
0.18227652210494127,0.19403607393651437,0.7902063978025051
0.17604850178908238,0.18774732540763986,0.7824396345767836
0.18567869254708397,0.18188555941005616,0.7102891430400012
0.17285791251344168,0.18367649511702785,0.7733316524150028
0.1723920810095367,0.16829753868715946,0.6862121391794977
0.18282716856658937,0.2006547895200621,0.8240284564992898
0.17530700743539374,0.1765248758839845,0.7217331339741965
0.1846846614321438,0.18134913795700602,0.7112076170184056
0.1753264626967617,0.18129030674158336,0.7488333747350983
0.1780088500556408,0.18825203152965558,0.7766581913564506
0.17753424820967276,0.18313493859535276,0.7499112984561536
0.1809628871214338,0.1931535026890047,0.7910655326411906
0.18441565773830357,0.18356632689131008,0.7242678226425242
0.18757986973587917,0.1804457873862117,0.6954146389475864
0.18636616454712465,0.18991958056833277,0.7507778083448866
0.18056658211963403,0.1939221715560603,0.7970587351578984
0.17404592038294558,0.17103767580063958,0.6954352939403906
0.18216754263289836,0.1799964377139261,0.7136092183880046
0.19733686592483912,0.17889371453424857,0.6531659146919923
0.1699964593596515,0.16728423102091042,0.6899216105011874
0.17984555897240456,0.18787766978375423,0.7666448400035839
0.18354906910179727,0.171951121893011,0.6644061039905154
0.19521451623840133,0.17867232737422759,0.6591329879233437
0.17883775502204904,0.1847827638850588,0.7536594488587788
0.18956158032943435,0.14980064047465977,0.5264813698072084
0.18715887604542036,0.1853735191704918,0.7233080366310752
0.1826121620852225,0.17893516087350256,0.7060600969903108
0.18888529241190588,0.19069634753625175,0.7448771989585746
0.18245094178669513,0.17790458691914646,0.7010354984556931
0.1847084915717989,0.18175861330774945,0.713332734118144
0.17264301385791778,0.19913203919614145,0.8638173990571928
0.1756404801072773,0.19912502687412997,0.8490356367908338
0.1750569864384088,0.18844236660252278,0.7908417105719553
0.17169947653287032,0.15639882341197417,0.6196805346206461
0.17919642013157047,0.19510192027878037,0.8097367133352493
0.18224935483367768,0.18253062866800318,0.7271939524227768
0.17645325139863913,0.18143128418834906,0.7448504527208881
0.17637986474872752,0.16068534219738284,0.6275395570524235
0.18878488722729286,0.189156550853574,0.7371170060134768
0.18130533466538848,0.1759118344285807,0.6944739638299097
0.1805412344555308,0.18490127694047365,0.747204799763908
0.18526056964442184,0.1823646503079913,0.7144782646520204
0.19004881379913305,0.16836222607450924,0.6227990783442037
0.1802198078858268,0.1744092785958896,0.690319671601834
0.19501446447704437,0.16646454434239502,0.5972097744375486
0.17969680702404292,0.20351937518187024,0.8543244464067178
0.1950909885878414,0.1684750867464085,0.60728118507157
0.18005065720681104,0.18906090676111828,0.772343233390085
0.188567547557931,0.16174030800112704,0.5925744352526969
0.17472954458794795,0.19509079972829393,0.8303735929172771
0.18053800887680763,0.1848419421860652,0.7468894944890874
0.18236293965476247,0.1887490277857201,0.7608400481391157
0.17955124803420294,0.1697796174204458,0.667105457254348
0.17236845363639441,0.15580072763814323,0.613805632098588
0.19121610808070355,0.167567629455569,0.6148416607556362
0.18915059916232232,0.1936708966969955,0.7595582426556431
0.1863886755061205,0.19154212256680445,0.7593922870177623
0.18237918564602526,0.17657186217278603,0.6940038783726443
0.19437436850821357,0.1693133413358133,0.6138326892147384
0.17833113046449997,0.194582437478024,0.8107526549146491
0.17552848691146533,0.20077531976931687,0.8589792028764328
0.1751095392423616,0.1763016674688059,0.7212723419596071
0.19128629460168625,0.16702563803238488,0.6117826594741997
0.1805348104882407,0.17695809028773443,0.7032332985776388
0.18564291599730065,0.18230582337720308,0.7126898576573043
0.18278862915105484,0.17248300541935935,0.6700800043647164
0.18068719851001053,0.17135143944325243,0.6716106090743847
0.17773574498731087,0.18061971549951122,0.7349096576427921
0.18403097724048798,0.18006783544846613,0.7067714218487037
0.1780146433423947,0.16828506733993387,0.6644681871053916
0.17946189430972706,0.16660864549650276,0.6497682750147056
0.17322054385513558,0.2106791607395559,0.9275987545330187
0.18437776188058402,0.1953003231289495,0.7880577443122243
0.18664619973743243,0.16992731146437431,0.6425381906145639
0.18159827341454765,0.1815265709853091,0.7242721448406274
0.1672720034285845,0.17988673272917935,0.7765001319221568
0.18680085406456556,0.18991587353791067,0.7490108877636629
0.17499871278731235,0.18825591570539119,0.7900396151680433
0.17267589266760075,0.16979159299778518,0.6937366365806645
0.19075612995740374,0.19506181473855289,0.7604568973534194
0.19170697195829295,0.19155723196773372,0.7384041932420193
0.1752098776080986,0.1855689887094101,0.7737519742616599
0.1736255638376325,0.1714774813630409,0.699652048223968
0.18826408744550502,0.17744477871723696,0.6769468380639891
0.1787493804447124,0.173286071611902,0.6897146793190405
0.1854037931814546,0.1640979319253973,0.615402360262013
0.18856495975747742,0.18139677220525288,0.6968249688290372
0.18288622034348784,0.18143769943144372,0.7186856351702384
0.18135717953670755,0.16565277669051484,0.637707186370894
0.18273801614220708,0.18733105053213625,0.7515187777088755
0.17786829525407682,0.1738769458998455,0.6964532140081113
0.17359053561506088,0.16996741562191378,0.691094218914924
0.1808743540463154,0.16068403801812642,0.6119388157692285
0.17428629028640635,0.20014923486970987,0.8615091561302279
0.16693667140543136,0.18439424978207447,0.8050612765344853
0.18250283130872957,0.16914434072939988,0.6528355745224041
0.1742290022706752,0.19004424366539968,0.8037940976544913
0.20811673628789382,0.1562877006917533,0.5107119330601191
0.17980861785491492,0.19413201373902567,0.801585682924963
0.1861315381868337,0.15246909012443963,0.550519762113522
0.18579286947753215,0.17202916432183102,0.6568021941045911
0.1989975917827079,0.18661023820265132,0.6864919167053067
0.18890027969844245,0.16181183614407788,0.5919093202115561
0.18255684304879624,0.1770117150655976,0.6957379024770286
0.18271771896213154,0.17855067039732778,0.7035479160287134
0.18410479240995345,0.19879104034497977,0.8081866767143184
0.17686794103741468,0.17096599475036073,0.6839339794472508
0.18914324035551344,0.16435853673445572,0.6046133952210374
0.1724787228261207,0.1833982933206553,0.7734188376101139
0.17293659639343822,0.18370232903909364,0.773129180447816
0.1826130583227957,0.1898231045008315,0.7656796605074836
0.18498081543695027,0.19448324205473255,0.7810714949733741
0.1898799332436389,0.1997430398345416,0.788619614914248
0.1891728433129245,0.19628885239304839,0.7733078904515983
0.17875449002713417,0.17146322425740512,0.6794974729807767
0.1750703058219159,0.18082550026474625,0.7472740716967953
0.17753613904619395,0.17856010735990846,0.7241348609392583
0.1717651465076635,0.19326942991452103,0.8341007056872791
0.19247440319146245,0.17353059614565242,0.6418027233614607
0.17596705261738785,0.20776302656454806,0.8965486675939186
0.19941153260563543,0.1690019055256357,0.5967654125650739
0.1714145325119456,0.15826056960815496,0.6315717111127113
0.18717552661552256,0.16815561317645147,0.6312556738208358
0.19398080290666334,0.15610880150360967,0.5470067136213754
0.1809621220428727,0.1951779124856748,0.8022558027435152
0.17712083306835577,0.17411619643045298,0.7007430705938084
0.18794510668881298,0.1896852349074307,0.7432235793119755
0.17388153780704482,0.19678417789507596,0.8441619492574387
0.19008655100813454,0.20012100965704152,0.789750820670197
0.19798557318016244,0.15814793849263115,0.5462415102044781
0.1791647955069982,0.1835986934911027,0.7456749140535498
0.17762732341026546,0.18114320144827306,0.7383053402509021
0.1815614990854807,0.18737809075254752,0.7566477003357897
0.19050092945891864,0.19148810862063062,0.7427161065434192
0.18111671370604926,0.16985352392155043,0.6617474526181586
0.1816065402611619,0.1838601489967738,0.7370888119132398
0.1689305693916016,0.17700068885921988,0.7517922263365896
0.17476974695683792,0.15846009369015884,0.620588491879803
0.1945784426472793,0.176526382368905,0.6502589939948529
0.1836065141337905,0.14429243753989227,0.5135571468405701
0.16685403289285575,0.18211982523033138,0.7918287795607032
0.20294285140270135,0.18542253935359307,0.6672939619088769
0.16416873808082788,0.1616896022236474,0.6803341703744925
0.1832600883308372,0.1629681494996219,0.616436183833339
0.17384977168552573,0.17915235324415207,0.7428963063453075
0.1739056569476275,0.1817562567117178,0.7576306545991015
0.17240122255672713,0.15761585871985037,0.6242174917549689
0.1871669951000622,0.18260553632214854,0.7084878199345761
0.1792061699065162,0.18313501316958633,0.7429153429205974
0.18335558081261405,0.16766541998181447,0.6417335074303864
0.20038736899029375,0.18369890931496485,0.6672022792087304
0.1970828985555608,0.184192853084899,0.6808954712377943
0.1822440786505347,0.19780010753014296,0.811000876541836
0.18298260914156464,0.1962202129121166,0.7990934963605926
0.1824831424059789,0.17588402243499554,0.6898391861037518
0.18622730186781358,0.18976151648394393,0.7504888653928324
0.1797242528766876,0.17004635039855096,0.667947416539921
0.17672789439251962,0.18147363505689187,0.7439325608943415
0.17888853972597857,0.166768650139068,0.6527452810444659
0.18423672660440243,0.19516438066510888,0.7879231429073823
0.18759638713010482,0.19312343056545436,0.7629327662168308
0.18805903282666156,0.18799425426766514,0.7337815801427507
0.18872853499347497,0.18562613944842263,0.7186308072232517
0.18176359805508163,0.16273551716152432,0.6202315445327009
0.184352000735462,0.17531654799363217,0.6797677676059322
0.17343491497551916,0.18400660684075054,0.7726622223654676
0.1796836338660528,0.17411922315039147,0.6907653216926676
0.18466927284610893,0.18822191276608236,0.7484835491894057
0.18807303827525554,0.2059887023091664,0.8294049149185759
0.18201621474880222,0.18845714123430807,0.76068575223032
0.1862953649436059,0.14883920035596346,0.5305510439612032
0.17725935376140442,0.14996121591704153,0.5639263248786964
0.17925989285920937,0.20564787215810437,0.8682805153763544
0.18395698575889155,0.16556002760157132,0.628190482274119
0.17950873711111834,0.17909183020530534,0.7191395376225935
0.17570663699029787,0.1953602787720955,0.8272896303861418
0.18646031184509876,0.18295998626025128,0.7130739241212217
0.18204526478667682,0.1968467353963516,0.8066495745903014
0.1828686659602572,0.19995632948223532,0.8200220015539748
0.18382431954845949,0.1859831703932068,0.7397452672596952
0.17879110197668924,0.17256136191357663,0.6855003440247052
0.1911100582048087,0.1639003865810216,0.5959936784643586
0.18082649830794462,0.18489566775125735,0.7459950229281782
0.16730430245967684,0.18036812211252212,0.779227552405253
0.18540081254850582,0.1530670789810018,0.5559149259609458
0.18094426056205087,0.18732793026502853,0.7589515679494843
0.18244142363393617,0.20405849276583354,0.8444271574801334
0.19037402613002052,0.17397384510643066,0.6512119726971564
0.1767109086545399,0.17029925175884927,0.6807686784862144
0.17196205499525882,0.1812590845709256,0.7633026051854553
0.17942638722899193,0.18865907754501393,0.7727908903836483
0.18523937328202683,0.17020350614138696,0.6489090521720627
0.17821034547848172,0.18052378379227552,0.732414178547428
0.18880778231991482,0.1887857732621446,0.735063838772211
0.1877280561092916,0.16478513675028456,0.6114436974911139
0.1998049878821677,0.17048218361257564,0.6029988785046166
0.17411430874010464,0.17235249009054937,0.7027135849769899
0.174311460393712,0.17703115503853195,0.7287596280336964
0.17372121469000365,0.16781575897057432,0.6781886667141392
0.17367356009381968,0.16587341148046303,0.6671908574792121
0.18854014662336774,0.1573475263800485,0.5693616362486896
0.19367555707868944,0.1899747524525401,0.7227280229051776
0.1894807680120939,0.18893099609647504,0.7332195111622491
0.17099482492957988,0.1601141062041563,0.6439616301224564
0.17562422576867134,0.18889954326302147,0.7908905656670459
0.18684586755189184,0.17657760271847084,0.6774439508720579
0.18235266813094533,0.1792469302035248,0.7087745494939184
0.18170949904243158,0.16789492226149796,0.6488099019741832
0.1847518442073293,0.18598152160602693,0.7360225397989961
0.1846782623564448,0.1882285860533759,0.7484832502191456
0.18970063051394137,0.18260509109180845,0.6990229327786189
0.17731239209778873,0.1780684856418959,0.7222760018446168
0.18604294163744997,0.19396549763044635,0.773829398542828
0.17409663099392184,0.18224296345052746,0.7595951897262411
0.18518612284637231,0.17014828721669295,0.6487974658682508
0.17826313182210823,0.18221163522260514,0.7416656145957391
0.17681757251180774,0.17721213605599212,0.7194541484133146
0.18942889904195057,0.20646804955574766,0.8259988330560721
0.1837244590264012,0.17760623763320624,0.6945522567295692
0.18696940619629127,0.1691235607564741,0.6371286253720639
0.16898982130182832,0.17340171409348784,0.7302316384670485
0.1903626184986012,0.18328665952303846,0.7001724423328306
0.18766202796060716,0.1747706700331668,0.6648690275230207
0.18165644195050143,0.1673492929141111,0.6459957690137241
0.18565347957932654,0.17984757584427155,0.6994082531525615
0.18254170651138657,0.18150685092334462,0.7204208475784218
0.18772230387478922,0.18949889080262797,0.7431130341106069
0.1684215075490986,0.19488511837241082,0.8602530667300528
0.18113777826281457,0.1709477993350774,0.6677116198234089
0.16667733415270766,0.18079186972497363,0.7847009936284666
0.1799553417640764,0.181282685557884,0.7295292502625298
0.16813332329374406,0.1640624995413383,0.6784050734669703
0.18123555655164078,0.19351226787993026,0.7918549241138466
0.17965067702205295,0.1676397557561902,0.6548250065417197
0.17870571174450536,0.18217665783280104,0.7396330903053245
0.1772695388127706,0.1753510566077249,0.7071212428668795
0.18112132507875386,0.17670191132260102,0.6995416540129076
0.17259129700164166,0.16334206090078973,0.6567078576372923
0.17843330211723124,0.1909245158699885,0.789788196473552
0.17875623296606769,0.17611065722456104,0.7054895660533411
0.18517915235524662,0.19286084985863364,0.7714737217533547
0.17330217815209126,0.18194920909156811,0.7613822890083268
0.17865384673001555,0.1716597153227655,0.6809801051002251
0.17349333593375268,0.17653420588740212,0.7293317936760313
0.17273558753258622,0.17405153279729652,0.7181585136525178
0.18538016785289643,0.17527722027847994,0.6757854506739382
0.18646661300099773,0.16002224292725498,0.5900372251984127
0.18658153344454448,0.17367043018717326,0.6628224557063704
0.19066010922129056,0.1736168119705997,0.6483622215233458
0.17566143049300123,0.18757238917549113,0.7831678746403716
0.17298601058992752,0.15786050323077064,0.6235215371632545
0.18667607224610103,0.17069022980917112,0.6465222262125878
0.1882275621381806,0.16887145713898155,0.6315305568889867
0.19506806328023935,0.17407692231223587,0.6360698938912622
0.17406924483130623,0.17350729218183714,0.7095296604608722
0.17944465068480078,0.19085318360441203,0.7849394399157895
0.1824228268014994,0.1945086349149159,0.7921631160345999
0.18371167478245873,0.1614259919351217,0.6065264609179913
0.17999696633081202,0.17578858839385372,0.698837269083024
0.1857037656541445,0.1908854451945898,0.7586569109049487
0.17797095078512867,0.18554401599611753,0.76160752863407
0.17083673256659498,0.17669166307226641,0.741594978836767
0.17587739084124562,0.16578312409339316,0.6583172717060825
0.17527381350816293,0.19896521469398398,0.849900003385539
0.17689302017878125,0.1724438516380611,0.692191537655416
0.18181147521544222,0.17267516571102037,0.6747383000201349
0.17890363058459496,0.17685163405593654,0.7090500826698117
0.1795602065277798,0.17987799551421377,0.7233116848421551
0.19259936000328975,0.18479703417389134,0.6998830846145537
0.1855320383105146,0.17189333141569876,0.6569934364203595
0.1743036969625968,0.1777266180178061,0.7327820364315881
0.18112890575807805,0.18069229614407742,0.7215430115756041
0.1781536504986618,0.19340576912396165,0.8049555466450508
0.1906172521878516,0.16299269596682045,0.5927726618127259
0.17487014855984284,0.1920046147886935,0.8120574949937648
0.18475849719181023,0.18982424758628352,0.7567946790621628
0.18378334772093247,0.18164718109418246,0.7163172437912239
0.18528248794140484,0.1812289535268894,0.7082642023265051
0.18333805225295255,0.17617838158179808,0.6882280030318476
0.18395787506739708,0.2139303137596545,0.8911296333445631
0.17972283809183537,0.1881425932142083,0.7686423978215821
0.1893140683669402,0.17827996726893774,0.6776039856705082
0.1796913910739411,0.18115226909236637,0.729875083656059
0.16828086044192941,0.16397504929822207,0.677290625914958
0.17436277820142626,0.17820148879109568,0.7352572040518622
0.1761268884889956,0.17656466793685552,0.7185993519936807
0.18844452193579203,0.19160165415869906,0.7514235633071172
0.18113680085657433,0.15807827319958703,0.5966665674147813
0.1732058593461838,0.1801335371109761,0.7513229494787486
0.17733261836643113,0.184479247216277,0.7583446771106482
0.1751153510784729,0.17919054445923754,0.7377453984679192
0.17477184582341085,0.1814427193922855,0.7520817713689137
0.17496859678204052,0.18072171539872905,0.7471152984187781
0.16548194342105,0.17559606381830584,0.7589714093382439
0.18245835609111255,0.18332857835613126,0.7307342958277679
0.18476935968460503,0.1850053760271712,0.7306697184945641
0.19297097622166773,0.19741723333874112,0.7639347441005918
0.17639084253955253,0.1934011623219971,0.8129739631457452
0.18191228241290638,0.1892237620499889,0.7653345898545615
0.17136257792362763,0.1671702218381188,0.6837561809459874
0.17688891447602242,0.17537843910450016,0.7087976059771421
0.20960168559980424,0.17444611505666968,0.5937266902246033
0.17524768013979705,0.15450759153194155,0.5963422251785282
0.18010163657232575,0.16555343623143898,0.6416012559943323
0.17725367649809926,0.17736437999045815,0.7185429521504109
0.19323203884882995,0.17677775642723392,0.6560907662233757
0.18075568916230256,0.17692279495362193,0.7021787006640577
0.17920475333041933,0.17910931199132538,0.7204569610565656
0.17478205572850153,0.1827631266441944,0.7595924312185832
0.18982238380384633,0.2006641731635589,0.7937113113027191
0.17576397916272843,0.1631035728567181,0.6434968836931192
0.1854213108909436,0.19100630026869866,0.7604643694468979
0.181403360759065,0.18050409057467323,0.7194138522494365
0.17824431477187236,0.19542307351763635,0.8158637413134742
0.18057084221589276,0.19489488430594426,0.802426806719471
0.18852418489940792,0.17467930451246055,0.661343819515711
0.1760833268462427,0.18912882814143564,0.790130619595369
0.1766648444970211,0.17167662947638304,0.6887427423537835
0.17995592451875836,0.180154928311671,0.7232600352543759
0.19107897778859856,0.1575500382426138,0.5628564664062755
0.17291847612916642,0.20297564353871533,0.8846691629669798
0.18898450244440287,0.18534235298571092,0.7161558288385425
0.18212650222506724,0.182804674834068,0.7291891801114777
0.18235866829539588,0.1592185155831253,0.5989214365516553
0.16107834329250995,0.17026749808600705,0.7466397755755874
0.1779299104550836,0.17704977850500897,0.7140439636037543
0.1816010447850634,0.19334623513290009,0.7893469737608593
0.18263993424017314,0.1998511539023391,0.8204731047772034
0.17128878307589412,0.18715238184105218,0.8007084841059504
0.18379936995470472,0.16876702841314886,0.6461775600341702
0.1758138999878564,0.17466680730397413,0.7090839081129817
0.18714010861943745,0.1939669038616477,0.7693000977915134
0.18321700077534298,0.17922181237075888,0.7052937872790968
0.1790182698397773,0.18865831999117985,0.774548430812565
0.20214747285946733,0.18648884057343768,0.6751943946799897
0.18651711449404737,0.19141060010694724,0.7581642064887311
0.1971005722600318,0.17224271768664556,0.6202047831975475
0.20325405031894425,0.17712055779021849,0.625426935358691
0.1688614441876432,0.17171462832368392,0.7207958507593449
0.18877990854268023,0.20523391260966292,0.8223010266718447
0.1871374573765998,0.18135467942508812,0.7019154864370466
0.20064038706299236,0.17804644531914118,0.6381887873797818
0.18832179802460708,0.19212797286502592,0.7547080282573277
0.19077399362980094,0.18380550776222546,0.701382327938663
0.17585603570644878,0.1866527079478295,0.777071468709438
0.1847749071379363,0.18416904945642346,0.7261215905050621
0.18342754066825356,0.17986475312408723,0.7079893927104447
0.17436990617380507,0.18971865918404185,0.801277366317877
0.162565257622364,0.1712463198089841,0.7458316837330458
0.2047325593177608,0.20107062289788646,0.7378925140256424
0.1753617190577393,0.16932981086362892,0.6804781083626271
0.1801070558644736,0.2000775004937443,0.8332683013078297
0.1902419342211443,0.168059101555632,0.6205734925844252
0.16499246121341246,0.16146197017798103,0.6755579579712344
0.17583069163888412,0.18423882074990766,0.7634550003682145
0.19040448763711887,0.18541685382595705,0.7112062089841094
0.18461901525145627,0.18667728886308593,0.7403207555675002
0.17985896586841182,0.1875125865395534,0.7645578627431905
0.18040379471402967,0.1797862627473255,0.7194209132521772
0.18071040600817911,0.19460894048930039,0.8002247556388937
0.18598359563189948,0.1815801294972658,0.7074824478481986
0.1799405913664259,0.20315416226211225,0.8511373731690893
0.18095968673645915,0.18066591704951995,0.7220719675527258
0.17172307222242925,0.17447211953501746,0.7248421422008533
0.19448393557524993,0.1773281912736407,0.6546977306738774
0.18996498185377841,0.17430553393790224,0.6543602548473056
0.18518257960573517,0.18719328196404067,0.7408541465192536
0.17933468476083586,0.17170101844959884,0.6786251003920498
0.18946845227320477,0.1887854591828974,0.7324990388519941
0.16939097013683602,0.17673855828944593,0.7482013839761649
0.18404197094276978,0.20987853216654548,0.8687069115134708
0.18611562467043075,0.17752354350436816,0.6851845122094607
0.18550626236720416,0.17255510353897888,0.660652109395556
0.17484940600513915,0.1902981538541658,0.8023942263209184
0.17579909478354225,0.18247243203450322,0.7535444491202514
0.18990702359648784,0.1823622672530264,0.6969845809087513
0.18713252213789394,0.16976053989219442,0.6399771590955496
0.18808394453815963,0.19511728235430845,0.7715559279163573
0.18684814581502585,0.18274501336239585,0.7104433002712776
0.1925120170193622,0.18403419639134222,0.6962380762851885
0.18808731801314357,0.18219051841090966,0.702814627840417
0.1899816375081081,0.17104525953821423,0.637141889742098
0.1837034208242645,0.18375081311068908,0.7280801441288273
0.17782509308513722,0.15064984977834478,0.5660047636255514
0.18477314382804547,0.18478946314494363,0.7294862248508478
0.17921196798100267,0.1655637198035061,0.6448437629776846
0.18258015569177077,0.14026644048790363,0.4943934906063403
0.17209574736598715,0.16417084667477536,0.6634146887544763
0.17339382356295435,0.17869462664523791,0.7422099818827316
0.1783101691176592,0.17370417347124195,0.6937583766723641
0.17084225927162972,0.17327182658345833,0.7215534792680478
0.17826337374817794,0.18528668694798425,0.758914655901754
0.18681000415701632,0.16453562344935904,0.6131129002764237
0.18851227700466086,0.18080973624475805,0.6939056613353828
0.18493954767432144,0.16431463247845085,0.6181189146182996
0.18793773998837482,0.18001793799073665,0.6918138847406545
0.18531970236519202,0.18296430744708436,0.7174860835091575
0.18369350005596463,0.1789253580332274,0.7018504083919606
0.17547813499572262,0.18894177155881606,0.7917896526664295
0.17731933694414473,0.18366845510502608,0.7538289811400061
0.1946348698595972,0.17934975689040714,0.6645764809960082
0.17564579183264242,0.18988615152059074,0.7964104921675327
0.1859887963200919,0.1723332784951024,0.6577454175495787
0.18259920246571612,0.18220083157219732,0.7239945727420066
0.1832148602019819,0.17512720363051587,0.6829533559263242
0.19122943701291598,0.19571242546567127,0.76197696202928
0.1818914331002952,0.2078702556469672,0.8679367299278868
0.17382004692057126,0.1844178511435075,0.7733161595850394
0.1895683801134725,0.15661437825748242,0.5624059149192752
0.1718192492340893,0.17854889790940306,0.7481635409445071
0.18398009736929352,0.18442098137020305,0.7306278412299505
0.17521342107140278,0.18863680166769847,0.7912453328058777
0.18045054663535184,0.15937227800301818,0.6061066593720763
0.17887215824784344,0.19437268739455593,0.8071277766689359
0.1852411043972983,0.18342332870709874,0.7202684800503958
0.18386817768420974,0.17258390664076192,0.6666945209589098
0.18568954397606238,0.19684271441134388,0.7907968928518327
0.1831569321531895,0.19678098216531845,0.8013946315859516
0.18048996864335973,0.16667173975946584,0.6464167545510747
0.1841817584551694,0.17772420557155483,0.6934682709234934
0.17941590931795579,0.20174868872219945,0.8457928246110812
0.16857199310034912,0.1633239566888075,0.672258508691577
0.19304605436806607,0.18577021995686452,0.7033048170878533
0.18458183043893459,0.1807615217146634,0.7084203326173177
0.1914655247021907,0.16722064888525526,0.612228489006481
0.17644359856550562,0.20222733261626147,0.8627535022742482
0.18191778463826658,0.17487732952042098,0.6864492648079055
0.2052163922300987,0.19935223050767978,0.727779242606598
0.17289400497415072,0.1526983124930374,0.5939957982255761
0.16875384829773757,0.17385966392493873,0.7339664557243717
0.19014532808761483,0.16997718270552098,0.6309762322965837
0.1853022643691266,0.1908651861064893,0.7601913910014744
0.1970423747724563,0.19250520840018673,0.7232211272562621
0.1725685839325977,0.18692373348556157,0.793445309483687
0.1786767105398879,0.16813208462870546,0.6611498738238388
0.17848594939365003,0.1760816091502697,0.7063951508709363
0.18251593817886605,0.20607007375796885,0.8551038080028923
0.17773308259652687,0.1920116691404305,0.7990165199734492
0.19252197739616447,0.21611645261536924,0.8628441015517987
0.17808209206048875,0.16840060990364197,0.6648653356083951
0.1714076322205482,0.17208656540158065,0.7122586306104112
0.19171196939926735,0.19847806003603605,0.7744850804114866
0.18946469226849325,0.17583360096706366,0.6641533019183488
0.1729684079644876,0.16015359283365077,0.6368422657637375
0.18497066235652324,0.15412126026209627,0.5629068898580624
0.1825071915738017,0.1664726464333403,0.6381811337348942
0.17218646954744346,0.1881115567869898,0.8021045855112046
0.1814099507544883,0.18767009515526276,0.7588894356824946
0.17180979657657566,0.19008951192678178,0.8153755764697843
0.1700667430569158,0.1750318211288286,0.7351926595488721
0.17943568062654455,0.1854581675085739,0.7549121057505834
0.17180331721812228,0.17307502432661484,0.7163716412434471
0.18133737594075033,0.19889101018884198,0.821071824914298
0.18276058619133592,0.17967714262438955,0.7095465457121473
0.18289286875666588,0.16201142854590428,0.6124428432195053
0.18059141167575327,0.16636731674986258,0.644367944577546
0.18141395983300695,0.17203586821947886,0.6726928199561593
0.17093179249493898,0.1788474559138213,0.7537945635106837
0.17876141408968108,0.15858723796392402,0.6074422632920544
0.18272868236740383,0.15898423605278578,0.596426541475609
0.19872891548445012,0.18595446982223207,0.6841202222173354
0.18410223620319524,0.1821172266679242,0.7176296681269274
0.17422183289175064,0.17492180910206628,0.7170272923238273
0.20319766436094788,0.19342770916077023,0.7058531386758169
0.18125220755870775,0.1598143598690063,0.6058649510982499
0.20686647523665705,0.18569234675241053,0.6559416966774211
0.1844704757893312,0.19647788926628146,0.7940451643522729
0.16849548497436345,0.18482230829473184,0.8001538338860833
0.1770918292771584,0.19271256003306741,0.8058675581791775
0.19714990485723416,0.19400970313022767,0.7304578880446941
0.17562870124787616,0.17250207862269984,0.697506032626209
0.18542605132903603,0.16010200071533245,0.5937784897331279
0.18533409618508437,0.17733569797644066,0.6870602905645411
0.19039484835498352,0.1806514716173863,0.6862132707172406
0.2044983057829086,0.19003329406989702,0.6847650572643551
0.18492877718663508,0.17339344650057903,0.6672484854861017
0.18016072020154147,0.17009522811589547,0.6666005108191609
0.19009341947230876,0.18806285675222284,0.7262895114174887
0.18664354258848295,0.16837002541469406,0.6342037006642105
0.1838718957769278,0.16751639351918526,0.6391210196785886
0.18171287833107594,0.1918686808274291,0.7807299192572813
0.1749275434945691,0.1868063545946768,0.7820744055605179
0.1792373859123945,0.19411515524799228,0.8040462904230883
0.171199882091448,0.1843163638844001,0.7845587405992124
0.1836746597045948,0.18531082516376313,0.7366874961488126
0.17663887698371378,0.19365269294324902,0.8132563759250682
0.1846906242106526,0.14972340474612092,0.539948387593186
0.16887224990733565,0.17671283748949046,0.7503473043026365
0.18921200547046693,0.1958575569047386,0.7708684052159932
0.18276643060214426,0.19071891217738207,0.7699385040992924
0.17373785234837094,0.18205630033920125,0.7600894022472903
0.1922563962541984,0.16615097390637265,0.6041462139589865
0.18779852259942187,0.1789420726497734,0.6865979075075554
0.17909391018713172,0.19017524845045242,0.7826913171083598
0.1753866661510093,0.1934423573926771,0.8178635271461975
0.1713678364232456,0.176202733390489,0.7364435242024793
0.18722093098705284,0.18347095237098052,0.7129061460559162
0.19707581156299805,0.1667409277018983,0.592365581427939
0.18527247888639545,0.1799082539244237,0.7011740475717402
0.17782414821198383,0.1720186865341878,0.6861761339001583
0.18458335419143002,0.1618786604951798,0.6061145707600007
0.17037417294656199,0.18558977970713306,0.7958352921816436
0.17579856598476024,0.16978251997605423,0.6813623268487755
0.19740940987331712,0.17185824213219297,0.6172868973692421
0.17606864503155908,0.18598949468035406,0.7723663384583829
0.1841403748092278,0.17619636771707098,0.6853269840892435
0.18074076049948803,0.166013166326567,0.6418760549969891
0.18353641192401154,0.18722665296882304,0.7476808091118079
0.1781092431606884,0.17115329434600496,0.6802190172505626
0.18327536682289428,0.18168787344983703,0.7185246753705414
0.17844195257635956,0.19357575135470492,0.8046076008570093
0.18176010789170235,0.20857421630584144,0.8724368517668591
0.1728739333553981,0.18596079994923598,0.7864736881396962
0.1678282024449702,0.19236082524512607,0.8482532921831494
0.1765104022884323,0.19552054670395783,0.8244304291265817
0.18013600196664095,0.18542294944819918,0.7517816981042905
0.17690788995252008,0.1723137156784769,0.6913977421318201
0.17808030890573665,0.18308138553295378,0.7473110662863789
0.17460514202230942,0.20194635383515727,0.8702284026420193
0.17226658900705052,0.17872260620920674,0.7472290880731282
0.1849372613020204,0.18094001836392026,0.7080239938780243
0.18392449795879895,0.1790446303727571,0.7016174126062558
0.20698996286141302,0.16942973637472905,0.5769832252914187
0.1980628814201704,0.18609500200021944,0.6871302741047559
0.19453545363248326,0.1634611786645209,0.5832416484805487
0.1781360865005485,0.1737474394264953,0.6946792301183413
0.18343228161532701,0.17088963101731616,0.6590422904449933
0.1972912280322768,0.18436385923059373,0.6810432504815259
0.17233436855074985,0.1637644177775059,0.6601377237414138
0.18271033833256592,0.17077450893448198,0.6610162842271711
0.1854521960880751,0.19196392923277472,0.7655014727641895
0.17533550188193872,0.166172489462383,0.6625725435833706
0.1815534143758829,0.18658778700374967,0.7523283848628829
0.1845333598594288,0.18296026421405634,0.7205215594369544
0.18032726998172663,0.18124181275393608,0.7277979241145026
0.16850738402684665,0.1835623677001748,0.7926202668892873
0.17862598842638805,0.1820393136717924,0.7391943066907418
0.1749352881891973,0.16520371808353837,0.6585504804436164
0.18112291023280103,0.19193324353428373,0.7836294334706414
0.1784151822552519,0.17559092700972267,0.7039251112051914
0.1703360074773131,0.19145965170897344,0.830474154020631
0.17997446150358287,0.19236593211844752,0.7910340774411114
0.1754870625520331,0.19332785271881803,0.8167431298607574
0.16897667832738522,0.17553548752860645,0.742916056648875
0.18111736667915213,0.16931140457186733,0.6587518732161476
0.17973611399905728,0.16250164560940114,0.6259267717893979
0.1763059794168297,0.20513092227957846,0.8798959785295296
0.18316223437485463,0.16778512454284367,0.6430644665634946
0.18584137126447764,0.17740671594872015,0.6855670246180169
0.18844636946895793,0.19424181490597364,0.7654263401966683
0.18097050349835514,0.1662397885866162,0.6423134507534413
0.17948338704945366,0.18654851212649667,0.760786356727673
0.18024232937797147,0.1746016013955008,0.6913004388342594
0.17876776336281827,0.16815918747885358,0.6609647357898835
0.17080468345809083,0.16582304980193868,0.678102306429773
0.1837455134052125,0.15247744573493557,0.5577140025669246
0.17662080148663067,0.18549701089776077,0.7671633791562046
0.17318097214508227,0.17890485758365407,0.7443361472510044
0.17650460109114988,0.17443312560268243,0.7049851665817092
0.18083523456701314,0.1781277066643432,0.7085328640246942
0.18137948887163047,0.18593425203749006,0.7494466595045715
0.17712835757380807,0.17821630792054954,0.7238609880245899
0.17836333223707299,0.189072749417858,0.7797160306077283
0.18324339559662392,0.19774396133909342,0.8062716850342815
0.18949488018850788,0.20079833962952076,0.7957911025327327
0.18712368270795007,0.18321138263517975,0.7118894877837938
0.18165961344352724,0.20199736997331164,0.8367152560333024
0.1780623407847319,0.1693359824902434,0.6701921471116364
0.18466341462074018,0.1848856109463778,0.7304403594150172
0.18585981698011195,0.20906359962327492,0.8558256550973341
0.18361298771465956,0.19890153035220795,0.810953147734874
0.17463947107103278,0.16637631224731436,0.6663803522399556
0.1911612127985647,0.1796703954661588,0.6783300522517525
0.19147948399098386,0.18192098180468627,0.6889562216017774
0.1823196569883491,0.1939957716817078,0.7897983906963453
0.18408043603563276,0.17867385603805114,0.6990088616106034
0.1855977634859661,0.16715485849630324,0.631229904368766
0.18651663559306036,0.16139753226581774,0.5972525287710179
0.18704228792034078,0.17065875229490973,0.645088090166524
0.17458487536760653,0.18156936340166777,0.7536126089080445
0.19200383114676195,0.1853536020736326,0.7049526109204165
0.17915669511434526,0.19180545478021377,0.7915163577320269
0.18374371366317072,0.16304360387285316,0.6152243340421362
0.18032509336218522,0.1984592346909388,0.823286609328168
0.17059701307966654,0.17430271740269562,0.7286336094562681
0.17479203851629443,0.18618963327329785,0.7791523826218322
0.16734517637893442,0.1891521567172966,0.8315277424083147
0.1709747856283031,0.15709281518660076,0.6263661322519164
0.18273776035981615,0.18033462133676723,0.7132331110993941
0.1740463860713159,0.18785449680226682,0.792056071453162
0.18741749589270856,0.18288105142299277,0.7090109212592595
0.2076979072123809,0.19287842914161846,0.6879146307214282
0.17880299435880623,0.17361781446783467,0.691363223032883
0.19003123461706492,0.16426250065544026,0.6012827358917733
0.17609521380148968,0.20162184609974715,0.8610219598056135
0.17686833277584008,0.17337514783259014,0.6975536315421355
0.173594918298745,0.18787800710701147,0.7942514012405182
0.17911112205202168,0.1778668726290271,0.713896887943614
0.18147342892591817,0.17465220412519875,0.6868895620861651
0.18641668289706745,0.14745302719430198,0.5227698813207186
0.21012759764972888,0.17494150456119392,0.5945982629538482
0.1918884628353953,0.18520314027519846,0.7045923359716404
0.17584364732295107,0.1625612973384343,0.640121488902618
0.17303803757285127,0.16072165334953897,0.6398688687331172
0.18793661150804977,0.17226076792433348,0.6505425789221317
0.18582110919650074,0.17559709113236696,0.6759032473514699
0.17411193363338393,0.17051124989651265,0.6921481335694386
0.17171730778356278,0.19834855988495412,0.8639115171310321
0.18108487106480206,0.18259360376079686,0.732218009053598
0.17872528274264798,0.19115838756881087,0.7898064862600843
0.1871121931406876,0.1835033802149113,0.7134937492530569
0.18624709867901038,0.1772313320610583,0.6831318874949915
0.179910625806975,0.1778544654225201,0.7106554426623715
0.1826271241625864,0.19363885703662737,0.7865143674318107
0.17742730644865948,0.15944658767284803,0.6168531206582769
0.17617071945383048,0.19335597889399783,0.8137332885875368
0.2060762963952373,0.20894669051993792,0.7713002091957791
0.17629157586863084,0.19231088339609312,0.807247213571569
0.17789155097852796,0.18442762148443104,0.7556717603786414
0.1704926995896782,0.1843734181573244,0.7881476361200132
0.1784945559106185,0.17745630474831683,0.7140627012296151
0.18310750195037132,0.17700670734685572,0.6936182624635394
0.1825983244309862,0.1772813557668249,0.6970565374214671
0.17856399757562716,0.20200017302407713,0.8512363919255367
0.18947464145290227,0.1900081371723335,0.738928101928275
0.1715454002726509,0.1786014599667416,0.7496642857362831
0.18229145118936368,0.16738963559962186,0.6439667622025672
0.1853438193548727,0.1930595376388786,0.7718603087862693
0.18079622174090876,0.17238317254318075,0.6769122239654033
0.18050435933826453,0.1798545642187616,0.7193984937250993
0.17638234079925477,0.18245937037463433,0.7509786397799864
0.1709019007965733,0.18692278266987986,0.8011776465427425
0.18381626634344048,0.17973567734506393,0.7057899712894128
0.18679530314554876,0.1977435216478694,0.7909380972644122
0.17578528742109267,0.1872136890247168,0.7805755022945816
0.18935888871759582,0.2172358806777727,0.88316889590107
0.17235827639028986,0.19882333853888917,0.8634533928727164
0.17724780877348248,0.17400475564358886,0.6996123478291532
0.19237611439168423,0.19097291229381563,0.7327984180343203
0.18500461480393893,0.1949898606175559,0.7837094267686827
0.19693143931529425,0.1627389376092812,0.5724781071080385
0.16947845812832926,0.19043625608447312,0.8286377964220955
0.1684743334240677,0.1661893086840787,0.6896558444402205
0.18267213296990137,0.18307862414253565,0.7285108132200044
0.19238296878772634,0.17921599893877618,0.6716602813284992
0.17525530347729754,0.19070479447421532,0.8028561286445869
0.18464470700410796,0.16343075140731114,0.6143189980787672
0.18826029397158373,0.20252632741885845,0.8101885118796266
0.18903509356035392,0.18169891133549176,0.6966902750966915
0.18125475435570793,0.18471723675124463,0.743248017025062
0.18436130161318298,0.2009401517975694,0.8187192782694926
0.18338725288072463,0.18645896908800344,0.7441028040087201
0.17240491353677126,0.17731664189632207,0.738474555536188
0.19806722791565687,0.20260423474291234,0.7704668578887565
0.19289823037935858,0.16836249819553423,0.6136007466878235
0.18344870452896522,0.1845398642021946,0.7333922828599301
0.18199828646321156,0.16610405497248823,0.6379403742131223
0.18971498388688604,0.17470422690358586,0.6573240781968934
0.18413819381510665,0.18482499521982707,0.7321946220196173
0.18157344681415938,0.170111825320935,0.6615054537344857
0.19110495479349546,0.18354857575112246,0.6988231984640724
0.1716987285745808,0.18644629243336766,0.7946843495355265
0.18991448743256897,0.19211932559514253,0.7483332499612668
0.18449351020211172,0.19074360580680721,0.7628648056651061
0.1686714997075332,0.17922945141327928,0.7661605643950271
0.19192025584583902,0.19488561253840098,0.7549261118887896
0.18495161318541678,0.1669377992874851,0.6322615806019123
0.1875728018750491,0.18692438669541556,0.7299799615224984
0.18843495283390843,0.16781154016691555,0.6252106543670684
0.18810665110868272,0.1814976746337195,0.6990591446856593
0.16775994794521742,0.15658953380852697,0.6353693781744266
0.18067179607229802,0.17029745658691803,0.6658341766790182
0.1901197011058588,0.16322410102945747,0.5955411268315334
0.1901871301741849,0.18065310245863156,0.6869713126170605
0.17119320848367547,0.17168792570842212,0.7108221569433694
0.17275626678776235,0.19563878463340367,0.8430303996573767
0.1859918468422317,0.1769361533340909,0.6824823533354395
0.17615294515239294,0.17227629286398843,0.6941484444566346
0.1787416964287351,0.18315939714300788,0.7449822833929461
0.16904093691281286,0.16660653398622016,0.6898123976108991
0.17493318422388307,0.17915148465366973,0.7382903662713817
0.18187835410594247,0.19374190393333385,0.7903189174980412
0.18267516675971993,0.17522284443060024,0.685494622240093
0.177348397540299,0.1845994134954028,0.758954776937399
0.1809917215183842,0.20433470077681626,0.8527169059560537
0.18825459682876183,0.20497324359085856,0.823210939873217
0.19570588308342834,0.17445088216194884,0.6359077213273967
0.19179211780909403,0.20702200239017154,0.8187093619064578
0.17647209439810826,0.19405695573090903,0.8163157819497908
0.1873410377203276,0.1886619537843691,0.7401579252025433
0.18942642557823125,0.19660031898918068,0.7739169365714299
0.18379227766387482,0.16855636406248903,0.6450562862021259
0.1909182627689125,0.17439594704160638,0.6515665145778917
0.1780254399266716,0.1850377988809753,0.7585309096081837
0.18991800206320292,0.20244535505014538,0.802690389505114
0.1898636818724277,0.1843202088731525,0.7074560418743185
0.17959085065176467,0.18267898971175234,0.7387847946052849
0.17766389623959866,0.15263101959545,0.5776695308822967
0.17857969427716391,0.17602781201253248,0.7057230807940097
0.1847904942144481,0.17047197546584675,0.6519381636916878
0.17382386527186497,0.17010315876401,0.6909474632621107
0.1854405715785718,0.18227179705972293,0.7132840237373778
0.1766187182116836,0.17579036763274175,0.712214248333394
0.17807094795391049,0.1845432801627721,0.7555599703866097
0.1863776112345416,0.16819511371688142,0.634170128772292
0.18065088771099025,0.1911499498911848,0.7813410256638205
0.17339162712054584,0.18941484159274605,0.8040459848492086
0.1898909706473677,0.2146120011724901,0.8668764007646192
0.1673150850881222,0.17405992618413346,0.7414748414274365
0.19700137689125377,0.1810650132580771,0.6652999858494694
0.18558420727265354,0.15542180378163292,0.5680537440707498
0.1792511367973352,0.17591386315089402,0.7024438751161433
0.17462056608749796,0.17899336889324854,0.7387066242163779
0.1747290912379137,0.19124471795106607,0.8083640620481749
0.1790247041987834,0.18091312327314593,0.7312573080851684
0.18018005612632806,0.17483140076715445,0.6928147512598869
0.18284081950216757,0.1545276916295672,0.5716868471393393
0.18144742539180528,0.16352190444305417,0.6256462674955164
0.1827998777423077,0.18794661779230082,0.7546318930626621
0.1900575967688646,0.17687963103021348,0.6675851593794278
0.18712999388149562,0.17935427006692883,0.6912535365594327
0.17790353224407446,0.17401886850665702,0.697113019299187
0.19114647151879155,0.16773443836762303,0.6159383295550324
0.19262043800294684,0.17857124816837366,0.6674849746027818
0.18791813698560803,0.1767651987687115,0.674576710913327
0.18938497839948276,0.18142330978084048,0.6939479091294151
0.18263464539651178,0.1853572554627161,0.7411367934536551
0.1829753492596675,0.17439969228219468,0.6798713202927362
0.17979108160437846,0.19717757461415159,0.8186033105802695
0.17050894986717613,0.20616237049893718,0.9158602561366149
0.1831934672397593,0.17696901532193168,0.6930870256184278
0.19321542770493869,0.16844333195079036,0.6130117732196128
0.1856867541689048,0.18576974030645613,0.731176226942698
0.17156001176824326,0.17332581279926992,0.7188494074357381
0.17445351615446772,0.18416255616694557,0.7690447239146099
0.18315034139027936,0.18260872957455215,0.7240430379104406
0.18810908992616845,0.17567943171859507,0.6681199285368049
0.18043040683309727,0.18512047006157129,0.7488785977552064
0.1768372425237,0.1870476773670532,0.7749932955931829
0.1835840222701625,0.1938728241992772,0.7836892471369528
0.19970329160980757,0.18665438620160907,0.6842870996268441
0.17869841320293028,0.1925719606458102,0.7978356275827988
0.17766678935539484,0.19807613121926976,0.8334485682806281
0.1906722199774816,0.19458604962575798,0.7582963561384748
0.18127391701985204,0.1914321659656472,0.7802124447399587
0.16435282071516077,0.1563689612473665,0.6471988785134033
0.17882748338452942,0.190942667610009,0.788148806562035
0.17668937385428043,0.16432455372101323,0.6470369509334454
0.19277205697992966,0.17806412137997252,0.6643292777298415
0.18711319929690912,0.17238896738763507,0.6540905069632722
0.18214061682928495,0.18809048508255943,0.7581531647715215
0.18303010577084938,0.16629321726437457,0.6353775340651976
0.1775863552363503,0.1799826058849622,0.7319402761094336
0.177928602159203,0.18600470141201886,0.7643779570095628
0.1850771921402572,0.17828400931438507,0.6931378622665049
0.1698560140494722,0.18481870643283196,0.7937234791908204
0.18053821562153452,0.16533672436877922,0.6388493647824771
0.17268641932794404,0.15563562466563868,0.6117193527826237
0.19040318205452228,0.18251054456336324,0.6959471114585608
0.1857528645872874,0.1896525187117803,0.7518189236115709
0.1741641381449125,0.2050411693551777,0.8902014559746875
0.18921957611690676,0.1580884423175775,0.5712328741863183
0.17307964792345928,0.16439461845364212,0.6609362789103352
0.190667633147342,0.19494946828719173,0.7602206304998779
0.20296985961772185,0.17923002475199826,0.6366956404039155
0.18781193674698754,0.17968963402810012,0.6905292404433944
0.18059025870346046,0.16781149275528787,0.6523690347481094
0.18133387207475132,0.1851452088376439,0.745283863910064
0.18344043136152377,0.18290781379315668,0.7245284630367143
0.19428536819195102,0.17987798353145285,0.6684908119438792
0.16766437876751475,0.1855720111221124,0.8085916168877949
0.18652827240201297,0.18147624488266145,0.7048596075521396
0.1839334633041247,0.15217032360778376,0.5554743643295091
0.17380909416779283,0.19115736064153624,0.8121402468461455
0.19837360795496378,0.15891206865686422,0.5490249926874861
0.18119016682299882,0.17406871266516416,0.6847430787254835
0.17625895999840724,0.17922397549980895,0.7331484056241833
0.17583013228924413,0.17607469230886058,0.7170255215497715
0.18504551009656056,0.19457978953270788,0.7813201706826779
0.17597557452095064,0.16666777550032186,0.6629770967813039
0.1812224536910039,0.1915862533188977,0.7812842748521189
0.16861896165771234,0.1962213506396379,0.8671702707816429
0.1902740217233356,0.16779184463864624,0.6190642504520101
0.1742420039779467,0.17913606555755318,0.74113051164114
0.17918862882493947,0.18031364406397035,0.7272428218158968
0.1777615117448739,0.18506925827422793,0.7598340999039289
0.18149038358036934,0.1597509137343273,0.6047202698523491
0.17567087509624366,0.18219275558210715,0.7525024026303937
0.1779279693285557,0.17133559406177973,0.6819365978247387
0.1736110922951354,0.19769099432369852,0.8507002195034103
0.1840201329393426,0.18709067389719966,0.7449764963618843
0.17974258931296486,0.16613732059476047,0.6461313428201708
0.17601783621194117,0.18539208951868424,0.7691952840259899
0.1719770009042676,0.17605141629166376,0.7329550790447342
0.17930447860852297,0.19377837739857845,0.801867184324442
0.1977487732067781,0.19133102014251177,0.7146998580604466
0.17517585164103394,0.18937114832977245,0.7956070829635147
0.1876643153562766,0.17311432114009967,0.6560347975925515
0.1827593031569165,0.1660497683877007,0.6349869275221561
0.19007891467059032,0.174728459744755,0.6561930341453777
0.19980089769761403,0.1842944031243726,0.6721411398642394
0.19778437602558327,0.1861352814958546,0.6883014939372439
0.18670050318906234,0.18075396001886615,0.7003406942425757
0.1761117562596948,0.1905364204881213,0.7979956788397816
0.18737532564446172,0.18609812945716595,0.7263396553898857
0.1902778946768584,0.17087306974658248,0.635244939785867
0.18171072968018903,0.15829874519119264,0.5959953238963845
0.17757685501860052,0.15956524928322585,0.6170018568678294
0.16774867788561348,0.19347307519379797,0.8552858776724974
0.1760573561106585,0.16600420905306912,0.6589000971942133
0.18773032138995666,0.17111092848252143,0.6451324835850449
0.18241019575788986,0.19019557904108791,0.7685731516190426
0.17300398685886456,0.17813714382287335,0.7406600630967349
0.17748275544344733,0.17718932984762625,0.7166292270470951
0.18170670217636184,0.1888185096289138,0.7639702221560248
0.1753827416711175,0.1791610139456716,0.7364522456142112
0.18808728001405964,0.1916498703039148,0.7531071228917042
0.18731640322635706,0.1817258568759533,0.7032264906174448
0.1741854023629248,0.19432935878582744,0.8285961787148461
0.18043157571366306,0.17799915390191196,0.709405509515923
0.18024332487028402,0.16723783049569224,0.6504420098778413
0.17452296546431884,0.19401652453562968,0.8252009937630461
0.19376211326188097,0.18206931579929933,0.6816054675291439
0.17993261722035975,0.17924870147893046,0.7183172427300508
0.18766742640838924,0.19027118975666024,0.7474455873413616
0.1831794602543578,0.18592137780327295,0.7420121099523734
0.16824116046392584,0.17199871984749815,0.7251419302570552
0.17383301023998596,0.19376691600199858,0.8270403636427887
0.19066836463764325,0.18504499284938525,0.708271627052722
0.18072863210703383,0.1972170795414572,0.8145752990277162
0.17315111136670566,0.18637735156299748,0.7876204229158691
0.17292702619785427,0.1696927158955587,0.6921573713909381
0.18031110045685747,0.1864238748028244,0.7566027518947241
0.1742563096578749,0.16955527527828224,0.6860886444399654
0.18314725509937232,0.20081191989728683,0.8234462472039729
0.1762094506178839,0.17896146559976137,0.7318646369281214
0.16857449639375735,0.17529871735574679,0.7432839488547144
0.17513306655053043,0.15999867222342037,0.6280862568673341
0.16966760421274119,0.17677141467135699,0.7471751325751148
0.18580444566010992,0.17494229528928035,0.6724397516184082
0.19428095319094874,0.1829905036096357,0.6845267198114177
0.18011746657411173,0.16607117970410654,0.6444193442857886
0.1862959052115801,0.17997337275700553,0.6976716563329296
0.19376242728953652,0.18342693664912366,0.688610988805098
0.1710665955879619,0.16962728001959554,0.6993023951194701
0.16798228010646155,0.1739243486482674,0.7377227441473486
0.1851202189712512,0.18277599036996775,0.7172419690719336
0.17030378014015052,0.1818102536592377,0.7739713913030305
0.19311674351100647,0.19932965166697242,0.7732610282881119
0.1975113607586154,0.17478208870661183,0.6317717027888425
0.17477070523832222,0.16772662668235758,0.6736061774301492
0.19152659683983744,0.18855334326039985,0.7234156798403512
0.1867625943786903,0.17874193307914574,0.6893346791815355
0.20686921522474663,0.16740007637911428,0.56750868538641
0.17572155593410457,0.19513022168590322,0.8259101788304614
0.16909950279568836,0.17511402416553765,0.7398840451748965
0.1841464344765153,0.19979417667864144,0.8134514094963109
0.176472329182232,0.16773476666997925,0.6671570960476295
0.18310287499504785,0.18553752830328246,0.7402261068098913
0.17450698326874747,0.19160628183111134,0.811464843289579
0.1870996028103581,0.16122263400492737,0.5944568151631048
0.19438161516177516,0.19197472270583602,0.7303917224253783
0.18430130280817397,0.19239022040011633,0.7725947577718435
0.17913542867266913,0.18803421254541758,0.7705578598728505
0.18647761812463645,0.17117349049540526,0.6498017923760495
0.18662082669357483,0.1736359407597785,0.6624980874336421
0.18028280646630604,0.16682860860644924,0.648029675687814
0.17557386296307445,0.169606758563544,0.6812332800850827
0.17725567374432388,0.17609066690003303,0.7113491164288935
0.18159514696985637,0.1668921066455455,0.6436962033184115
0.17727231013380101,0.18495342433111933,0.7612775183516232
0.185282546361069,0.17931106310945188,0.6979128128855548
0.1900472326115514,0.16752166053374992,0.6183813303609597
0.19103448751198934,0.16188113798137002,0.585659371972552
0.17838411992429679,0.18833340091653675,0.7754804686383693
0.18881808149154955,0.17716533889262814,0.6734807275240712
0.19744740189205148,0.17205334577999673,0.6181562512872455
0.17507493090877083,0.18502903341339041,0.7712642393316277
0.18552699684910343,0.18497854713951875,0.7275412712539201
0.19175143997385782,0.1693886524079686,0.6226219340216965
0.1727600439186972,0.19366258237127842,0.8315729674095687
0.18427083999319874,0.18031750221045675,0.7072063176966396
0.17029452685242502,0.17594376478486698,0.7395643718720811
0.17881462308828255,0.1709650176823253,0.6764828043319683
0.17525788132840653,0.16333488717009548,0.6466749815246436
0.17616600062158075,0.1997923323553189,0.8502908156329514
0.18514248686836035,0.1937754550415762,0.776566510872262
0.18109345821929537,0.17033533579184415,0.6644930025364246
0.16911002813476442,0.1776308215825671,0.7547205981235934
0.1652691409173356,0.18459264466221392,0.8143846087366942
0.17473504798546158,0.18242774608845277,0.7578774127756619
0.16594268993374517,0.16977125299293042,0.721762754603717
0.17665921930770503,0.1885167226011655,0.7840899735886246
0.17929831499969706,0.18612747440864424,0.7592233892932806
0.17933996789909912,0.16092343001293802,0.6185092554234545
0.18710190068107674,0.18444551183542446,0.7185683915878153
0.18665599240773295,0.1833089504208771,0.7141959317849056
0.1839684713504989,0.16850384356380865,0.6441530045549693
0.17076473674176348,0.18796283145319198,0.8079117157649726
0.17330256195680438,0.16607615707750545,0.6697890427403917
0.185884271622799,0.17278999851315943,0.6605722874839457
0.19373326018296505,0.1984977628449067,0.7665062917160576
0.18181764119883875,0.16634661099379763,0.6399082631732037
0.18462184349570596,0.1757020126429162,0.6808620814461743
0.18412971916719872,0.1649482980495932,0.6242788973420124
0.18654150412851528,0.19889826573125774,0.7982044876655239
0.18336638404524488,0.1515501577956483,0.553810112602707
0.16643139054442854,0.1671646200723495,0.7039815006597125
0.17884144396083168,0.18603453281007704,0.7606432256265508
0.17383210551574643,0.16942158386090045,0.6869938295148978
0.185408082898845,0.18866651049142574,0.7478989498374754
0.17851996777118007,0.1764392467576222,0.7082638896713621
0.1887167139583909,0.1727993157920971,0.6507071536820657
0.20186475979178123,0.20650116531270354,0.7752772969097271
0.17940719066609734,0.18355564284086626,0.7444274799967887
0.1924618600365009,0.18774012804740298,0.7156749291588484
0.1813918406873174,0.16531539313307286,0.6357253595097098
0.18645922779146298,0.20705036661716042,0.8422772553408105
0.17092494541663633,0.15904388650323584,0.6379635590196447
0.17035491819712856,0.19286783996056653,0.8386481674409013
0.188641835665472,0.17817305428347197,0.6794519032923729
0.1918936619894339,0.18040674194959713,0.6795781611420685
0.1943621648387269,0.20277619412547598,0.7860387552908916
0.17842226804977565,0.18329401880256857,0.7470705325042873
0.17993066413274153,0.18080809594322264,0.7269916807883321
0.16985136374864915,0.16774681183370507,0.6932344211727974
0.18438759185753215,0.17416683067986244,0.6734012274307507
0.1744280449807431,0.17162916232269662,0.6973027894460694
0.17051458893141203,0.186018962286131,0.7976969192990483
0.18840086256414346,0.20582217781896986,0.8270778365779414
0.18198583657626988,0.18858625027208253,0.7615221760073694
0.17092814846457366,0.17297945443410231,0.719480410563219
0.16605315623688804,0.17017024073347753,0.7236853755555547
0.18223134959578402,0.17415872648111416,0.6813247377935603
0.19158452174714244,0.1980305126635966,0.7726642596888416
0.17981955309138586,0.19273922587666711,0.7937914616222285
0.19083313675159275,0.18778771687086568,0.7220324479087914
0.17318737589226396,0.1971614456931675,0.8497238608471864
0.18635013579316512,0.1972979151318188,0.7904363176601523
0.18395743990661206,0.1965514392249767,0.7966594843860356
0.18334684335370302,0.17930088225886226,0.7052255708020119
0.16863174918781515,0.17113378642725455,0.7183332143008294
0.17353200473413696,0.17180781600942524,0.7019328578382025
0.17784171465872975,0.18342927414640223,0.7502698363117281
0.18951300484737862,0.18495688074875138,0.7121246420921711
0.17452625561620397,0.16356504684856737,0.6507046544234882
0.19206512461686318,0.19871965039879638,0.7743188707240132
0.17648239511473116,0.17788557794087242,0.7246364593915106
0.18108593179553417,0.1842187770477562,0.7411883171537802
0.19243382585301028,0.195913730716356,0.7582540651029386
0.1945638600892347,0.18790451511618794,0.708787927279709
0.1788388631263439,0.15606661724569296,0.593084832857388
0.182582271670475,0.18546514655524649,0.7419403062293713
0.18662788789585882,0.16276985444584988,0.6042497491520514
0.19367488648844308,0.16888108197353463,0.6138177444117333
0.18201244997634708,0.17048574571451738,0.661964309200688
0.17774718458427358,0.17743602357423505,0.7169510103481557
0.18744904429260828,0.17702945927569852,0.6776746168809766
0.17194136180993072,0.15870012552206236,0.6321930010198641
0.17117302152027147,0.1762406145051213,0.7375029860658915
0.17029679614022294,0.19050352909982227,0.8250509245290276
0.17055517224533098,0.18968267312079679,0.81898819767174
0.1952228105847189,0.17745370785938572,0.6528627852331624
0.20103086854776717,0.1797134068899549,0.6452412399498417
0.16994032230943446,0.19092219633611973,0.8292451986734656
0.1752964227218765,0.20254288620262945,0.8701996528739917
0.1895928223231839,0.2076094839026798,0.8313051199481349
0.17821350038116432,0.2000787025561425,0.8421286952736636
0.17101276605864463,0.17290559891788848,0.7186925382853642
0.19854269105655495,0.19585104086559343,0.7346079580640302
0.1716614208927536,0.16402769138989923,0.6642592773430358
0.1803545222444658,0.19263219665180312,0.7908434724939634
0.18945804248776024,0.19006208892143742,0.7392776104001284
0.18059913430153895,0.19025800619641237,0.7766261269128197
0.1960621034542196,0.17528387843695598,0.6390009911640558
0.16957772296089196,0.1830379307970503,0.784524809474718
0.18272935209188912,0.17335935513074366,0.6750932661804105
0.17632805629253034,0.18533348472834127,0.7675096497622671
0.17979966457944285,0.18534143191025415,0.7527346184255799
0.18657513655280128,0.19803366383058524,0.7934265334903898
0.1871102810529294,0.18156745305107327,0.703154590494446
0.18052752527254187,0.18671863935029237,0.7573284968255597
0.17799518259316036,0.184671476490351,0.756601805331814
0.20006925668862874,0.17809211921049267,0.6402388919245333
0.17441888944008382,0.16223974564717558,0.6435068243324187
0.19506198699733104,0.20267921611991033,0.7827215259629204
0.18491713557840572,0.17931181625389553,0.6992960162908577
0.1861160553494458,0.20088108657191844,0.81068280911407
0.16957880128658284,0.17932101753112478,0.7626013189736867
0.1880326958921546,0.1659550516625483,0.6166749410913825
0.19078707059212735,0.17945795797827047,0.6785468091547522
0.17845715266335488,0.18243973422930662,0.7421374388906874
0.17674913362195524,0.19860336602371623,0.8407586672620451
0.18035736614872427,0.20406820551017235,0.8542384977119613
0.1771579268175833,0.17545924561131335,0.7081774316567653
0.18833557065999196,0.19189757530424872,0.753429502493827
0.19606795279943295,0.2017221916468847,0.7738245311414478
0.17787233508299005,0.1682171858087196,0.6646181698439103
0.1931149170123212,0.17490312257827983,0.6467813284993966
0.17294635026728616,0.1933612722436976,0.828934938621918
0.1794201719970022,0.1896524377248619,0.7783541625809793
0.19050726736969653,0.17770613866026622,0.6703478582391343
0.1936902195699933,0.18268608497642336,0.6850427722731501
0.17217246376400017,0.17551167934683012,0.728988112285314
0.19235440020790412,0.1901988965268652,0.7288572363061763
0.1867987822792594,0.18290796491526304,0.7115033796985305
0.1825982390988393,0.1796453985593915,0.7100035531515463
0.1749102281903251,0.17138413249534354,0.6939796131491053
0.17273095674075162,0.15667173617070596,0.6175600377806475
0.16457854328636168,0.1678731677284506,0.7162122435568946
0.17830120382917083,0.19353128597831026,0.8049933645755225
0.1916954478369094,0.1848388130323054,0.7034012260271486
0.17772525637538591,0.17876038038249828,0.72449117817298
0.1978556170208876,0.17575664805309002,0.6355980686654646
0.17918445801143604,0.16548343488746742,0.6444947076832799
0.17387784905673437,0.17317654758076967,0.7084085077483249
0.19624760441705943,0.1637354467264275,0.5795507520424066
0.17568892663461233,0.15770145479853195,0.6130235801515437
0.17224953103594018,0.17657816099754578,0.7348534433521041
0.18090321723743136,0.17976261259188903,0.7173040622134351
0.18799362482141385,0.1770609598304212,0.675879088725077
0.17388613597168992,0.17545305004225903,0.721466661739403
0.17126558657010982,0.20414127079483907,0.900013095927706
0.17623123685570485,0.16596495928899968,0.6580272677990101
0.18470252520840558,0.1987933733819243,0.8055838609355022
0.17505157953774417,0.17246656069826805,0.699602717220053
0.17421313292263726,0.1808793127754891,0.7512597390324678
0.17969457725212373,0.17552355774228748,0.6985383736214219
0.1746223012044867,0.17850053160688095,0.7358769797472998
0.17890546440977212,0.18984355094245847,0.7816617083431019
0.17420570224970575,0.18204927200388904,0.7580077477292343
0.19531596864242268,0.18053578542826623,0.6683313521960221
0.17988931989999632,0.18638750894811928,0.7581745765893136
0.17524250674441477,0.17291510724913936,0.7014000742890928
0.1740904422350681,0.1645977616560957,0.658265670331048
0.18982008222390404,0.16359147379727745,0.5984165240392719
0.17572319128667024,0.16877574078725602,0.6759252430914959
0.16928832345498637,0.1875435214409949,0.8124808529843325
0.17669076042469434,0.17270112418377986,0.6944399576347691
0.1795379342675501,0.17974160783313417,0.7226417545820221
0.19220488311340655,0.17626491809079187,0.6569287733251389
0.19732543945818548,0.19761491316078497,0.7480784716157467
0.18088298216485127,0.19598132456784387,0.8070484178262878
0.17335324852343792,0.18221938811695565,0.762716529647722
0.18012338193933083,0.17701801050905225,0.7051722499405129
0.17046976327921512,0.19055815773882104,0.8245342460445527
0.185504141926157,0.17597477296793418,0.6790941251224489
0.1857955530429512,0.18190832629491407,0.7099649272252507
0.1826024982909804,0.18109335826900694,0.7179165646469265
0.1724690366909671,0.1871234602356197,0.7950613215363395
0.17320388702068332,0.20553699216322643,0.8979994319911123
0.19338025660180327,0.17509338405066244,0.6468777436170594
0.17786322942052465,0.1570352382323374,0.6017839582754477
0.17580139256128166,0.18184792385448356,0.749982249478049
0.17877390718311867,0.20318595706725776,0.8568697718865029
0.18311610375895124,0.19170331719250047,0.773844103733414
0.18982046972923006,0.16606965961858575,0.611470721699054
0.16886127565806142,0.14785762507909334,0.5795148988288579
0.18549289232641053,0.19767255283589277,0.7961089558948405
0.19892895247320147,0.17168537597688563,0.6117026931676944
0.17638040892015971,0.18763424894869168,0.7803261699602543
0.18791849819181658,0.1873796699463485,0.731059854502025
0.1688037621734401,0.17676695374281085,0.7509723249684572
0.18377771230481119,0.186089829278588,0.7405132405439419
0.17528792351509345,0.15606803057876747,0.6051074623497055
0.1747451695409195,0.18900397339330924,0.7954667574416648
0.17670749649195971,0.16609281719412333,0.6569773184433384
0.18392553818079763,0.17022746220133245,0.6536746522016406
0.18679971603700324,0.16672270597792865,0.6248548362611376
0.17677801327172718,0.17177130869859852,0.6888374093865546
0.17621525135516153,0.18088141154234907,0.742736003472014
0.1776128632293901,0.17576830025110782,0.7081035571656533
0.1832710174481065,0.17469118110983442,0.6803649744845277
0.1816867810181982,0.17019272163840676,0.6615380654818688
0.1725068006520019,0.1816687335730532,0.7632669151326308
0.17959754698582878,0.18221573098596255,0.7361778220522973
0.18269772429125516,0.16570545335111514,0.6333163360407187
0.18637421636264365,0.16862062634900937,0.6364647893043287
0.1975370133971934,0.1944829794250617,0.7314223139262798
0.19202069313994574,0.18168313401973668,0.6857757456576062
0.17327766804151204,0.17981784416300733,0.7491897001517065
0.18966321052848767,0.1885721040617478,0.7306219465315551
0.1761362921532843,0.18134961691508195,0.745727159969813
0.17356567730211162,0.17247708386939042,0.7056526715025837
0.18493416768624385,0.19076452015973033,0.7611601572649843
0.18721030776764133,0.15682541198724986,0.5706171484950374
0.1794653157689007,0.1837027441343078,0.745006039531773
0.17562366998128381,0.17908772120260869,0.7350246194967088
0.18663568206580491,0.18704819259381594,0.7343086331449462
0.1772927693502239,0.17899585218330671,0.7275866503528324
0.18598794848260547,0.18707188401208136,0.736993365056129
0.1706169794745844,0.15440639574432896,0.6119343811257756
0.19161112029902153,0.17524151840894314,0.6536234338252168
0.1917913740550945,0.17242719737044412,0.6383352638960466
0.17920130323984837,0.17356552615527182,0.6895347518197903
0.19020633624576444,0.18250704923639957,0.696648975274872
0.17416279899566614,0.1782419196856668,0.7363335937708371
0.19559896996912676,0.17797151066521621,0.6542545223291062
0.18148791528345246,0.17468557357767545,0.6870186005659844
0.1802123192632326,0.1816361252864811,0.7304502035413173
0.18710731084179671,0.18799424792039895,0.7375139287693363
0.18590930202286618,0.16996584004969548,0.6452922943841729
0.17538397045222678,0.1850168141271927,0.7698355430034594
0.18162323244376988,0.19729841349215713,0.8110108575331096
0.17246243614193799,0.17901101073048067,0.7480528143781034
0.173068590408929,0.18203240005749446,0.7628905958355954
0.1980129226068358,0.17797846291689756,0.6463136912079469
0.17752884941701075,0.17476537068424708,0.7027892711182755
0.1878042846500154,0.200163254439515,0.7995731019627869
0.18133899865914158,0.1713596365823766,0.669241792883688
0.17610001867530167,0.18009183824568312,0.7387383557610531
0.17763850574293102,0.18468979218968384,0.7582240777492226
0.19265196802561751,0.19807748944625403,0.7686269232742212
0.1718506046651547,0.1801312790731619,0.7572349211497886
0.18252453278772704,0.1613766518471645,0.6102009967980231
0.20195739397851195,0.19182249065281565,0.7022396549041696
0.18184808841295205,0.1801869242618535,0.7159103260201277
0.1860738462210312,0.18211002462570997,0.7099870686221033
0.19371051398336653,0.15908633436161376,0.5631410093258064
0.18943980098992466,0.18142711347544227,0.6937671639679996
0.19248666295102265,0.1670207435800147,0.6079420869267711
0.18810358426531007,0.1759400191451424,0.6695248239794874
0.19568791137050645,0.18564192575975455,0.6931543436167418
0.18431790288812894,0.2031643287104194,0.8309791198274533
0.18535050536984107,0.19281676412323737,0.770522658345422
0.1816698722344706,0.17904101256759916,0.7103049668084399
0.1717910724226304,0.16998281679508775,0.6984228871912098
0.17731311955825452,0.18565070670680384,0.7650347985797922
0.17558781031309412,0.18856183827095058,0.7891313071441475
0.18578717829338404,0.18140538002409426,0.7072898207032711
0.19575873038751876,0.18265510667186957,0.6776459287883052
0.17560383045432557,0.20200994586257184,0.8656414012683482
0.19266272229235598,0.1872678643050873,0.7124775497399556
0.17425525053512636,0.18681253047664476,0.7851271629205004
0.1912999742956074,0.18321022023763195,0.6963420707615364
0.17929322690247126,0.169481552508517,0.6664030458524262
0.17005581914167067,0.16174850258510623,0.6571283661396521
0.18245588300273047,0.17394155301588982,0.6792960083070329
0.1691640158592907,0.18062128398315314,0.772157620636075
0.1894621148677722,0.17091360422438823,0.6381941018064494
0.18947831775745919,0.19151720108854176,0.7468780743013044
0.19189351251344022,0.18915985338346847,0.7251931113289811
0.18595821921551853,0.1839003370500831,0.7200560298703316
0.17878174048625164,0.17805185439069843,0.7162468272342704
0.19611805456636552,0.1798130533166059,0.6619128137061839
0.17652672043811168,0.17149669164193587,0.6882623284475013
0.17642825028696918,0.17053977779547771,0.6832226562322863
0.18049972805269962,0.18870494373825852,0.7684495995349175
0.17586083208478087,0.18045225679561439,0.7417925597709248
0.17649378716801303,0.17426243416375167,0.7040612372687103
0.17372205290328896,0.17195209400239336,0.7019954689937038
0.17766828338369933,0.18234010171633727,0.7448718431670239
0.1715320222267287,0.17978766272397723,0.7566380961359254
0.16861488629191296,0.178798445652465,0.763861652342391
0.1759694770432011,0.17281760602866764,0.6979483492953469
0.18900875443300252,0.18546545804784137,0.7167152572070914
0.19164668308540797,0.1733466238094476,0.6436147071456372
0.19120774330711737,0.18952261356762568,0.7296912308803563
0.16949224943314317,0.1846400238444468,0.794372747395485
0.17553228088043002,0.2099346117672509,0.9111407369918241
0.1750263367511607,0.18644383437759535,0.7795617328812687
0.18109499899710513,0.17837148349260587,0.7088626643668825
0.17014812153253717,0.19843320661683017,0.8723764052161195
0.19666261052422562,0.17005437001249968,0.6104585395896133
0.18643731580983014,0.16400186676254777,0.6114755850638399
0.18249014265476876,0.17623900247139956,0.6917579253045795
0.17839957316760782,0.17088992480900272,0.6776357289567373
0.16863843818556434,0.18562092322566506,0.8042112147435339
0.16246805997125685,0.17528666757828038,0.7711464493417695
0.17748489466389886,0.18568220634793964,0.7644718532519599
0.17669513084936103,0.17806200387605786,0.7247624949282578
0.17607595742800367,0.19438204088374614,0.8199986130575665
0.20748972840375388,0.18145136317654648,0.6335319063156492
0.18300939411317443,0.15843165765309916,0.5924923044444602
0.17947577372147563,0.20245252233394498,0.8494323170910664
0.19214002053371965,0.1845020905747819,0.7000212147431172
0.18430196103791174,0.18375622499007,0.7257449906490997
0.18671390459673237,0.16256933885771888,0.602897460158888
0.18382034077199227,0.17407059810044864,0.6749557615843166
0.197503692964904,0.19952115457056355,0.7570549812308225
0.1707363598041388,0.17888522688902725,0.7548786154096216
0.17551761371760927,0.1823593363148197,0.7541085678601636
0.1707691868009752,0.1981484275590332,0.8675360604234438
0.17681922829209126,0.1832866617010529,0.7538018516904393
0.19184977742430143,0.18228025225155806,0.6894991176299495
0.17053080109083243,0.18642060084555723,0.7999763091061388
0.17589217830158355,0.1853635294756896,0.7695824270457108
0.180001042006539,0.15035891172364413,0.5575462819820695
0.17154501297505068,0.18383599352307178,0.780180030896828
0.17411606907629923,0.17844302925590866,0.7376862453724692
0.18274736921516654,0.16444193099777424,0.6262302515722151
0.18533582876777563,0.18916727109835912,0.750892431450665
0.17234621794685792,0.1699979419897237,0.6962609532094546
0.17907241912619154,0.1826408142152957,0.7407104615134747
0.17484061908711301,0.19205664564230582,0.8124922365524635
0.16941827571266188,0.18044871227513506,0.769980167289506
0.1867647855992908,0.18950397058301033,0.7469500748514771
0.18073382604575838,0.1698102945121739,0.6629101875032524
0.18365351752777503,0.15883701723932542,0.592621468428261
0.1787260888919156,0.18760174589801504,0.7699029657680785
0.18635265166613982,0.1717173344169104,0.6531559026859094
0.17698074342730594,0.18791169264729674,0.7792468828900776
0.18037811899072426,0.16270764941384586,0.6248410286374132
0.18046482989192397,0.19112754936584522,0.7820224552914996
0.17613489178175462,0.18861855090068813,0.7870022202781249
0.18573676378599818,0.19722609944177386,0.7926599798594774
0.204985101134054,0.16842961452924368,0.5777474259058191
0.19234153900765988,0.1835411836470239,0.6942919576083131
0.17931827197176367,0.18350777955173628,0.7445297017626795
0.1829844583382309,0.16406324221383672,0.6233493448006426
0.18889375953357557,0.1710985941166819,0.6410936730557095
0.18603059521709464,0.19350053605044756,0.7713813734938857
0.17395673391831126,0.16076061050835985,0.6367135552244397
0.17257306867083838,0.16987598357660316,0.694638998424787
0.18175247991695181,0.19361609724912843,0.7901740725339812
0.17593130285625755,0.19139828464453865,0.8037130536119903
0.17384859627512045,0.16884747702676312,0.6836263252806686
0.17395035477648407,0.20129264970322153,0.8697461404871732
0.18888625785392527,0.18586466191102172,0.7192935232805148
0.1738992353450008,0.183699222720256,0.7688315733821858
0.18397169643993289,0.17675265079635186,0.6889790834631827
0.1794170312090793,0.16943711293962774,0.6656955147164629
0.18857498715338816,0.18295159311159387,0.7050330222398487
0.17772904079030388,0.17623439202494565,0.7102631706311017
0.17276751863856085,0.17239517873422464,0.708438598289312
0.19255860787587176,0.179631849847234,0.6732072446784514
0.1763501790562006,0.1809637682495043,0.742634733632835
0.1785146589236233,0.17482867669723484,0.6992628921899474
0.17861030803385988,0.17473205879330014,0.6983474815443137
0.1770822298732229,0.17861032983208616,0.7262746235133878
0.1859761801221106,0.17362156536557105,0.6647171981078547
0.18052995848601042,0.18773428678252335,0.7629442112412419
0.17283207902588124,0.18869248902872338,0.802469598296937
0.1852030097574649,0.14974334535113176,0.5385622268328792
0.16692520712591988,0.17479568663405257,0.7476143884003873
0.1795798688003264,0.17733677140627324,0.7090815482656251
0.18442388596278309,0.1871592654681557,0.7437174677895823
0.18623193696203985,0.19029065730286995,0.7533114866944962
0.1818818427683051,0.1847007982564669,0.7405950819844014
0.1757807659279844,0.18290542476741767,0.7560862763669359
0.18523499832546136,0.1868257084977729,0.7386601329915397
0.18951932182338105,0.17838894680287734,0.6774451573994497
0.17868283995409334,0.17259714710395443,0.6861159534706954
0.19162462857935966,0.21139728217823348,0.8422575082064265
0.1832960899459186,0.17772816600968683,0.6968406475412158
0.17816331443493022,0.19052874616655183,0.7887636498695498
0.1819462638654828,0.1690843684708049,0.6545029611536669
0.18638149053032715,0.18030821361172386,0.6991478243947227
0.19034062336676713,0.2005156235499915,0.7907698361372029
0.17748070818285983,0.18684805590959144,0.7710587663905181
0.1873437618064141,0.1851778021675904,0.7215495240630014
0.180500115262545,0.18487766063302466,0.7472441800762255
0.1809394657642764,0.19309998703211848,0.7908721650507451
0.18146100407427068,0.18172822823165524,0.7259313311070396
0.17061950214699959,0.17342207124590653,0.723376107026561
0.17113800179386857,0.16895064394130802,0.6950568704464662
0.1819651632098774,0.1563779652654266,0.5846062146672051
0.1800257721092803,0.18035375729163486,0.7240838673504298
0.1831070044816763,0.19859692771597173,0.8115305481437328
0.17152882501140393,0.18205042561776605,0.7698439350295018
0.19332052101600686,0.19718843927181012,0.7613699699248327
0.17785630259808693,0.1763823435503708,0.7105868147724005
0.1803996786971279,0.17002697743586145,0.6653391974016436
0.18831419264606536,0.17364774024159693,0.6566034057453738
0.17044913644651535,0.17730861002655515,0.7469008801138918
0.18724576924538258,0.15833441871939874,0.5785680453876008
0.1743813304976355,0.1996713230281733,0.8582990082771663
0.17338033894078708,0.1784475083729597,0.7408424113003214
0.18389759796661478,0.19250090633237618,0.7748927006553187
0.20269120669577653,0.17446310955700964,0.6140528323156067
0.17619675608333832,0.1938316662325788,0.8163127938890582
0.1894434608347128,0.16529037875545874,0.60857407401382
0.19081274439935655,0.18477644819681116,0.7063283357778992
0.18887689825397003,0.17507817726606842,0.6622206231801001
0.1770839042425571,0.16379784328934138,0.6426210432624587
0.1816297001131613,0.1861134162922422,0.749400655330263
0.18393812590371916,0.1728237638621063,0.6677449998941347
0.20042560150668282,0.20043721732754785,0.7505888279573495
0.17256668325241523,0.14896122819246987,0.5734665946364523
0.1649068791363201,0.17482501282935795,0.7569424240099255
0.1891801684816861,0.18890681015572575,0.7342567208315647
0.18389053414873643,0.1747540531422187,0.6784147629986963
0.18734151155450252,0.18591015595073915,0.7254673821247531
0.17693781153880245,0.19796122538005623,0.8362329345732207
0.18399654927171402,0.15199632974474467,0.5543382750842962
0.18696321995601306,0.17657850077849102,0.6770235386846206
0.18976016269794882,0.1757187531649146,0.6625139406368855
0.18053156458117406,0.19443737048481755,0.8000671285373635
0.18422139992335593,0.19041585502416372,0.7622125067043393
0.16809031058668425,0.17412876127471885,0.7384647029413727
0.1804174564284474,0.16295379292575352,0.6260690908839543
0.1712281060888551,0.17689471515560762,0.7410857834855592
0.1767142814263865,0.18644026850373882,0.7720953134202424
0.19090711992584442,0.19241174476245185,0.7459739836721122
0.17863169275855093,0.17679321544060012,0.709802462724133
0.1839424747176542,0.17113316097069256,0.6585382802782668
0.19117588433642854,0.20167875436736718,0.7933989943022578
0.1764312877652639,0.17737822925324426,0.7219707505775101
0.1750662088652841,0.1887013328331009,0.7922792966850245
0.18635427212281896,0.18642230402437993,0.7320589030256801
0.18220473931773867,0.19497644950023144,0.795678806397091
0.1816569995497384,0.17092232122397297,0.6656628785221346
0.18853933699724437,0.18705639574037355,0.7269379320156234
0.18661807023253457,0.17199800754949512,0.653730945762541
0.1760707625083454,0.18672209745586926,0.7765178926250683
0.17595865427460147,0.19104462258785773,0.8015782069334491
0.17535019785100464,0.18535439400965018,0.7719089893737161
0.18525079512528458,0.1699054897176071,0.6472603242351287
0.1918966145044242,0.1710116860087949,0.6306087594161541
0.17233059974245055,0.15769744463761742,0.6249467291274569
0.18488541207250267,0.1825058364713499,0.7166916793813232
0.17006168484805517,0.18928698071826705,0.8190379910837391
0.17499335179342454,0.17188368969441944,0.6965046868654772
0.1724902428956075,0.18754023726714397,0.7973798109286939
0.18478186898267984,0.18309655500893948,0.7202901223031519
0.18586738045250523,0.1652903984371617,0.6202831188370995
0.1829311966069615,0.18201047644203594,0.7216400422158079
0.18391677694738107,0.1824120846372119,0.7199565305295407
0.17606055550682595,0.19493141318536394,0.823190707129996
0.17563608926908805,0.18193768179028025,0.7511991546802295
0.1743205136132903,0.16152989628359604,0.639797887074909
0.18272864738931,0.1850746273256007,0.7392088173116027
0.19411042688545402,0.20419382341810774,0.7943613637463104
0.17575642291697174,0.18010814208382292,0.740275319242738
0.17405026167876336,0.18534597236738928,0.7776257907453834
0.17495725103002072,0.16808994360640078,0.6749645579772962
0.17977417867361717,0.16678432664882326,0.6496167998678332
0.19514332408151888,0.17208623140700327,0.6256234077267391
0.17775159016039374,0.16784595237277194,0.6629811427646521
0.1742422651247242,0.17303425073540404,0.7061102577341668
0.19560276713233773,0.2006140860924497,0.7699997719896757
0.19885283502725204,0.19930006729797795,0.750806832990422
0.18296144119849422,0.17730616317300837,0.6958087034026713
0.19288336618441373,0.20485868461868043,0.8028617899099795
0.1741370834229188,0.18749409519678017,0.7895738948541738
0.1762550340872896,0.17590097050353898,0.7143113452361709
0.2003456446821678,0.1866921561721336,0.682281645747701
0.18264910386571742,0.19408806848438126,0.7888791427649927
0.16828800149484247,0.16326499441821135,0.6730426020400664
0.1685782266290409,0.18187033198280117,0.7822500842471428
0.18894144291442044,0.18020285181526086,0.6891174842685797
0.1678821670359857,0.16945662158560654,0.7115503909358096
0.17989163852558168,0.19974367504750984,0.8324104237130254
0.1885667352738107,0.18004249176769613,0.6896364386797399
0.1888906644715771,0.1842178046253794,0.710558168667862
0.18626036938642496,0.17864176819880917,0.6906556054977139
0.1939842574999501,0.18476371425215446,0.6947146948364565
0.1955795878991963,0.16756584243175426,0.6011150943438376
0.18381442907394516,0.18602486318229472,0.7400118906202648
0.18788960252006917,0.17485432413403182,0.6645089587684644
0.20631645683711092,0.18627450797095013,0.6605120602596445
0.17065085496496718,0.20182223367133006,0.8896658250115277
0.1701943032152227,0.15615108574698353,0.623705281208784
0.1759045895193669,0.19535483977201956,0.8263277278277958
0.18606164787286464,0.1606046107549765,0.5944514198356037
0.19491836116390396,0.16913649151463653,0.6112122572919461
0.1833777090134723,0.18695903547240303,0.7468685054972574
0.16546456305909235,0.17506962182601324,0.7558695319030161
0.17865058515537988,0.1848988160065666,0.7550986518697349
0.19485222738925717,0.1851069791406742,0.6933817537059527
0.20024953779962437,0.19022021309061382,0.7002273994306161
0.1913891659592834,0.18581659114308163,0.7096357333621256
0.191837092776342,0.19391160264514437,0.7501761028714464
0.17967607626191004,0.191288311100846,0.7863501587985091
0.17297589877873146,0.18475124768813966,0.7790174737609644
0.17944475032855312,0.1891542148417454,0.7754710828093992
0.17123035325156238,0.17739578155687255,0.7440023286625447
0.18845332627921602,0.2160335492072066,0.881032733596902
0.1647883229484949,0.17365875884758308,0.7504097173574186
0.1913249943961246,0.18101061802288568,0.6847543282904147
0.18495328444117626,0.1774997383701511,0.6893618502390096
0.18289609631226827,0.1892385603128722,0.7612986997554215
0.1825954570302769,0.1780887040590703,0.7014889972746221
0.17461469708022453,0.18762314202280111,0.7881532558486294
0.18805757229779765,0.2019886850148799,0.808202951669497
0.1874351308390814,0.16498907415684308,0.6134873096738978
0.18190787794314353,0.20121870493765198,0.8312927765828612
0.19316233343710734,0.1510777489838638,0.5232787737924806
0.18183777805913642,0.17315845087836906,0.6772984810577484
0.18179684385163083,0.20183863317935608,0.8352105018020861
0.17174465389126783,0.19317630804428976,0.833658019625666
0.18790151135965094,0.1697936910342582,0.6375344730728021
0.17308696847680408,0.1864765733486506,0.7884855489102881
0.1765405858074531,0.18054940946144854,0.7394866674104866
0.17864013459859515,0.18816207601719528,0.7734100532763581
0.18252515568261043,0.16623002341742804,0.6367890660481794
0.18510864727162754,0.17671122569460063,0.6845235355680882
0.19068633272779667,0.18808349549899261,0.7241394468270874
0.18343138227655248,0.20018225060340103,0.8187380411110732
0.1845923893296014,0.1701627099954849,0.6509624282555159
0.18627187302350992,0.19163401342124478,0.760361782604552
0.202129661586699,0.1756793561599953,0.6217759193451573
0.17655253895947526,0.19797924784567458,0.8381598402254684
0.1779601841685923,0.1806674716247411,0.7342511598041053
0.18756548451053154,0.20208006107049414,0.8108104828954021
0.1719459279140175,0.1747238418785565,0.7253666509678864
0.18631488478903052,0.18735724916465482,0.7372317532235184
0.18147598209313132,0.17947662897233124,0.7134642693702872
0.17958552989330517,0.18476635258844357,0.7504299075126517
0.18091027388219338,0.17918407701533998,0.714078168382317
0.1765364251207523,0.18960713625747463,0.7908120727038754
0.17566570248081526,0.18296417209725607,0.756915950122804
0.1707187432640777,0.18420377710923247,0.7861103856747483
0.17257345948062822,0.16722358404597867,0.6792677413941354
0.17985466319181123,0.17996585611682253,0.7226159934380832
0.18780687565728915,0.19098667083922477,0.7507002624147686
0.17513510204072896,0.190750416490236,0.8036676534296561
0.19431623686210522,0.18762600655292294,0.7082578830022733
0.17131745355040315,0.18934536021226644,0.8133751542791277
0.1813966464118275,0.15593309041728742,0.5839859364146455
0.1646178147384785,0.16364273355088563,0.6903428631428812
0.18651562611559344,0.1815046418338137,0.7050596487412452
0.16720943857819354,0.19232920815166776,0.8512031938024192
0.17926043928835353,0.17889998991897693,0.7190654582276901
0.2019703830881575,0.17534710130798,0.6206211989669177
0.17722212926829098,0.1700080188766901,0.6771615902154846
0.1741684864311147,0.16960759605207673,0.6867350030017207
0.18751875879662547,0.16549282904062146,0.6159001359745553
0.18681695842182722,0.18421449127455417,0.718427772341212
0.1944267882319082,0.18985756291427794,0.7193327842635489
0.19575233542714257,0.160421218860823,0.5640863421622925
0.1720097846059725,0.17619627213838607,0.7336575208641027
0.18580917036000358,0.17679513074261244,0.6823943645889384
0.1741705017329952,0.16319711865985992,0.6499212985755305
0.17409372935916614,0.15840294144774195,0.6226699941851436
0.17663938034876575,0.1697990239089046,0.6782124329940885
0.18967768675419525,0.1727729017873085,0.6472711887635515
0.2021676864125567,0.1810490236133664,0.6482194357506725
0.18007200578776164,0.17859163611736786,0.7141123105438714
0.1994995804211741,0.1719559806449354,0.6113094593355418
0.17133968659238102,0.19433588279927927,0.8423960943891295
0.18098270072270656,0.17610829451697746,0.696797506133997
0.19686333481082238,0.16415739014107927,0.5798814200256226
0.17046618960816362,0.17896418125991187,0.7565381824768364
0.17140927139578593,0.18463783535931383,0.7854758045638824
0.17531401397586932,0.17073105124893065,0.6886560207648225
0.17402103439872776,0.1906563067599178,0.8082718692364359
0.17748080253414777,0.19372746090314133,0.8098197599455174
0.17976507623995405,0.20389471858908362,0.8560879666285226
0.1747579432046218,0.17656932142857,0.7242550416170302
0.1854583539373635,0.1653707168886293,0.6220842277484814
0.19696004514928211,0.16167844234466602,0.5670106455348417
0.18043337551101366,0.18448372841766966,0.7453373193113086
0.17056895607535064,0.18191487247549665,0.773381484595719
0.19381988664902464,0.18023523686491524,0.6719394955624416
0.17805307879870472,0.16160993469782486,0.6268351856134081
0.16700139561166347,0.16707221046901857,0.701025341975299
0.18182160264783223,0.1751246176429958,0.6881724493725202
0.18449264835276555,0.18663224985108756,0.740583709275153
0.184151320041293,0.19982190755973256,0.8135804159651823
0.18981665831651579,0.18821014404780087,0.7281244189713738
0.18569204118252705,0.2041689108620668,0.8302397339179743
0.18269978514843624,0.19248599758464965,0.7798914348415106
0.17793655990945087,0.18245443572423456,0.744391348195326
0.17631701059634164,0.21290666888720747,0.9239418722914053
0.1713581221728044,0.17791916617302936,0.7465019139508924
0.19017029050261267,0.1682503057819417,0.6218127209534714
0.19698174397425375,0.18462401877979745,0.6834339876562029
0.1680995990532903,0.1668846328560806,0.6953296350161208
0.18018962734337526,0.210918506815303,0.8930508885988838
0.17154896467227573,0.1717577133590525,0.709754871395793
0.1822761252474134,0.17408611428286094,0.6807590084243454
0.18406663818012065,0.17656739041468442,0.6876172220347195
0.18195032686666707,0.16770560156064007,0.6469106353784929
0.18036418073756652,0.17311119149600063,0.6825700701356544
0.19046560897523818,0.1607358826376708,0.581395682052329
0.17508508877678594,0.158189145582129,0.617923241424963
0.17659988315691177,0.1912577532440497,0.7998745566470165
0.17239595198135166,0.172649714281597,0.711441961786111
0.1856580504481692,0.16898670352264308,0.6408916997426999
0.16334291386953592,0.18365842833787654,0.8182689115282421
0.1788988726785156,0.17276320491605185,0.686215642826657
0.18991458487339197,0.2072873072696413,0.8282002531532694
0.18804140885766513,0.18452967642016235,0.71542580561068
0.17249040232270846,0.15603349196033678,0.6147211122040348
0.18079918754533375,0.17630780078199315,0.6986082321322524
0.17476093020525132,0.18252763188920407,0.7583367273998511
0.1874619443765129,0.17454811526307606,0.6643914618367774
0.1852556528527684,0.1914706409052643,0.7636508723309935
0.17348248176090034,0.19359182793603702,0.8277021776408545
0.18958367546344498,0.18185028770966566,0.6954727899823246
0.1889172489103887,0.19393678661101668,0.761903888825376
0.17834945879428593,0.16238544879329997,0.6301417988766033
0.16761339648227908,0.1759717456215592,0.7515613206661412
0.17130631312920663,0.19199589698233996,0.8289005488971121
0.18211597616968098,0.16777445093743928,0.6467002698747668
0.18222428173906566,0.17991112264925857,0.7129188350171882
0.1838745978183127,0.1880260433683423,0.7506531353761352
0.1704443736266172,0.1806987379771514,0.7668116887417223
0.18481798155579068,0.19348846723736768,0.7763772011223544
0.17322014958757248,0.17254233412255865,0.707436948959605
0.17526653135214826,0.1922771331367608,0.8117758253051485
0.19006797851127544,0.1898011878304105,0.7355325653769557
0.18712002564941518,0.18893915738300313,0.7425135652948076
0.17290030673074652,0.17926270982685105,0.7476141151568271
0.1886461460480478,0.19629978147278343,0.7755248889925436
0.18164996499474614,0.17362158237939304,0.6805483413276108
0.19345772529113545,0.17325841270379658,0.6371335779861177
0.17821113957533413,0.18838788481185786,0.7765389141308868
0.1945780658597753,0.18708661745901856,0.7045327378154301
0.17954985409563143,0.18148378932753112,0.7322968319289223
0.1740082240150136,0.17346513466016125,0.7095362035848867
0.21197368863492655,0.16466935681837924,0.540960331241249
0.1737032303750522,0.17611040961320995,0.726010733023894
0.1927406866214618,0.17859878340189084,0.6672114002294485
0.18192256652405095,0.19128426497385606,0.7766175888639832
0.1943926533435766,0.192031654722738,0.7306431198904729
0.18621879308197894,0.1963559005204411,0.7859351792491265
0.18044638373273988,0.15626967298777258,0.5889265874408942
0.16839602859207775,0.19391779978488533,0.8546389186737389
0.17142713285422184,0.19351910628322685,0.8372018121849625
0.18520679281703886,0.1882664536062856,0.7465517409119845
0.18016428623211145,0.18419132205578234,0.7448275396984024
0.17938541495559882,0.18110860078725646,0.7308765922787437
0.18413440795108824,0.1769364033902471,0.6893681892629503
0.20652209349495979,0.13198330599531505,0.39697111630003823
0.17995225972367118,0.19107484421224882,0.7839570585491882
0.1765399953694866,0.1897493913716584,0.7916018751398066
0.18437587905188194,0.18310387265880393,0.7219158674294348
0.1757466324748885,0.18510784708146055,0.7687649269795562
0.18446111055032105,0.15675560621652546,0.5787431610816551
0.19076447143559933,0.17326945201560706,0.6461866357395691
0.19117573686038078,0.18124008874908365,0.6864892527911675
0.1811890345342643,0.16680646334154073,0.6446662936406987
0.17028287337368686,0.1858397767536129,0.7977301184923727
0.2003321459862032,0.18758780589621354,0.6867984427506166
0.1758875751121091,0.2063108358739721,0.8886974294479928
0.17720849263323762,0.16809083723196844,0.6663949084899504
0.1803033276359974,0.17893046178438263,0.7150753315250614
0.17556696526381496,0.1742508267081869,0.707711878037431
0.1927516474966464,0.18447779709675435,0.6976739179315915
0.17562738236490774,0.18498637905674298,0.7685952910023827
0.17181354677788183,0.2010863166913446,0.8793620731586834
0.19009825390501875,0.17879032859579924,0.6774934853433658
0.19370617587918276,0.19431045848156597,0.7449966828707332
0.1764666375025524,0.18802250055740585,0.7821450134188084
0.19000233491752197,0.16666618804852695,0.6140250228986424
0.1887885321947202,0.1546934067891804,0.5545538469529365
0.18144580266450255,0.15946350421544198,0.6032848520494161
0.18560244941349302,0.1754872338826692,0.6761076390921081
0.18268333642925474,0.17216908592523716,0.6687478360816336
0.17157170223952953,0.1737975366154296,0.7215498534985513
0.19818369329271823,0.17618879968694504,0.6367264510534859
0.18299849770276977,0.175339990679703,0.6849236045821697
0.17455144154955501,0.17591722439561708,0.7213760211763665
0.17044018025428886,0.161273651709327,0.6528604437246656
0.18089195692258858,0.1939611834048394,0.7958407098577994
0.17719415276783687,0.17065778082289068,0.6809354537842949
0.19402690797064825,0.1650411097418809,0.5929131734619197
0.18519821238075682,0.1971034622452613,0.794302819418284
0.18124635724724242,0.1895961313638964,0.7702010318114697
0.18720184326131512,0.1763229926555541,0.6747956668312276
0.17919792493021952,0.17734327872897784,0.7106292038736826
0.18746641668771055,0.17623547871070383,0.6733764955938333
0.197558274233219,0.19756944958613334,0.7469666869630907
0.18335952304366582,0.17499482262902208,0.6816925598091538
0.1829786296732259,0.18152349174272955,0.7187915440049584
0.18668816290628157,0.1761927418533013,0.6759547037626094
0.19937000677020908,0.19827537994369765,0.7437195912552567
0.18660566581420443,0.18447122576050212,0.7206170572247769
0.19387480112908398,0.17605638767838686,0.6501948006871564
0.17849071303064207,0.19045705877405636,0.7869152203450699
0.18949448390673815,0.1905762559666451,0.7418488025004003
0.1751643690146715,0.19060867746207646,0.8027241970100625
0.19168774515416476,0.18139977552705785,0.6854886598064975
0.1798005950658623,0.16037239098018627,0.6138599871694309
0.17008318384693882,0.1685509718289459,0.6970175954351386
0.17286667637649242,0.18447524115027158,0.7779130366190025
0.1808206783474758,0.17659650478315753,0.700121833078638
0.18637769420313652,0.18194683141722195,0.7079539854882562
0.18852808539896254,0.17608873340363912,0.6688060992971447
0.16994291182752252,0.1827073015592386,0.7808934196321475
0.1817190407756211,0.17120576510693472,0.6669954044969587
0.18791404151778923,0.17840920085627618,0.6833401049709213
0.17674347024369083,0.19275795624156225,0.8077127604472745
0.17131835622872066,0.17754491922277588,0.7444906782347099
0.18301572627028767,0.19531956291629116,0.7940277367294396
0.170498454211975,0.158792841397888,0.6380869662467996
0.18110919879980517,0.1870292124586391,0.7566110024599507
0.1821739541496525,0.19372577300611774,0.7889479792926363
0.19687426083008044,0.17251893335406124,0.622320728151486
0.18798549858405317,0.18819141430248643,0.7351174177975089
0.17752362990132955,0.16468043769487067,0.6460009732710619
0.172929080359696,0.1870688177532903,0.7926302358642302
0.17323833959366822,0.18148933250771332,0.7590082704332223
0.17982171885286588,0.16118935525412018,0.6183310668112219
0.1883797397862675,0.1799276718178016,0.6897114942679894
0.17284958835308867,0.17448661694052034,0.7202019867483004
0.16952601734202785,0.16979449159177704,0.7066436967612187
0.17301935170950045,0.18269832439968672,0.7669565461237379
0.18384335808612642,0.19758323267959726,0.802766193002512
0.1799510224842881,0.17741941095432837,0.7080782826085559
0.17518351862012746,0.16339310106388905,0.647281787448131
0.18251014168847216,0.14473034861252473,0.5190415597518994
0.17454302207997835,0.1842873232222291,0.7693651778339011
0.17612897989343274,0.18333879104808676,0.7570519691237849
0.1904998852269748,0.16832654302570377,0.6211370830209231
0.1859977538701027,0.1959529851676291,0.7847029446901811
0.17944581138161494,0.17846651913793238,0.71590703705383
0.17715364642954554,0.1842851398763534,0.7580151048697659
0.17760540572758104,0.19161736771004703,0.7973708183593575
0.1890261239655319,0.17032189005312984,0.6365357736217985
0.18144393243105122,0.18465437630276238,0.7421266420905593
0.17710394144022995,0.14604804173951771,0.5423258283155293
0.16903461817716725,0.18671753464444282,0.8088138164760279
0.1807765903093197,0.1606126858684932,0.6118750535079138
0.19247774376603438,0.15761299156895234,0.5590931681938298
0.17629099735568612,0.1867244692801249,0.7755612670581726
0.17963824384841784,0.1619367410057032,0.623123109019912
0.18392572878966126,0.1866099105570515,0.742744973506559
0.18176073582478613,0.17634196063317864,0.6951004025147096
0.1777330717040809,0.18331281094450386,0.7500731837148735
0.18945239723001336,0.17948820327550016,0.683486750068879
0.18562783012632475,0.18235477691831206,0.7130114963270381
0.17704247868762976,0.1829261087100665,0.7508147744847081
0.18505629676614022,0.18961240321174136,0.7544320601431502
0.18431629965875665,0.15380810964339464,0.563206346023575
0.17625624621203695,0.1726142870473651,0.6956592443246501
0.18273866310974274,0.15792713906215183,0.5906092187909723
0.18522055596902187,0.1950802030537727,0.7832834875953905
0.1839972131696659,0.1776252118885058,0.6936257875320162
0.176661824664163,0.18220340505425406,0.7483416709047066
0.1741858768267527,0.1676277235749209,0.6753000054758446
0.17838532384837957,0.17802811640545152,0.7177054347490511
0.19104944530027057,0.17040902353581985,0.6302505790926226
0.15871241019493176,0.18704911848095826,0.8635060000199952
0.1706371739880211,0.17965382035403332,0.7598216574023615
0.1784099653585916,0.1807317137990943,0.7327601546042155
0.18707991917794875,0.17854307859154428,0.6871024915788811
0.18026859784208313,0.17506717151629808,0.6937823504116787
0.17924687495181585,0.18776186931699015,0.7685593924804688
0.17963326254880016,0.18136309677791337,0.7312849241505399
0.17274233661557215,0.1918693852006961,0.8212774469782588
0.17564178832873736,0.16537441055448995,0.6568733537291885
0.17238175903867797,0.1924640863241001,0.8264452522040621
0.1901434990810351,0.18215006226822333,0.6950017376713143
0.17610447921094924,0.1602202858127422,0.6258800815663143
0.1839422772459552,0.17574937857364328,0.683634999285671
0.1898406954294322,0.16090032346699618,0.5841757122524879
0.17898287491231052,0.18627893489515696,0.7614076763596763
0.18184828484087145,0.17208361282032897,0.671348717570582
0.18218981572291376,0.17989960184327933,0.7129904672654105
0.16219925121109582,0.19314474947580748,0.8825241078919058
0.16384520316141946,0.19054380982892616,0.8577840981433135
0.19069835776662122,0.1785228935575204,0.673959099924752
0.1834837491651708,0.17892951421607656,0.7026753857095819
0.16884147334873428,0.20087654083795672,0.8935988169584861
0.18953340644360997,0.17527951539060002,0.6609890981296387
0.18027857266917172,0.1771333046284904,0.7052047436707415
0.17807975326189246,0.1856051071009908,0.7614852593689498
0.1763525266685502,0.16952939155341964,0.6777866686201321
0.18509356568585272,0.1864649097789419,0.7372752762813749
0.17867299673530893,0.1600508507479576,0.6159344319443523
0.19216423670819338,0.168238933865771,0.6153014519830764
0.1809357543434568,0.19471096639077082,0.7997919864753585
0.1814538746434104,0.1722830931117387,0.6739073130956671
0.19027045506239149,0.16895302886677901,0.6251786638538978
0.1774624892962532,0.1772919362770316,0.7172892524038271
0.1724067793888279,0.17485089396203082,0.7241646436678422
0.17403269312723854,0.1633786605580466,0.6514790900532312
0.18255695291224094,0.17506427114294212,0.6850698872206922
0.1762468660599952,0.18005719200681153,0.737926267367157
0.19067980303646265,0.19528525152686546,0.7619330899931932
0.1680260390009915,0.19132315583426887,0.8410788986904281
0.178882562074419,0.16855937689045594,0.6627777214032338
0.1972432832296797,0.17181670244798808,0.6175962012665281
0.19296117025112305,0.20021079357399454,0.7784508840742806
0.17640857377734867,0.19730680052160526,0.8350319792706122
0.17067606802798518,0.16432675232649926,0.6698464151854816
0.16531777853054516,0.19284761462583985,0.8640789629256143
0.18005439229774048,0.18356443473037876,0.7418004805432057
0.17773511573424713,0.1899734779081388,0.7875398023057512
0.1829529655798265,0.17183706690669331,0.6659474828437971
0.18155253298859342,0.18479838615830724,0.7424759321136895
0.18191417171769358,0.1716194770870883,0.6685541645200981
0.17510084405627366,0.1840110552483565,0.7653364321035951
0.1697090757321454,0.1785791242792961,0.7576443612375487
0.18696249046924135,0.1850028049192379,0.722084973196526
0.1795946329038779,0.18066644881367033,0.7275632166781134
0.16959998847971955,0.17013624631457533,0.7083505570458278
0.17752560996481687,0.18020503945312763,0.7334436956951308
0.18266578940393316,0.19110935178284444,0.7725001613236183
0.17322443347868482,0.17072385832897502,0.696921651897508
0.1882746967703619,0.18199160758519742,0.7010586650748251
0.18068758692443468,0.18444749927892673,0.7440881887207559
0.1841264375767088,0.19439075952102716,0.7841935216982222
0.18005479778102904,0.1769766460754137,0.7052111226152077
0.17394920598182098,0.18089279539954026,0.7524771076748665
0.1810979742358422,0.17811886126087842,0.7074560706793462
0.17865552308235563,0.18606673920848935,0.7616150727440205
0.1806479497283192,0.1927496950645806,0.7902093285822799
0.1809627174750454,0.15028363840048006,0.5541673986759681
0.1886778583721113,0.16522687295574812,0.6107069157447037
0.1910380002397781,0.18894129929548642,0.7272966588903601
0.18417348054624993,0.17617807039672403,0.6851044462128085
0.17455279981448754,0.19634415932619886,0.8383947979163414
0.16952390124584374,0.17781651510762406,0.7539734171305107
0.1647307215055322,0.1689024262906549,0.7217987343463543
0.1844518004634751,0.1816587367686458,0.7137839611097573
0.192212351669843,0.17016031276717433,0.625143554632586
0.17372618207010684,0.15215458190455006,0.5880206465558875
0.17852498281840412,0.1752743728880885,0.7017190026312328
0.18037960947753934,0.1842033262604287,0.744004971787787
0.1749109771024045,0.179605987076547,0.7409825799593303
0.17966534519678287,0.18313523000975,0.7410178622033667
0.17183896135643992,0.16833297078151876,0.6886271300026341
0.180409461235058,0.1914719428513652,0.7841714169693099
0.18929927268747035,0.1525591405481032,0.5417830670560815
0.1932453217167127,0.17772238964343795,0.6609339284842929
0.18143958185007675,0.18802253137747962,0.7607079445957246
0.1868420776341617,0.19387794741881845,0.7700511000553774
0.17820454468079608,0.1660519964611433,0.6512291629207223
0.17959452289598105,0.15666431435898423,0.5939174126193308
0.19779086016406242,0.1828205771471657,0.6715202969287584
0.18657177892371588,0.15540146977454103,0.5649379042348994
0.1756395549768442,0.17067918498341964,0.6870843244810636
0.18424326674718122,0.1887606455764073,0.7531382178911035
0.19342525928200727,0.18861866308109831,0.7166523317360385
0.1913772740632646,0.19480609333932952,0.7566525024881492
0.17027636267019314,0.19894102971309774,0.8747017341542607
0.17365921961188896,0.185240698419106,0.7787706216885892
0.18338642070134584,0.18378857886164535,0.7295446323123722
0.1769434825133682,0.18240014315682315,0.7482623336907603
0.18259965536908693,0.19794213012319611,0.8101993939920759
0.18202039188485122,0.18130964420653367,0.7214007334387132
0.17789167942236245,0.1708144898864737,0.6791463787332502
0.17364226565306928,0.15758084161747404,0.6195544685670972
0.18013943975932276,0.17166768820944728,0.6754083857038897
0.1779580753280362,0.17742745059146717,0.7160532072319605
0.1812079440722356,0.18633832884173432,0.7523860476414062
0.17354393179230074,0.17792029500705225,0.7371061245756991
0.1898904669851285,0.18049497137265316,0.6872118092314399
0.17353173174309416,0.1904188871257126,0.8091827685647509
0.1786828472745645,0.17716898582814788,0.7117022577591889
0.17766789669251865,0.19394975403690243,0.8102181469848173
0.17235182254711331,0.1927295162869419,0.8281288481758063
0.1656474416527228,0.16645006159119521,0.7029994573374149
0.17289951922777594,0.1715046610415678,0.7027472464021076
0.18367852063795181,0.16829115282070342,0.6440118986686895
0.19062506720305175,0.16997135044485828,0.6293576820988925
0.18330896351239356,0.17199999734638563,0.6655429991460138
0.16993279977260936,0.17743641371308067,0.7499224039361796
0.18084040744594845,0.19052575751408982,0.7770705645865771
0.18402224809607048,0.18292735200099297,0.7223439196960416
0.16292765283382002,0.17743589006789304,0.782162437446225
0.18189704658506461,0.18215908783633836,0.7265598332545428
0.1749768812276501,0.1823666083226289,0.756480555567887
0.19221229857308686,0.18122603009179183,0.6827140150030224
0.18579863044279304,0.17435188921696726,0.6692831315312354
0.18364737202708317,0.16703457521926413,0.6372787910191526
0.19558481399855707,0.18159184431818676,0.6728121760984858
0.17593653568668308,0.18402045002311704,0.7617545127851534
0.17152327785266844,0.17724308235253486,0.7418414803256704
0.18728191717306705,0.16626632612937858,0.6208091410231399
0.1818058172246638,0.15965056597830257,0.6031191281564084
0.17360438735121062,0.18052856225433797,0.7518736377916069
0.17355615080700793,0.18070227837405425,0.7530835281049382
0.1883212873548236,0.15660390529813406,0.5660746418819739
0.1827052936580703,0.18185082953274156,0.7216585074951252
0.17146045767191664,0.20029737522496413,0.876571643781289
0.17810765359071834,0.19101221756370518,0.7917246379975538
0.1827811193152991,0.18834138787746602,0.756869136132304
0.17955581390023104,0.1924895924693324,0.7935671331060646
0.1876484124140471,0.1472297654611478,0.5181486174613077
0.17050473545184455,0.16870370305420188,0.696190066156416
0.1824663709676375,0.1885479538414609,0.7593067868162621
0.20194211416665647,0.17271502416838797,0.6076742569264929
0.17534953275295737,0.15609378428110446,0.6050417278874393
0.1828440876725005,0.2044944113218901,0.8449516376958897
0.1881843518820388,0.17956262670728762,0.6884877802618917
0.17497127438010046,0.17041871817150336,0.6882199298035097
0.18916134316469985,0.18269551863689676,0.7014938486737263
0.17040373423792693,0.1731671332352563,0.7227959750182684
0.17884234590826956,0.1903489866283766,0.7847637309586808
0.18115408964111251,0.1879875210023291,0.7617135294913768
0.18588073851475206,0.18167140421723638,0.7083649724513362
0.18468242507479968,0.19075418505101305,0.7621417413920415
0.18851579573864796,0.20929700048855893,0.8450061166725944
0.18562976230916026,0.1746237809742172,0.6713566802216792
0.18705358991427007,0.20256262969961678,0.8156092046644968
0.1746861977775102,0.18753993421436144,0.7873543300171875
0.17607871835945557,0.18973810190874027,0.7936115347197846
0.17330122050105362,0.19153262459389464,0.8166856770234585
0.17427093656825568,0.19472494002497334,0.8304594149483425
0.17799313950912482,0.17972086670990456,0.7287970034555991
0.16898849244747638,0.1819675609432614,0.7809263165317513
0.1821627718141685,0.17861755948695013,0.7060584234969702
0.18993443883860536,0.16808439526122002,0.6217113440999549
0.1903294581802381,0.18440521777803282,0.7061713886179082
0.17518699774634672,0.17502989935809138,0.7136939439941896
0.171718091169037,0.18103671335070526,0.7630920682766877
0.1864239883752587,0.1850874358758957,0.7246247494929353
0.16664511036842333,0.197727723178997,0.8864809945662177
0.1878288804811984,0.18345778513228136,0.7105285661628613
0.16742513233093534,0.17499495086527173,0.7465722088736629
0.17095120283254248,0.1666482235666591,0.6823480714606226
0.1931162439566703,0.1756754153904579,0.6507759928194121
0.18270740202525756,0.17995215867437642,0.7112583137513595
0.18220488108509322,0.17589204377719547,0.6909367247873094
0.1802114509409578,0.1795092733009263,0.7186517428537718
0.18678568312154703,0.18897064939511188,0.7440112490028453
0.18587742129006904,0.20646077323645823,0.8417416819673598
0.18764339190430748,0.17495606385324183,0.6659230713382419
0.18315303537145536,0.17859198022572798,0.702101278119299
0.17706580110442555,0.1758450531584318,0.7107247835182695
0.1861697220589087,0.1875745725824771,0.738973937657516
0.18770294751649502,0.18161879802873662,0.7012079446284143
0.19600560123569152,0.19769777433284694,0.7535385387035153
0.18924727792479373,0.1695154793548998,0.6315307710919619
0.18282783837526612,0.17749479742556562,0.6973489297831887
0.19030864353183885,0.19333327929445335,0.7531622139405009
0.17558061229497704,0.1923915628957762,0.8109754319375369
0.17842355368738497,0.19149020193365082,0.7930018151166023
0.1886752988512939,0.1862071596671183,0.7219130458326246
0.18528768336346163,0.1833980331153502,0.7199508930859461
0.17763172697310733,0.1912353578597914,0.7951020927763306
0.16730042231387737,0.1699718738914607,0.7171044294579116
0.18120751077935018,0.18168708293348673,0.7267197831211165
0.1757478822623778,0.18369696949372677,0.7607316103765489
0.17126909559098297,0.1831654090966175,0.777521529130025
0.2013128558583651,0.15506203910159133,0.5218844005447341
0.17314021423379294,0.190603393573598,0.8120782002945882
0.17472018874065254,0.1846781104863584,0.7708216861319276
0.17542795238606762,0.19494446877014646,0.8262336007386348
0.17967057782143267,0.18133002673938864,0.730948986371671
0.1730460753484439,0.18961856165129723,0.8068288250407449
0.19289694432757315,0.18631988194263613,0.7066979853819811
0.18427470777043345,0.19477220062926656,0.7856325069288482
0.17721291091408808,0.18000966407316227,0.7336353959909292
0.19101652144616005,0.17045745259144673,0.6306127432301655
0.1907361101673907,0.21031811560660837,0.840523147221114
0.18893041255784124,0.20192739747420274,0.8041447399459313
0.1767694746609144,0.16450332168914727,0.6477550601357598
0.17857057200151835,0.18518848339009955,0.7570591384393955
0.17214554006664415,0.18012506578737886,0.7559014641738755
0.18061856763711762,0.1730799301043561,0.6814356448205098
0.1757162026284111,0.17516788308107323,0.7123297749938694
0.18585160414212548,0.18191151514418338,0.7097679665078772
0.16878053886238356,0.1682212603601419,0.7004436717466251
0.18094912374226998,0.18626950986077828,0.7530818997215488
0.17446992769692357,0.16526154596427706,0.6606384692524261
0.18440265949331788,0.17639227747382458,0.6854146128971887
0.17943232138047258,0.19198582659405783,0.7913057441473307
0.17955932955646856,0.157774178493898,0.6002148635780282
0.1896415726875984,0.18071752039678862,0.6892872619872388
0.1762854103045602,0.191070154535342,0.8002372646245743
0.19035230909013104,0.15858548613566023,0.5704448065520731
0.18268583022169999,0.16595947806097539,0.6347480695150344
0.17439757879283152,0.18224904291852848,0.758319260129341
0.17492080365027596,0.1772776256284559,0.7276300072513137
0.18581245524614612,0.18352365546987745,0.7185936771192135
0.1843312185455036,0.167541926943972,0.6376669555567216
0.1784008052586655,0.1996226437621778,0.8386881636842285
0.18261133847488223,0.18487605544090285,0.7385962808626736
0.17309779057258776,0.17578767176004942,0.7266855997639146
0.1902418047732031,0.18359275912995737,0.702226092152669
0.16520761958583646,0.16357871724428175,0.6874907920652532
0.17632726167241056,0.20024796762201735,0.8520972094556508
0.18935483862827795,0.16571605809164744,0.6111069510022364
0.1878803868005544,0.18473981301152206,0.7171574175784294
0.17464231637851405,0.17693478922137623,0.7268272195053914
0.1853211551049138,0.1803403792686788,0.7033216428793069
0.17738232913787821,0.15470477753439513,0.5902773858212715
0.17201971240834008,0.16743602852543946,0.6826893667085666
0.18889288165986545,0.18446442346546912,0.7118554298281908
0.16849127075330378,0.15554163557367395,0.6263923056773817
0.18859870062709788,0.2026660330877271,0.8094755296834321
0.18521242233444576,0.17540585943891385,0.6770920538605304
0.19520455398036807,0.18394647140073636,0.686185176879672
0.1746129076493275,0.17966081451318142,0.7425614535528914
0.17527069624535194,0.17903743955300677,0.7362179891861346
0.1805142125200553,0.19086962415522596,0.7803796841734842
0.19176438140780505,0.1773558150306358,0.6641265395360447
0.19254892871219678,0.1661641738177838,0.6032969105292432
0.18519530943364992,0.18504935915803816,0.7292266719445312
0.1723995304098099,0.17715698426817791,0.7375715233441401
0.18759147448062186,0.18257073336965565,0.7066991383094553
0.17504584121644023,0.18912586720429098,0.7947967585945958
0.18017668062534242,0.18261280775626634,0.7360153783275654
0.18501064208390572,0.15593387839253592,0.572582621190477
0.18026420921235725,0.17729865052283106,0.7061781763504091
0.1822767952739541,0.19388714124401776,0.7893881447046599
0.1767253886128322,0.16977191048309076,0.6777289410605601
0.16787981006122607,0.17176783522336705,0.7253274540813341
0.19038334896468148,0.18069343815756492,0.6864751506278535
0.1803122525562631,0.17017200017271492,0.6664660801972815
0.1711819045874986,0.17678026361674878,0.7406172043841573
0.17248406995458512,0.1931976978031298,0.8302082496130431
0.18029484018955666,0.20086156942888006,0.8367492340339229
0.17967049431998766,0.17263177361453144,0.6825370747638062
0.18265995122217157,0.1722725933190497,0.6694001202832253
0.18197164587711875,0.17596682472727515,0.6922332549123486
0.17756661923584946,0.17882325994503273,0.725492553157898
0.1784188448648518,0.1756483437670353,0.7042324697383344
0.1952049447558885,0.16586959489367567,0.593579199740945
0.18009863923215308,0.1877816607616496,0.7650344352910102
0.1771728474899501,0.16802268687452437,0.6661443248589153
0.18752679516091295,0.16880184320999822,0.6335192957788073
0.17305642108009267,0.1673432363199856,0.678063463855396
0.17232859049390156,0.18555837553699697,0.7866273097718753
0.17556898262400453,0.15169049698329357,0.5792053668219526
0.17798241348470428,0.16399714764591503,0.6404966952294524
0.17823179918159313,0.17263087114107045,0.6880414813976424
0.18446773432288044,0.16845348602399512,0.642136612447691
0.16587756574012785,0.16625507895907943,0.700848715981343
0.181427505336672,0.18579947362677054,0.7485054340287031
0.17403901374708036,0.1871383548742439,0.7879747875010267
0.18136221916039402,0.1786655799946688,0.7094398193312739
0.18077047710385977,0.18506816041285387,0.7471804167184438
0.17804322552259153,0.1933680238081603,0.8052427908298516
0.17875392397772052,0.17957752670905852,0.724893327238001
0.18989512446305654,0.1835660631265899,0.703367521963813
0.1783161690968135,0.17372214759481358,0.6938358322830551
0.18792624784747286,0.18676876674035608,0.7277789468311108
0.1730061212749797,0.1713938250869943,0.7016735835262633
0.19250569258339334,0.15303241297868966,0.5352174867974675
0.18447005683360626,0.1822102324381165,0.71670294197053
0.16857662953819302,0.17712191191414714,0.7540897707018526
0.1705333181451746,0.16288649386388343,0.6619615163283424
0.1816190409985436,0.19111874314238744,0.7770041200884827
0.18827179423699464,0.16222630898431356,0.5960866811682063
0.17118103256900077,0.17109845651507666,0.707429174235548
0.17898372463873485,0.17395354787285164,0.6925408895308359
0.17841081227594777,0.19579782516077715,0.8172028550336504
